-- phpMyAdmin SQL Dump
-- version 4.1.12
-- http://www.phpmyadmin.net
--
-- Host: 127.0.0.1
-- Generation Time: Jan 22, 2016 at 10:29 AM
-- Server version: 5.6.16
-- PHP Version: 5.5.11

SET SQL_MODE = "NO_AUTO_VALUE_ON_ZERO";
SET time_zone = "+00:00";


/*!40101 SET @OLD_CHARACTER_SET_CLIENT=@@CHARACTER_SET_CLIENT */;
/*!40101 SET @OLD_CHARACTER_SET_RESULTS=@@CHARACTER_SET_RESULTS */;
/*!40101 SET @OLD_COLLATION_CONNECTION=@@COLLATION_CONNECTION */;
/*!40101 SET NAMES utf8 */;

--
-- Database: `demolanka`
--

-- --------------------------------------------------------

--
-- Table structure for table `cheque`
--

CREATE TABLE IF NOT EXISTS `cheque` (
  `id` int(11) NOT NULL AUTO_INCREMENT,
  `debtid` int(11) DEFAULT NULL,
  `cheque_no` varchar(200) DEFAULT NULL,
  `delear_Name` varchar(200) DEFAULT NULL,
  `bank` varchar(200) DEFAULT NULL,
  `account_number` varchar(200) DEFAULT NULL,
  `added_date` varchar(200) DEFAULT NULL,
  `added_time` varchar(200) DEFAULT NULL,
  `check_date` varchar(200) DEFAULT NULL,
  `amount` double DEFAULT NULL,
  `status` int(11) DEFAULT NULL,
  `cheque_status` int(11) NOT NULL DEFAULT '3' COMMENT 'Paid=1,Reject=2,Pending=3,Deposit=4',
  PRIMARY KEY (`id`)
) ENGINE=InnoDB  DEFAULT CHARSET=latin1 AUTO_INCREMENT=3 ;

--
-- Dumping data for table `cheque`
--

INSERT INTO `cheque` (`id`, `debtid`, `cheque_no`, `delear_Name`, `bank`, `account_number`, `added_date`, `added_time`, `check_date`, `amount`, `status`, `cheque_status`) VALUES
(1, 5, '1234568977', 'gaya', 'RDB', '1005875421', '2015-11-10', '10:04:09', '2015-11-10', 50000, 1, 1),
(2, 29, '111111', 'dasu', 'RDB', '784522', '2016-01-21', '08:46:06', '2016-01-21', 96289.92, 1, 4);

-- --------------------------------------------------------

--
-- Table structure for table `cheque_bank`
--

CREATE TABLE IF NOT EXISTS `cheque_bank` (
  `model_id` int(20) NOT NULL AUTO_INCREMENT,
  `bank_name` varchar(500) NOT NULL,
  `added_date` varchar(500) NOT NULL,
  `description` varchar(500) NOT NULL,
  `status` varchar(50) NOT NULL,
  PRIMARY KEY (`model_id`)
) ENGINE=InnoDB  DEFAULT CHARSET=latin1 AUTO_INCREMENT=4 ;

--
-- Dumping data for table `cheque_bank`
--

INSERT INTO `cheque_bank` (`model_id`, `bank_name`, `added_date`, `description`, `status`) VALUES
(1, 'RDB', '2015-06-16', '-', '1'),
(2, 'HSBC', '2015-06-16', '-', '1'),
(3, 'BOC', '2015-06-16', '-', '1');

-- --------------------------------------------------------

--
-- Table structure for table `customer`
--

CREATE TABLE IF NOT EXISTS `customer` (
  `id` int(11) NOT NULL AUTO_INCREMENT,
  `customer_acc_no` varchar(45) DEFAULT NULL,
  `customer_name` varchar(1000) NOT NULL,
  `contact_no` varchar(40) DEFAULT NULL,
  `address` varchar(1000) DEFAULT NULL,
  `customer_type` int(11) DEFAULT NULL,
  `added_date` varchar(45) DEFAULT NULL,
  `added_time` varchar(45) DEFAULT NULL,
  `status` int(11) DEFAULT NULL,
  PRIMARY KEY (`id`)
) ENGINE=InnoDB  DEFAULT CHARSET=latin1 AUTO_INCREMENT=29 ;

--
-- Dumping data for table `customer`
--

INSERT INTO `customer` (`id`, `customer_acc_no`, `customer_name`, `contact_no`, `address`, `customer_type`, `added_date`, `added_time`, `status`) VALUES
(1, 'C00001', 'General', '-', '-', NULL, '2014-08-21', '10:00:00', 1),
(2, 'RT00002', 'dg marketing', '', '', 2, '2014-10-29', '10:10:21', 1),
(3, 'RT00003', 'dg marketing', '', '', 2, '2014-10-29', '10:10:48', 1),
(4, 'G00004', 'Malith Perera', '091545522', '6546546', 3, '2015-03-04', '14:38:28', 1),
(5, 'WS00005', 'ga', '07777', 'fgth', 2, '2015-03-07', '08:44:33', 0),
(6, 'RT00006', 'kamala', '789455', 'asdsdsd', 1, '2015-03-10', '11:12:14', 0),
(7, '00006', 'sds', '1111', 'wwww', 1, '2015-03-11', '09:43:58', 0),
(10, 'rr00008', 'waru', '1222', 'we', 4, '2015-03-12', '09:47:27', 0),
(11, 'WS00009', 'kamal', '89555', 'cxc', 1, '2015-03-12', '09:50:42', 0),
(12, 'G00010', 'gaya', '87488', 'fdsffdfd', 3, '2015-03-13', '11:42:18', 0),
(13, '00005', 'gaya', '789456', 'akkkkkk', 1, '2015-03-14', '08:31:32', 1),
(14, 'sw00006', 'hasina', '5255', 'No:76/kegalla', 5, '2015-03-19', '10:11:30', 1),
(15, '00007', 'dasu', '2222', 'ddfdf', 1, '2015-03-19', '10:35:40', 1),
(18, '00008', 'Deepika', '01111', 'Galle', 1, '2015-04-06', '10:05:19', 1),
(20, '00010', 'ganesh', '123455', 'www', 1, '2015-05-19', '10:57:38', 1),
(21, 'WS00011', 'kalana', '077854623', 'gampaha', 1, '2015-05-20', '09:15:36', 0),
(22, '00012', 'saman', '78888', '', 1, '2015-05-22', '15:48:46', 1),
(23, 'RT00013', 'hasitha', '0118574958', 'No:24/c,gampaha', 1, '2015-06-04', '13:24:02', 0),
(24, '00013', 'sugath', '784555', 'matar', 1, '2015-06-11', '13:53:45', 1),
(25, 'WS00014', 'sanju', '1117455', 'gale', 1, '2015-06-11', '14:17:21', 1),
(26, '00015', 'test', '', '', 1, '2015-09-15', '11:42:45', 1),
(27, 'WS00016', 'Test', '0112245789', '', 1, '2016-01-13', '15:51:13', 1),
(28, '00017', 'qqqq', '', 'C', 1, '2016-01-18', '13:17:19', 1);

-- --------------------------------------------------------

--
-- Table structure for table `customer_vehicles`
--

CREATE TABLE IF NOT EXISTS `customer_vehicles` (
  `vehicle_id` int(11) NOT NULL AUTO_INCREMENT,
  `customer_id` int(11) NOT NULL,
  `vehicle_reg_no` varchar(45) DEFAULT NULL,
  `vehicle_model` int(11) DEFAULT NULL,
  `added_date` varchar(45) DEFAULT NULL,
  `added_time` varchar(45) DEFAULT NULL,
  `status` int(11) DEFAULT NULL,
  PRIMARY KEY (`vehicle_id`),
  KEY `cust_id_idx` (`customer_id`)
) ENGINE=InnoDB  DEFAULT CHARSET=latin1 AUTO_INCREMENT=29 ;

--
-- Dumping data for table `customer_vehicles`
--

INSERT INTO `customer_vehicles` (`vehicle_id`, `customer_id`, `vehicle_reg_no`, `vehicle_model`, `added_date`, `added_time`, `status`) VALUES
(1, 1, '--', 1, '2014-11-25', '12:42:25', 1),
(2, 2, '3434-34-344', 4, '2015-03-01', '17:02:01', 1),
(3, 4, '1231-231-213', 2, '2015-03-04', '14:38:04', 1),
(4, 5, 'sp01-222-222', 1, '2015-03-07', '08:44:41', 1),
(5, 5, 'sp00-111-222', 1, '2015-03-07', '08:46:07', 0),
(6, 5, 'sp-000-111', 2, '2015-03-07', '09:07:07', 0),
(7, 1, 'sp-123-567', 1, '2015-03-09', '09:18:09', 1),
(8, 1, 'sp1-234-456', 3, '2015-03-09', '11:47:09', 0),
(9, 2, 'xp-2333-2333', 1, '2015-03-12', '09:30:12', 1),
(11, 1, '--', 1, '2015-03-13', '10:50:13', 0),
(12, 12, '22-22-33', 1, '2015-03-13', '11:42:19', 0),
(13, 1, '33-33-44', 1, '2015-03-13', '17:06:13', 1),
(14, 1, '11-11-11', 1, '2015-03-18', '11:58:18', 1),
(15, 14, '222-222-222', 1, '2015-03-19', '10:12:19', 1),
(16, 13, '--', 1, '2015-03-21', '10:54:21', 1),
(17, 13, 'sp-666-333', 1, '2015-03-25', '11:52:25', 1),
(18, 1, '--', 3, '2015-03-25', '11:53:25', 1),
(19, 13, 'sp-111-2333', 2, '2015-04-09', '10:45:09', 1),
(20, 21, 'sp-222-855', 2, '2015-05-20', '09:15:38', 1),
(22, 1, 'WP-142-563', 2, '2015-06-03', '15:11:03', 1),
(23, 23, 'Sp-111-111', 1, '2015-06-04', '13:25:11', 1),
(24, 1, 'WP-111-111', 1, '2015-06-04', '15:07:04', 0),
(25, 25, 'sp-111-111', 1, '2015-06-11', '14:17:22', 1),
(26, 25, 'wp-123-123', 2, '2015-06-11', '14:19:11', 1),
(27, 26, '450-11-11', 9, '2015-09-19', '13:07:19', 1),
(28, 1, 'wp-123-333', 1, '2016-01-18', '13:16:18', 1);

-- --------------------------------------------------------

--
-- Table structure for table `debt`
--

CREATE TABLE IF NOT EXISTS `debt` (
  `debtid` int(11) NOT NULL AUTO_INCREMENT,
  `custid` int(11) NOT NULL,
  `vehicle_id` int(11) DEFAULT NULL,
  `salesorderid` int(11) NOT NULL,
  `debtdate` varchar(45) DEFAULT NULL,
  `debtenddate` varchar(45) DEFAULT NULL,
  `debtamount` double DEFAULT NULL,
  `status` int(11) DEFAULT NULL COMMENT '1-Paid 2-Pending',
  PRIMARY KEY (`debtid`)
) ENGINE=InnoDB  DEFAULT CHARSET=latin1 AUTO_INCREMENT=32 ;

--
-- Dumping data for table `debt`
--

INSERT INTO `debt` (`debtid`, `custid`, `vehicle_id`, `salesorderid`, `debtdate`, `debtenddate`, `debtamount`, `status`) VALUES
(1, 13, 1, 2, '2015-10-30', '2015-11-29', 40000, 1),
(2, 15, 0, 3, '2015-10-30', '2015-11-29', 1180000, 1),
(3, 26, 0, 5, '2015-10-30', '2015-11-29', 500000, 1),
(4, 13, 19, 6, '2015-11-02', '2015-12-02', 4000, 1),
(5, 13, 19, 7, '2015-11-02', '2015-12-02', 100000, 1),
(6, 13, 19, 8, '2015-11-02', '2015-12-02', 79000, 1),
(7, 24, 0, 9, '2015-11-09', '2015-12-09', 20000, 1),
(8, 24, 0, 10, '2015-11-09', '2015-12-09', 19600, 1),
(9, 24, 0, 11, '2015-11-09', '2015-12-09', 519000, 1),
(10, 26, 0, 12, '2015-11-10', '2015-12-10', 800000, 1),
(11, 18, 0, 13, '2015-11-16', '2015-12-16', 4000, 1),
(12, 26, 0, 14, '2015-11-18', '2015-12-18', 720000, 1),
(13, 15, 0, 15, '2015-11-18', '2015-12-18', 200000, 1),
(14, 13, 1, 16, '2015-11-19', '2015-12-19', 400, 1),
(15, 18, 0, 17, '2015-11-19', '2015-12-19', 24000, 1),
(16, 18, 0, 18, '2015-11-19', '2015-12-19', 20000, 1),
(17, 18, 0, 19, '2015-11-19', '2015-12-19', 0, 1),
(18, 15, 0, 20, '2015-11-19', '2015-12-19', 0, 1),
(19, 25, 23, 21, '2015-11-23', '2015-12-23', 5200, 1),
(20, 25, 23, 22, '2015-11-23', '2015-12-23', 9000, 1),
(21, 15, 0, 23, '2015-11-23', '2015-12-23', 2700, 1),
(22, 13, 1, 24, '2015-11-23', '2015-12-23', 4000, 1),
(23, 13, 1, 25, '2015-11-23', '2015-12-23', 2000, 1),
(24, 15, 0, 26, '2015-11-23', '2015-12-23', 133736, 1),
(25, 26, 0, 27, '2015-11-23', '2015-12-23', 2000000, 1),
(26, 18, 0, 28, '2015-11-23', '2015-12-23', 40000, 1),
(27, 14, 0, 29, '2015-12-11', '2016-01-10', 294, 1),
(28, 26, 0, 30, '2016-01-13', '2016-02-12', 13434, 2),
(29, 15, 0, 34, '2016-01-21', '2016-02-20', 96289.92, 2),
(30, 28, 0, 35, '2016-01-21', '2016-02-20', 7148.06, 2),
(31, 28, 0, 36, '2016-01-21', '2016-02-20', 10878.42, 2);

-- --------------------------------------------------------

--
-- Table structure for table `debtdetail`
--

CREATE TABLE IF NOT EXISTS `debtdetail` (
  `detailID` int(11) NOT NULL AUTO_INCREMENT,
  `debtid` int(11) DEFAULT NULL,
  `paymentdate` varchar(45) DEFAULT NULL,
  `paidamount` double DEFAULT NULL,
  `status` int(11) DEFAULT NULL,
  PRIMARY KEY (`detailID`),
  KEY `fk_debtid_idx` (`debtid`)
) ENGINE=InnoDB  DEFAULT CHARSET=latin1 AUTO_INCREMENT=30 ;

--
-- Dumping data for table `debtdetail`
--

INSERT INTO `debtdetail` (`detailID`, `debtid`, `paymentdate`, `paidamount`, `status`) VALUES
(1, 4, '2015-11-10', 4000, 1),
(2, 5, 'Tue Nov 10 10:04:38 IST 2015', 50000, 1),
(3, 5, '2015-11-10', 50000, 1),
(4, 6, '2015-11-10', 79000, 1),
(5, 21, '2015-11-23', 4500, 1),
(6, 25, '2015-11-23', 228000, 1),
(7, 25, '2015-11-23', 2052000, 1),
(8, 3, '2016-01-12', 500000, 1),
(9, 10, '2016-01-12', 800000, 1),
(10, 12, '2016-01-12', 720000, 1),
(11, 19, '2016-01-12', 5200, 1),
(12, 20, '2016-01-12', 9000, 1),
(13, 7, '2016-01-12', 20000, 1),
(14, 8, '2016-01-12', 19600, 1),
(15, 9, '2016-01-12', 519000, 1),
(16, 11, '2016-01-12', 4000, 1),
(17, 15, '2016-01-12', 24000, 1),
(18, 16, '2016-01-12', 20000, 1),
(19, 17, '2016-01-12', 0, 1),
(20, 26, '2016-01-12', 40000, 1),
(21, 27, '2016-01-12', 294, 1),
(22, 2, '2016-01-12', 1180000, 1),
(23, 24, '2016-01-12', 133736, 1),
(24, 13, '2016-01-12', 200000, 1),
(25, 18, '2016-01-12', 0, 1),
(26, 1, '2016-01-12', 40000, 1),
(27, 14, '2016-01-12', 400, 1),
(28, 23, '2016-01-12', 2000, 1),
(29, 22, '2016-01-12', 4000, 1);

-- --------------------------------------------------------

--
-- Table structure for table `deliverorder`
--

CREATE TABLE IF NOT EXISTS `deliverorder` (
  `deliver_order_id` int(11) NOT NULL AUTO_INCREMENT,
  `invoiced_date` varchar(45) DEFAULT NULL,
  `invoiced_time` varchar(45) DEFAULT NULL,
  `amount` double DEFAULT NULL,
  `invoice_no` varchar(45) DEFAULT NULL,
  `wip_no` varchar(45) DEFAULT NULL,
  `due_date` varchar(45) DEFAULT NULL,
  `time_stamp` timestamp NULL DEFAULT NULL,
  `admin_deliver_order_id` int(11) DEFAULT NULL,
  `status` int(1) DEFAULT NULL,
  PRIMARY KEY (`deliver_order_id`) USING BTREE
) ENGINE=InnoDB  DEFAULT CHARSET=latin1 AUTO_INCREMENT=83 ;

--
-- Dumping data for table `deliverorder`
--

INSERT INTO `deliverorder` (`deliver_order_id`, `invoiced_date`, `invoiced_time`, `amount`, `invoice_no`, `wip_no`, `due_date`, `time_stamp`, `admin_deliver_order_id`, `status`) VALUES
(1, '2014-06-20', '13:17', 3969.03, '1009093', '59912', '2014-07-20', '0000-00-00 00:00:00', 202, 1),
(2, '2014-07-11', '08:29', 20129.67, '1009309', '64440', '2014-08-10', '0000-00-00 00:00:00', 203, 1),
(3, '2014-07-11', '17:56', 5371.05, '1009318', '64657', '2014-08-10', '0000-00-00 00:00:00', 204, 1),
(4, '2014-04-08', '11:49', 25848.68, '1003309', '38007', '2014-05-08', '0000-00-00 00:00:00', 703, 1),
(5, '2014-04-25', '14:34', 35726.12, '1003340', '40868', '2014-05-25', '0000-00-00 00:00:00', 704, 1),
(6, '2014-04-25', '14:35', 11150.74, '1003341', '39823', '2014-05-25', '0000-00-00 00:00:00', 705, 1),
(7, '2014-05-06', '15:51', 40636.78, '1003380', '42302', '2014-06-05', '0000-00-00 00:00:00', 706, 1),
(8, '2014-05-27', '13:23', 45079.56, '1003446', '45648', '2014-06-26', '0000-00-00 00:00:00', 707, 1),
(9, '2014-06-10', '13:33', 117092.3, '1003491', '48236', '2014-07-10', '0000-00-00 00:00:00', 1796, 1),
(10, '2014-06-20', '13:16', 55921.84, '1003530', '49946', '2014-07-20', '0000-00-00 00:00:00', 1797, 1),
(11, '2014-07-01', '15:21', 81568.96, '1003569', '51863', '2014-07-31', '0000-00-00 00:00:00', 1798, 1),
(12, '2014-07-08', '13:04', 50972.12, '1003594', '53006', '2014-08-07', '0000-00-00 00:00:00', 1799, 1),
(13, '2014-07-11', '08:59', 76589.77, '1003607', '53766', '2014-08-10', '0000-00-00 00:00:00', 1800, 1),
(14, '2014-07-11', '12:03', 2166.77, '1003610', '53890', '2014-08-10', '0000-00-00 00:00:00', 1801, 1),
(15, '2014-07-18', '16:41', 37223.56, '1003630', '55448', '2014-08-17', '0000-00-00 00:00:00', 1802, 1),
(16, '2014-07-22', '17:17', 73211.29, '1003646', '56050', '2014-08-21', '2014-08-18 17:03:59', 3073, 1),
(17, '2014-07-29', '10:07', 99032.43, '1003675', '57101', '2014-08-28', '2014-08-18 17:04:05', 3074, 1),
(18, '2014-07-30', '14:55', 206581.19, '1003690', '57397', '2014-08-29', '2014-08-18 17:04:11', 3075, 1),
(19, '2014-07-30', '16:34', 4694.22, '1003694', '57500', '2014-08-29', '2014-08-18 17:04:16', 3076, 1),
(20, '2014-07-30', '15:05', 24783.29, '1009512', '13921', '2014-08-29', '2014-08-19 01:31:27', 3313, 1),
(21, '2014-08-07', '16:35', 5971.63, '1009639', '16153', '2014-09-06', '2014-08-27 13:45:29', 3453, 2),
(22, '2014-08-27', '15:51', 55646.11, '1003799', '10142', '2014-09-26', '2014-08-28 13:20:01', 3793, 1),
(23, '2014-08-29', '13:18', 21799.99, '1003814', '10743', '2014-09-28', '2014-09-01 11:32:37', 3912, 2),
(24, '2014-09-02', '19:45', 120277.56, '1003828', '11759', '2014-10-02', '2014-09-03 10:58:59', 4019, 2),
(25, '2014-09-04', '14:23', 59700.69, '1003836', '12162', '2014-10-04', '2014-09-05 12:05:19', 4079, 2),
(26, '2014-09-11', '18:30', 41684.82, '1003850', '13736', '2014-10-11', '2014-09-13 15:41:09', 4453, 1),
(27, '2014-09-12', '15:56', 13544.63, '1003854', '13951', '2014-10-12', '2014-09-15 17:26:22', 4530, 2),
(28, '2014-09-17', '16:48', 99286.14, '1003871', '14978', '2014-10-17', '2014-09-18 11:56:34', 4654, 2),
(29, '2014-09-19', '16:28', 31510.86, '1003882', '15519', '2014-10-19', '2014-09-22 11:52:47', 4808, 2),
(30, '2014-09-23', '17:59', 14528.53, '1003893', '16347', '2014-10-23', '2014-09-24 05:56:48', 4881, 1),
(31, '2014-09-24', '17:18', 218422.1, '1003901', '16675', '2014-10-24', '2014-09-25 05:24:40', 4950, 2),
(32, '2014-09-26', '19:36', 92260.36, '1003912', '17348', '2014-10-26', '2014-09-29 04:15:16', 5088, 2),
(33, '2014-09-29', '19:38', 431984.18, '1003918', '17788', '2014-10-29', '2014-09-30 11:14:06', 5151, 1),
(34, '2014-09-29', '20:14', 70925.34, '1003920', '17801', '2014-10-29', '2014-09-30 11:14:15', 5152, 1),
(35, '2014-10-15', '11:33', 57631.66, '1003957', '19997', '2014-11-14', '2014-10-16 04:22:21', 5486, 2),
(37, '2014-10-17', '12:12', 27034.55, '1003977', '22054', '2014-11-16', '2014-10-20 03:22:45', 5687, 1),
(38, '2014-10-21', '17:52', 30961.2, '1003991', '22961', '2014-11-20', '2014-10-22 03:44:58', 5771, 2),
(39, '2014-10-22', '11:48', 13405.73, '1003997', '23089', '2014-11-21', '2014-10-23 03:08:14', 5831, 1),
(40, '2014-10-28', '14:38', 70449.42, '1004029', '23797', '2014-11-27', '2014-10-29 04:51:37', 5995, 1),
(41, '2014-11-13', '17:59', 42479.24, '1004078', '27996', '2014-12-13', '2014-11-14 03:36:00', 6504, 2),
(42, '2014-11-18', '12:00', 50155.48, '1004091', '28543', '2014-12-18', '2014-11-19 05:24:39', 6662, 1),
(43, '2014-11-20', '14:51', 17066.71, '1004100', '29339', '2014-12-20', '2014-11-21 04:05:49', 6774, 1),
(44, '2014-11-20', '17:58', 22247.72, '1010818', '40192', '2014-12-20', '2014-11-21 04:15:15', 6833, 1),
(45, '2014-11-26', '12:42', 9627.41, '1004121', '30757', '2014-12-26', '2014-11-27 09:17:26', 7048, 1),
(46, '2014-11-26', '17:03', 105942.83, '1004124', '30910', '2014-12-26', '2014-11-27 09:17:38', 7049, 2),
(47, '2014-11-28', '14:21', 17571.27, '1010924', '42176', '2014-12-28', '2014-12-01 05:31:36', 7170, 2),
(48, '2014-12-04', '13:09', 36034.84, '1004158', '32832', '2015-01-03', '2014-12-08 11:10:23', 7299, 2),
(49, '2014-12-04', '13:32', 21420.43, '1010988', '43439', '2015-01-03', '2014-12-08 11:45:30', 7333, 1),
(50, '2014-12-11', '15:05', 36362.6, '1004172', '34412', '2015-01-10', '2014-12-12 04:19:44', 7468, 1),
(51, '2014-12-26', '17:27', 120680.58, '1003880', '37992', '2015-01-25', '2014-12-29 11:03:15', 7818, 1),
(52, '2014-12-23', '16:56', 81905.6, '1004207', '37494', '2015-01-22', '2014-12-29 11:03:28', 7819, 1),
(53, '2014-12-30', '13:59', 54587.62, '1004235', '38445', '2015-01-29', '2014-12-31 12:05:16', 7955, 1),
(54, '2014-12-30', '15:47', 40620.62, '1004244', '38530', '2015-01-29', '2014-12-31 12:05:31', 7957, 1),
(55, '2015-01-07', '15:40', 352053.23, '1004258', '39992', '2015-02-06', '2015-01-20 05:45:56', 8093, 1),
(56, '2015-01-14', '13:47', 132409.69, '1004266', '40955', '2015-02-13', '2015-01-20 05:46:11', 8095, 2),
(57, '2015-01-16', '18:28', 133832.15, '1004273', '41445', '2015-02-15', '2015-01-20 05:46:26', 8097, 1),
(58, '2015-01-23', '16:45', 22037.88, '1011427', '53415', '2015-02-22', '2015-01-26 06:49:23', 8208, 1),
(59, '2015-01-20', '16:59', 40913.9, '1004280', '42197', '2015-05-06', '2015-01-26 07:46:22', 8279, 1),
(60, '2015-01-23', '16:46', 36821.8, '1004308', '43113', '2015-02-22', '2015-01-26 07:46:40', 8280, 1),
(61, '2015-02-27', '16:28', 238196.66, '1004499', '52391', '2015-05-06', '2015-03-02 10:11:08', 9626, 1),
(62, '2015-03-10', '17:36', 60404.04, '1004521', '54703', '2015-04-09', '2015-03-16 05:29:19', 9925, 1),
(63, '2015-03-17', '19:29', 226967.63, '1004560', '56571', '2015-04-16', '2015-03-18 08:37:43', 10120, 1),
(64, '2015-03-26', '13:12', 60246.2, '1012123', '12949', '2015-04-25', '2015-03-27 07:39:02', 10322, 1),
(65, '2015-03-24', '16:02', 110450.18, '1004592', '58305', '2015-04-23', '2015-03-27 07:59:37', 10407, 1),
(66, '2015-04-28', '18:48', 149267.39, '1005018', '11535', '2015-05-28', '2015-05-19 05:42:58', 11130, 1),
(67, '2015-04-30', '15:18', 130190.79, '1005149', '12197', '2015-05-30', '2015-05-19 05:43:20', 11131, 1),
(68, '2015-05-26', '15:28', 119687.13, '1005654', '19192', '2015-06-25', '2015-06-05 05:49:20', 11794, 1),
(69, '2015-06-10', '15:55', 149345.93, '1006025', '23457', '2015-07-10', '2015-06-15 05:18:04', 12253, 1),
(70, '2015-06-16', '18:21', 144409.93, '1006121', '25654', '2015-07-16', '2015-06-17 03:51:17', 12314, 1),
(71, '2015-06-18', '14:43', 99012.26, '1006185', '25942', '2015-07-18', '2015-06-23 03:16:39', 12414, 1),
(72, '2015-07-15', '13:03', 8087.64, '1000206', '38668', '2015-08-14', '2015-07-29 05:55:53', 13190, 1),
(73, '2015-07-15', '12:44', 330573.31, '1006916', '32921', '2015-08-14', '2015-07-29 06:35:36', 13326, 1),
(74, '2015-07-16', '18:08', 20408.02, '1006987', '34168', '2015-08-15', '2015-07-29 06:36:05', 13327, 1),
(75, '2015-07-23', '13:39', 358505.55, '1007106', '35650', '2015-08-22', '2015-07-29 06:36:33', 13328, 1),
(76, '2015-07-23', '14:13', 11204.34, '1007114', '35811', '2015-08-22', '2015-07-29 06:37:02', 13329, 1),
(77, '2015-07-30', '09:28', 207345.66, '1007409', '36827', '2015-08-29', '2015-08-11 04:22:37', 13702, 1),
(78, '2015-07-30', '18:00', 79549.73, '1007495', '38180', '2015-08-29', '2015-08-11 04:23:06', 13703, 1),
(79, '2015-08-10', '14:53', 14144.73, '1007677', '40935', '2015-09-09', '2015-08-11 05:03:28', 13788, 1),
(80, '2015-08-06', '14:41', 38257.32, '1007612', '39871', '2015-09-05', '2015-08-11 05:55:18', 13897, 1),
(81, '2015-10-19', '15:45', 203817.27, '1007324', '36594', '2015-11-28', '2015-11-11 05:53:52', 13894, 1),
(82, '2015-09-20', '16:59', 279768.78, '1007553', '38936', '2015-09-03', '2015-11-11 05:54:21', 13895, 1);

-- --------------------------------------------------------

--
-- Table structure for table `deliverorderdetail`
--

CREATE TABLE IF NOT EXISTS `deliverorderdetail` (
  `deliver_order_detail_id` int(11) NOT NULL AUTO_INCREMENT,
  `deliver_order_id` int(11) DEFAULT NULL,
  `itemid` int(11) DEFAULT NULL,
  `amount` double DEFAULT NULL,
  `retail_val` double DEFAULT NULL,
  `qty` double DEFAULT NULL,
  `status` int(11) DEFAULT NULL,
  PRIMARY KEY (`deliver_order_detail_id`)
) ENGINE=InnoDB  DEFAULT CHARSET=latin1 AUTO_INCREMENT=1276 ;

--
-- Dumping data for table `deliverorderdetail`
--

INSERT INTO `deliverorderdetail` (`deliver_order_detail_id`, `deliver_order_id`, `itemid`, `amount`, `retail_val`, `qty`, `status`) VALUES
(1, 1, 506, 433.41, 541.77, 1, 1),
(2, 1, 79, 3325.24, 4156.54, 10, 1),
(3, 1, 507, 210.39, 262.99, 1, 1),
(4, 2, 508, 20129.67, 25162.09, 1, 1),
(5, 3, 42, 2556.66, 3195.82, 1, 1),
(6, 3, 426, 2814.4, 3518, 1, 1),
(7, 4, 363, 6515.06, 7849.48, 2, 1),
(8, 4, 509, 34.92, 42.07, 2, 1),
(9, 4, 325, 14081.32, 16965.45, 1, 1),
(10, 4, 510, 2253.89, 2715.53, 1, 1),
(11, 4, 511, 2963.49, 3570.47, 2, 1),
(12, 5, 512, 2109.15, 2541.15, 1, 1),
(13, 5, 513, 175.06, 210.92, 2, 1),
(14, 5, 107, 4728.91, 5697.48, 2, 1),
(15, 5, 87, 4842.57, 5834.42, 10, 1),
(16, 5, 514, 5199.85, 6264.88, 1, 1),
(17, 5, 155, 6295.16, 7584.53, 2, 1),
(18, 5, 20, 1478.17, 1780.92, 1, 1),
(19, 5, 515, 6593.56, 7944.05, 2, 1),
(20, 5, 68, 277.6, 334.45, 2, 1),
(21, 5, 377, 336.74, 405.71, 8, 1),
(22, 5, 516, 3689.36, 4445.01, 6, 1),
(23, 6, 308, 6421.83, 7737.14, 3, 1),
(24, 6, 107, 4728.91, 5697.48, 2, 1),
(25, 7, 82, 2983.16, 3594.17, 2, 1),
(26, 7, 11, 3705.65, 4464.63, 1, 1),
(27, 7, 517, 1171.42, 1411.35, 1, 1),
(28, 7, 488, 1159.88, 1397.45, 4, 1),
(29, 7, 518, 3910.8, 4711.81, 1, 1),
(30, 7, 519, 486.56, 586.22, 1, 1),
(31, 7, 520, 905.8, 1091.33, 10, 1),
(32, 7, 93, 149.21, 179.77, 1, 1),
(33, 7, 157, 1224.31, 1475.07, 3, 1),
(34, 7, 201, 3800.11, 4578.45, 1, 1),
(35, 7, 511, 2963.49, 3570.47, 2, 1),
(36, 7, 234, 856.35, 1031.74, 2, 1),
(37, 7, 92, 2933.93, 3534.85, 3, 1),
(38, 7, 7, 3161.29, 3808.78, 1, 1),
(39, 7, 521, 1431.12, 1724.24, 10, 1),
(40, 7, 308, 2140.61, 2579.05, 1, 1),
(41, 7, 228, 3455.32, 4163.04, 3, 1),
(42, 7, 122, 4197.77, 5057.55, 1, 1),
(43, 8, 144, 4742.52, 5713.88, 6, 1),
(44, 8, 522, 4716.72, 5682.79, 4, 1),
(45, 8, 111, 1837.84, 2214.26, 2, 1),
(46, 8, 23, 3594.21, 4330.38, 1, 1),
(47, 8, 262, 3415.34, 4114.87, 1, 1),
(48, 8, 187, 7124.21, 8583.39, 2, 1),
(49, 8, 158, 1415.24, 1705.11, 2, 1),
(50, 8, 188, 4088.01, 4925.31, 2, 1),
(51, 8, 363, 6515.06, 7849.48, 2, 1),
(52, 8, 107, 4728.91, 5697.48, 2, 1),
(53, 8, 523, 2901.5, 3495.78, 3, 1),
(54, 9, 113, 1118.76, 1398.45, 2, 1),
(55, 9, 242, 1584.31, 1980.38, 2, 1),
(56, 9, 139, 3972.95, 4966.19, 10, 1),
(57, 9, 138, 3693.13, 4616.42, 10, 1),
(58, 9, 524, 12157.45, 15196.81, 1, 1),
(59, 9, 525, 16181.01, 20226.26, 1, 1),
(60, 9, 335, 4106.51, 5133.14, 2, 1),
(61, 9, 526, 11777.41, 14721.76, 1, 1),
(62, 9, 483, 3110.36, 3887.95, 2, 1),
(63, 9, 281, 12045.09, 15056.36, 1, 1),
(64, 9, 14, 3882.65, 4853.32, 3, 1),
(65, 9, 518, 3769.45, 4711.81, 1, 1),
(66, 9, 31, 996.44, 1245.55, 5, 1),
(67, 9, 47, 2012.6, 2515.74, 5, 1),
(68, 9, 156, 918.08, 1147.6, 4, 1),
(69, 9, 261, 1248.15, 1560.19, 1, 1),
(70, 9, 527, 4322.63, 5403.28, 12, 1),
(71, 9, 528, 953.43, 1191.79, 2, 1),
(72, 9, 171, 2301.23, 2876.54, 2, 1),
(73, 9, 39, 1688.12, 2110.15, 6, 1),
(74, 9, 149, 11494.25, 14367.81, 5, 1),
(75, 9, 204, 2818.46, 3523.07, 5, 1),
(76, 9, 195, 770.86, 963.58, 6, 1),
(77, 9, 22, 1131.16, 1413.96, 3, 1),
(78, 9, 175, 2351.77, 2939.71, 2, 1),
(79, 9, 174, 885.3, 1106.63, 2, 1),
(80, 9, 173, 2026.82, 2533.53, 2, 1),
(81, 9, 153, 497.21, 621.51, 2, 1),
(82, 9, 159, 1227.61, 1534.51, 2, 1),
(83, 9, 160, 2049.1, 2561.37, 2, 1),
(84, 10, 151, 821.45, 1026.82, 2, 1),
(85, 10, 118, 3245.21, 4056.52, 1, 1),
(86, 10, 116, 8315.17, 10393.96, 2, 1),
(87, 10, 120, 3564.16, 4455.2, 2, 1),
(88, 10, 254, 3288.4, 4110.5, 1, 1),
(89, 10, 502, 7881.66, 9852.07, 1, 1),
(90, 10, 4, 6192.51, 7740.63, 2, 1),
(91, 10, 521, 827.64, 1034.54, 6, 1),
(92, 10, 115, 4883.96, 6104.95, 1, 1),
(93, 10, 23, 6928.61, 8660.76, 2, 1),
(94, 10, 17, 5729.06, 7161.32, 2, 1),
(95, 10, 70, 1465.55, 1831.94, 6, 1),
(96, 10, 88, 2778.46, 3473.08, 8, 1),
(97, 11, 232, 5241.99, 6552.49, 2, 1),
(98, 11, 144, 7618.51, 9523.14, 10, 1),
(99, 11, 135, 9791.94, 12239.92, 10, 1),
(100, 11, 22, 754.11, 942.64, 2, 1),
(101, 11, 8, 4271.93, 5339.91, 1, 1),
(102, 11, 529, 5008.41, 6260.51, 1, 1),
(103, 11, 68, 668.91, 836.14, 5, 1),
(104, 11, 530, 4760.86, 5951.08, 2, 1),
(105, 11, 187, 6866.71, 8583.39, 2, 1),
(106, 11, 204, 5636.92, 7046.14, 10, 1),
(107, 11, 318, 24305.29, 30381.61, 4, 1),
(108, 11, 137, 6643.39, 8304.24, 10, 1),
(109, 12, 87, 4667.53, 5834.42, 10, 1),
(110, 12, 107, 4557.99, 5697.48, 2, 1),
(111, 12, 1, 973.52, 1216.9, 1, 1),
(112, 12, 531, 2334.76, 2918.45, 4, 1),
(113, 12, 262, 3291.9, 4114.87, 1, 1),
(114, 12, 261, 2496.31, 3120.39, 2, 1),
(115, 12, 532, 98.86, 123.58, 2, 1),
(116, 12, 363, 6279.58, 7849.48, 2, 1),
(117, 12, 173, 2026.82, 2533.53, 2, 1),
(118, 12, 153, 1243.02, 1553.78, 5, 1),
(119, 12, 533, 1071.72, 1339.65, 2, 1),
(120, 12, 534, 1056.17, 1320.21, 2, 1),
(121, 12, 88, 3473.08, 4341.34, 10, 1),
(122, 12, 535, 3890.99, 4863.73, 2, 1),
(123, 12, 536, 1585.45, 1981.81, 1, 1),
(124, 12, 537, 4943.46, 6179.33, 2, 1),
(125, 12, 538, 5956.59, 7445.74, 2, 1),
(126, 12, 539, 1024.36, 1280.45, 2, 1),
(127, 13, 540, 2902.84, 3628.55, 2, 1),
(128, 13, 426, 2814.4, 3518, 1, 1),
(129, 13, 195, 513.91, 642.39, 4, 1),
(130, 13, 164, 2356.23, 2945.29, 1, 1),
(131, 13, 155, 6067.62, 7584.53, 2, 1),
(132, 13, 59, 3209.97, 4012.47, 4, 1),
(133, 13, 376, 480.84, 601.05, 5, 1),
(134, 13, 149, 6896.55, 8620.68, 3, 1),
(135, 13, 187, 3433.36, 4291.69, 1, 1),
(136, 13, 23, 3464.3, 4330.38, 1, 1),
(137, 13, 342, 3391.63, 4239.54, 2, 1),
(138, 13, 541, 2940.24, 3675.3, 2, 1),
(139, 13, 503, 29802.71, 37253.38, 1, 1),
(140, 13, 116, 8315.17, 10393.96, 2, 1),
(141, 14, 152, 1380.07, 1725.09, 2, 1),
(142, 14, 157, 786.71, 983.38, 2, 1),
(143, 15, 542, 9311.36, 11639.2, 1, 1),
(144, 15, 88, 1736.54, 2170.67, 5, 1),
(145, 15, 87, 2333.77, 2917.21, 5, 1),
(146, 15, 219, 1201.05, 1501.32, 1, 1),
(147, 15, 363, 6279.58, 7849.48, 2, 1),
(148, 15, 119, 3595.65, 4494.56, 1, 1),
(149, 15, 502, 7881.66, 9852.07, 1, 1),
(150, 15, 115, 4883.96, 6104.95, 1, 1),
(151, 16, 543, 2270.42, 2838.02, 5, 1),
(152, 16, 318, 12152.65, 15190.81, 2, 1),
(153, 16, 204, 2818.46, 3523.07, 5, 1),
(154, 16, 520, 873.06, 1091.33, 10, 1),
(155, 16, 505, 8026.08, 10032.6, 2, 1),
(156, 16, 342, 3391.63, 4239.54, 2, 1),
(157, 16, 544, 682.27, 852.84, 2, 1),
(158, 16, 522, 4546.23, 5682.79, 4, 1),
(159, 16, 545, 5569.37, 6961.72, 6, 1),
(160, 16, 546, 3839.75, 4799.69, 6, 1),
(161, 16, 111, 2657.11, 3321.39, 3, 1),
(162, 16, 187, 3433.36, 4291.69, 1, 1),
(163, 16, 547, 7265.97, 9082.46, 1, 1),
(164, 16, 22, 754.11, 942.64, 2, 1),
(165, 16, 137, 6643.39, 8304.24, 10, 1),
(166, 16, 144, 7618.51, 9523.14, 10, 1),
(167, 16, 68, 668.91, 836.14, 5, 1),
(168, 17, 526, 23554.82, 29443.52, 2, 1),
(169, 17, 548, 9676.52, 12095.65, 1, 1),
(170, 17, 529, 5008.41, 6260.51, 1, 1),
(171, 17, 524, 12157.45, 15196.81, 1, 1),
(172, 17, 549, 11277.61, 14097.01, 1, 1),
(173, 17, 550, 2277.49, 2846.86, 3, 1),
(174, 17, 17, 2864.53, 3580.66, 1, 1),
(175, 17, 175, 3527.65, 4409.56, 3, 1),
(176, 17, 362, 10318.19, 12897.74, 2, 1),
(177, 17, 120, 3564.16, 4455.2, 2, 1),
(178, 17, 116, 8315.17, 10393.96, 2, 1),
(179, 17, 118, 6490.43, 8113.03, 2, 1),
(180, 18, 194, 854.78, 1068.48, 4, 1),
(181, 18, 529, 5008.41, 6260.51, 1, 1),
(182, 18, 537, 4943.46, 6179.33, 2, 1),
(183, 18, 535, 3890.99, 4863.73, 2, 1),
(184, 18, 551, 507.98, 634.97, 2, 1),
(185, 18, 2, 3267.08, 4083.86, 2, 1),
(186, 18, 314, 7495.8, 9369.75, 5, 1),
(187, 18, 313, 7679.17, 9598.96, 5, 1),
(188, 18, 552, 709.35, 886.68, 2, 1),
(189, 18, 553, 19178.25, 23972.82, 10, 1),
(190, 18, 221, 974.85, 1218.56, 10, 1),
(191, 18, 149, 11494.25, 14367.81, 5, 1),
(192, 18, 325, 13572.36, 16965.45, 1, 1),
(193, 18, 554, 1679.16, 2098.95, 2, 1),
(194, 18, 555, 2516.34, 3145.43, 2, 1),
(195, 18, 201, 3662.76, 4578.45, 1, 1),
(196, 18, 193, 2610.3, 3262.87, 4, 1),
(197, 18, 433, 2650.26, 3312.83, 4, 1),
(198, 18, 195, 513.91, 642.39, 4, 1),
(199, 18, 556, 3470.48, 4338.1, 10, 1),
(200, 18, 376, 961.68, 1202.1, 10, 1),
(201, 18, 557, 1444.05, 1805.06, 2, 1),
(202, 18, 238, 2476.51, 3095.64, 2, 1),
(203, 18, 558, 851.97, 1064.96, 2, 1),
(204, 18, 559, 1746.19, 3023.56, 3, 1),
(205, 18, 23, 3464.3, 4330.38, 1, 1),
(206, 18, 560, 8644.63, 10805.79, 1, 1),
(207, 18, 151, 2053.63, 2567.04, 5, 1),
(208, 18, 561, 1958.6, 2448.25, 1, 1),
(209, 18, 413, 1220.71, 1525.89, 1, 1),
(210, 18, 562, 8244.86, 10306.07, 1, 1),
(211, 18, 521, 137.94, 172.42, 1, 1),
(212, 18, 257, 1090.66, 1363.32, 5, 1),
(213, 18, 21, 3509.11, 4386.39, 2, 1),
(214, 18, 318, 12152.65, 15190.81, 2, 1),
(215, 18, 319, 7020.2, 8775.24, 1, 1),
(216, 18, 563, 600, 750, 2, 1),
(217, 18, 62, 3476.48, 4345.6, 10, 1),
(218, 18, 386, 3007.14, 3758.92, 1, 1),
(219, 18, 564, 1521.25, 1901.56, 3, 1),
(220, 18, 565, 3377.93, 4222.41, 3, 1),
(221, 18, 566, 4496.06, 5620.07, 3, 1),
(222, 18, 541, 2940.24, 3675.3, 2, 1),
(223, 18, 3, 3413.65, 4267.07, 3, 1),
(224, 18, 567, 1940.38, 2425.47, 2, 1),
(225, 18, 568, 5989.49, 7486.86, 2, 1),
(226, 18, 569, 8538.28, 10672.85, 1, 1),
(227, 18, 570, 1080.58, 1350.72, 4, 1),
(228, 18, 571, 12542.11, 15677.64, 1, 1),
(229, 19, 509, 159.45, 199.32, 2, 1),
(230, 19, 363, 3139.79, 3924.74, 1, 1),
(231, 19, 572, 1394.98, 1743.73, 10, 1),
(232, 20, 573, 2342.64, 2928.3, 1, 1),
(233, 20, 574, 20958.88, 26198.6, 1, 1),
(234, 20, 575, 467.61, 584.52, 1, 1),
(235, 20, 564, 1014.16, 1267.71, 2, 1),
(236, 21, 576, 760, 950, 1, 1),
(237, 21, 22, 377.05, 471.32, 1, 1),
(238, 21, 160, 2049.1, 2561.37, 2, 1),
(239, 21, 174, 885.3, 1106.63, 2, 1),
(240, 21, 577, 1900.17, 2375.22, 1, 1),
(241, 22, 255, 2401.28, 9771.35, 2, 1),
(242, 22, 117, 4718, 8067.73, 1, 1),
(243, 22, 49, 6900, 14634.72, 1, 1),
(244, 22, 286, 3702.16, 6355.78, 10, 1),
(245, 22, 578, 13547.13, 16933.91, 2, 1),
(246, 22, 359, 14043.57, 17554.47, 1, 1),
(247, 22, 316, 609.67, 762.09, 2, 1),
(248, 22, 204, 2254.77, 2818.46, 4, 1),
(249, 22, 506, 4334.13, 5417.66, 10, 1),
(250, 22, 579, 1186.7, 1483.37, 3, 1),
(251, 22, 580, 619.85, 774.82, 10, 1),
(252, 22, 581, 1328.86, 1661.07, 10, 1),
(253, 23, 582, 6000, 18216.69, 2, 1),
(254, 23, 331, 15800, 27630.58, 2, 1),
(255, 24, 583, 178.07, 222.59, 1, 1),
(256, 24, 584, 1921.74, 2402.18, 1, 1),
(257, 24, 286, 635.58, 635.58, 1, 1),
(258, 24, 500, 164.53, 164.53, 2, 1),
(259, 24, 585, 5380.84, 6726.05, 3, 1),
(260, 24, 39, 1406.76, 1758.46, 5, 1),
(261, 24, 496, 747.8, 934.75, 10, 1),
(262, 24, 586, 649.01, 811.26, 2, 1),
(263, 24, 587, 3179.89, 3974.86, 2, 1),
(264, 24, 588, 848.15, 1060.19, 10, 1),
(265, 24, 489, 708.83, 886.03, 10, 1),
(266, 24, 350, 657.31, 821.63, 10, 1),
(267, 24, 273, 2386.23, 2982.78, 1, 1),
(268, 24, 420, 157.25, 196.56, 2, 1),
(269, 24, 589, 1664.98, 2081.23, 2, 1),
(270, 24, 590, 9975.94, 12469.92, 2, 1),
(271, 24, 591, 2999.65, 3749.56, 2, 1),
(272, 24, 499, 749.12, 936.4, 1, 1),
(273, 24, 541, 2940.24, 3675.3, 2, 1),
(274, 24, 592, 2452.03, 3065.04, 2, 1),
(275, 24, 495, 461.14, 576.42, 2, 1),
(276, 24, 593, 1024.09, 1280.12, 2, 1),
(277, 24, 244, 1411.13, 1763.91, 2, 1),
(278, 24, 243, 776.22, 970.28, 1, 1),
(279, 24, 242, 792.15, 990.19, 1, 1),
(280, 24, 217, 2450.81, 3063.51, 3, 1),
(281, 24, 260, 1925.25, 2406.57, 2, 1),
(282, 24, 594, 381.43, 476.78, 6, 1),
(283, 24, 528, 1906.87, 2383.58, 4, 1),
(284, 24, 595, 714.79, 893.49, 1, 1),
(285, 24, 191, 1583.35, 1979.19, 1, 1),
(286, 24, 596, 1189.35, 1486.69, 2, 1),
(287, 24, 154, 11086.3, 13857.87, 2, 1),
(288, 24, 155, 9101.43, 11376.79, 3, 1),
(289, 24, 186, 551.58, 689.47, 5, 1),
(290, 24, 234, 1238.09, 1547.62, 3, 1),
(291, 24, 251, 2169.43, 2711.79, 3, 1),
(292, 24, 66, 1850.11, 2312.64, 2, 1),
(293, 24, 70, 488.52, 610.65, 2, 1),
(294, 24, 597, 937.22, 1171.52, 10, 1),
(295, 24, 598, 13405.32, 16756.64, 1, 1),
(296, 24, 442, 2195.32, 2744.15, 3, 1),
(297, 24, 599, 1885.52, 2356.91, 1, 1),
(298, 24, 41, 3017.36, 3771.7, 1, 1),
(299, 24, 505, 4013.04, 5016.3, 1, 1),
(300, 24, 69, 8937.35, 11171.69, 2, 1),
(301, 24, 228, 3330.43, 4163.04, 3, 1),
(302, 24, 600, 1650.03, 2062.54, 5, 1),
(303, 25, 503, 29802.71, 37253.38, 1, 1),
(304, 25, 49, 11707.77, 14634.72, 1, 1),
(305, 25, 50, 10451.62, 13064.53, 1, 1),
(306, 25, 262, 3291.9, 4114.87, 1, 1),
(307, 25, 46, 4446.7, 5558.37, 1, 1),
(308, 26, 23, 6928.61, 8660.76, 2, 1),
(309, 26, 187, 6866.71, 8583.39, 2, 1),
(310, 26, 69, 8937.35, 11171.69, 2, 1),
(311, 26, 529, 5008.41, 6260.51, 1, 1),
(312, 26, 541, 1470.12, 1837.65, 1, 1),
(313, 26, 174, 2213.25, 2766.57, 5, 1),
(314, 26, 601, 933.09, 1166.37, 10, 1),
(315, 26, 156, 643.96, 804.94, 2, 1),
(316, 26, 194, 1275.8, 1594.75, 4, 1),
(317, 26, 193, 1957.72, 2447.16, 3, 1),
(318, 26, 433, 1987.7, 2484.62, 3, 1),
(319, 26, 157, 1275.83, 1594.79, 2, 1),
(320, 26, 509, 159.45, 199.32, 2, 1),
(321, 26, 173, 2026.82, 2533.53, 2, 1),
(322, 27, 585, 5380.84, 6726.05, 3, 1),
(323, 27, 174, 1770.6, 2213.25, 4, 1),
(324, 27, 498, 214.42, 268.03, 3, 1),
(325, 27, 521, 1379.39, 1724.24, 10, 1),
(326, 27, 520, 873.06, 1091.33, 10, 1),
(327, 27, 157, 637.92, 797.4, 1, 1),
(328, 27, 254, 3288.4, 4110.5, 1, 1),
(329, 28, 358, 600.07, 750.09, 2, 1),
(330, 28, 493, 1612.03, 2015.04, 2, 1),
(331, 28, 9, 2245.66, 2807.08, 4, 1),
(332, 28, 329, 2578.77, 3223.46, 1, 1),
(333, 28, 328, 9589.67, 11987.09, 1, 1),
(334, 28, 234, 2063.49, 2579.36, 5, 1),
(335, 28, 165, 1646.45, 2058.07, 2, 1),
(336, 28, 503, 27500, 37253.38, 1, 1),
(337, 28, 325, 25200, 33930.89, 2, 1),
(338, 28, 318, 26250, 37977.02, 5, 1),
(339, 29, 328, 9589.67, 11987.09, 1, 1),
(340, 29, 598, 13405.32, 16756.64, 1, 1),
(341, 29, 602, 1618.21, 2022.76, 2, 1),
(342, 29, 187, 3433.36, 4291.69, 1, 1),
(343, 29, 23, 3464.3, 4330.38, 1, 1),
(344, 30, 201, 3662.76, 4578.45, 1, 1),
(345, 30, 188, 3940.25, 4925.31, 2, 1),
(346, 30, 195, 1284.77, 1605.97, 10, 1),
(347, 30, 217, 1633.87, 2042.34, 2, 1),
(348, 30, 588, 848.15, 1060.19, 10, 1),
(349, 30, 197, 340.26, 425.33, 4, 1),
(350, 30, 204, 2818.46, 3523.07, 5, 1),
(351, 31, 150, 4480.3, 5600.38, 2, 1),
(352, 31, 149, 9195.4, 11494.25, 4, 1),
(353, 31, 187, 3433.36, 4291.69, 1, 1),
(354, 31, 21, 1754.56, 2193.2, 1, 1),
(355, 31, 194, 1913.69, 2392.12, 6, 1),
(356, 31, 157, 1913.75, 2392.19, 3, 1),
(357, 31, 195, 1284.77, 1605.97, 10, 1),
(358, 31, 193, 3915.45, 4894.31, 6, 1),
(359, 31, 376, 577.01, 721.26, 6, 1),
(360, 31, 119, 3595.65, 4494.56, 1, 1),
(361, 31, 115, 9767.92, 12209.9, 2, 1),
(362, 31, 88, 3473.08, 4341.34, 10, 1),
(363, 31, 87, 4667.53, 5834.42, 10, 1),
(364, 31, 204, 5636.92, 7046.14, 10, 1),
(365, 31, 144, 7618.51, 9523.14, 10, 1),
(366, 31, 137, 6643.39, 8304.24, 10, 1),
(367, 31, 135, 9791.94, 12239.92, 10, 1),
(368, 31, 574, 20958.88, 26198.6, 1, 1),
(369, 31, 503, 27500, 37253.38, 1, 1),
(370, 31, 325, 37800, 50896.34, 3, 1),
(371, 31, 318, 52500, 75954.03, 10, 1),
(372, 32, 538, 2978.3, 3722.87, 1, 1),
(373, 32, 494, 524.11, 655.13, 1, 1),
(374, 32, 85, 4260.66, 5325.82, 5, 1),
(375, 32, 497, 458.38, 572.97, 1, 1),
(376, 32, 603, 1648.89, 2061.11, 1, 1),
(377, 32, 322, 2494.06, 3117.58, 1, 1),
(378, 32, 125, 6263.24, 7829.05, 2, 1),
(379, 32, 518, 3769.45, 4711.81, 1, 1),
(380, 32, 517, 2258.15, 2822.69, 2, 1),
(381, 32, 25, 3349.25, 4186.56, 2, 1),
(382, 32, 604, 1641.45, 2051.82, 2, 1),
(383, 32, 69, 8937.35, 11171.69, 2, 1),
(384, 32, 605, 4092.6, 5115.75, 1, 1),
(385, 32, 606, 1885.41, 2356.76, 25, 1),
(386, 32, 607, 1874.5, 2343.13, 2, 1),
(387, 32, 342, 3391.63, 4239.54, 2, 1),
(388, 32, 608, 9734.72, 12168.4, 1, 1),
(389, 32, 609, 8608.05, 10760.06, 1, 1),
(390, 32, 281, 24090.18, 30112.72, 2, 1),
(391, 33, 610, 2966.95, 10213.95, 2, 1),
(392, 33, 23, 6928.61, 8660.76, 2, 1),
(393, 33, 611, 29510.58, 36888.23, 3, 1),
(394, 33, 328, 28769.02, 35961.27, 3, 1),
(395, 33, 366, 7636.16, 9545.2, 50, 1),
(396, 33, 318, 52500, 75954.03, 10, 1),
(397, 33, 333, 2251.93, 2814.92, 4, 1),
(398, 33, 362, 5159.1, 6448.87, 1, 1),
(399, 33, 612, 3608.49, 4510.61, 1, 1),
(400, 33, 254, 3288.4, 4110.5, 1, 1),
(401, 33, 69, 17874.7, 22343.37, 4, 1),
(402, 33, 194, 9568.47, 11960.59, 30, 1),
(403, 33, 613, 1946.81, 2433.51, 2, 1),
(404, 33, 220, 1752.52, 2190.65, 2, 1),
(405, 33, 541, 2940.24, 3675.3, 2, 1),
(406, 33, 592, 2452.03, 3065.04, 2, 1),
(407, 33, 262, 3291.9, 4114.87, 1, 1),
(408, 33, 433, 6625.65, 8282.06, 10, 1),
(409, 33, 187, 10300.07, 12875.08, 3, 1),
(410, 33, 188, 9850.62, 12313.28, 5, 1),
(411, 33, 550, 13664.93, 17081.16, 18, 1),
(412, 33, 157, 1275.83, 1594.79, 2, 1),
(413, 33, 201, 7325.52, 9156.9, 2, 1),
(414, 33, 144, 9142.21, 11427.76, 12, 1),
(415, 33, 137, 7972.07, 9965.09, 12, 1),
(416, 33, 553, 3835.65, 4794.56, 2, 1),
(417, 33, 590, 9975.94, 12469.92, 2, 1),
(418, 33, 524, 12157.45, 15196.81, 1, 1),
(419, 33, 529, 5008.41, 6260.51, 1, 1),
(420, 33, 428, 9441.5, 11801.88, 1, 1),
(421, 33, 150, 44803.05, 56003.81, 20, 1),
(422, 33, 149, 45976.99, 57471.23, 20, 1),
(423, 33, 59, 802.49, 1003.12, 1, 1),
(424, 33, 138, 3693.13, 4616.42, 10, 1),
(425, 33, 139, 397.3, 496.62, 1, 1),
(426, 33, 155, 3033.81, 3792.26, 1, 1),
(427, 33, 387, 1623.49, 2029.36, 1, 1),
(428, 33, 509, 398.63, 498.29, 5, 1),
(429, 33, 219, 1201.05, 1501.32, 1, 1),
(430, 33, 218, 820.63, 1025.79, 1, 1),
(431, 33, 363, 9419.37, 11774.21, 3, 1),
(432, 33, 92, 1885.26, 2356.57, 2, 1),
(433, 33, 523, 1864.41, 2330.52, 2, 1),
(434, 33, 88, 10419.23, 13024.03, 30, 1),
(435, 33, 87, 14002.6, 17503.25, 30, 1),
(436, 33, 232, 2621, 3276.25, 1, 1),
(437, 34, 83, 2701.22, 3376.53, 2, 1),
(438, 34, 82, 2875.34, 3594.17, 2, 1),
(439, 34, 505, 4013.04, 5016.3, 1, 1),
(440, 34, 614, 10020.89, 12526.11, 1, 1),
(441, 34, 615, 12107.34, 15134.18, 1, 1),
(442, 34, 538, 2978.3, 3722.87, 1, 1),
(443, 34, 443, 1766.16, 2207.7, 2, 1),
(444, 34, 616, 81.03, 101.28, 1, 1),
(445, 34, 617, 90.6, 90.6, 1, 1),
(446, 34, 618, 2141.67, 2677.09, 2, 1),
(447, 34, 619, 73.64, 92.05, 1, 1),
(448, 34, 620, 2000.03, 2500.04, 2, 1),
(449, 34, 621, 4183.69, 5229.62, 1, 1),
(450, 34, 622, 3396.99, 4246.23, 1, 1),
(451, 34, 329, 5157.54, 6446.92, 2, 1),
(452, 34, 623, 13364.92, 16706.14, 1, 1),
(453, 34, 139, 3972.95, 4966.19, 10, 1),
(454, 35, 624, 832.59, 1920.61, 1, 1),
(455, 35, 65, 6808.58, 8958.66, 20, 1),
(456, 35, 384, 11353.65, 14939.01, 5, 1),
(457, 35, 366, 580.35, 763.62, 4, 1),
(458, 35, 625, 853.17, 1122.6, 1, 1),
(459, 35, 626, 638.6, 840.26, 1, 1),
(460, 35, 464, 445.73, 586.49, 1, 1),
(461, 35, 267, 645.81, 849.76, 1, 1),
(462, 35, 73, 1003.72, 1320.68, 2, 1),
(463, 35, 502, 7487.57, 9852.07, 1, 1),
(464, 35, 139, 1887.15, 2483.1, 5, 1),
(465, 35, 115, 9279.53, 12209.9, 2, 1),
(466, 35, 627, 1411.12, 1856.74, 10, 1),
(467, 35, 475, 13463.26, 17714.82, 4, 1),
(468, 35, 710, 940.84, 1237.95, 1, 1),
(473, 37, 181, 485.13, 1113.17, 5, 1),
(474, 37, 549, 7878.53, 14097.01, 1, 1),
(475, 37, 47, 3823.93, 5031.49, 10, 1),
(476, 37, 362, 4901.14, 6448.87, 1, 1),
(477, 37, 353, 2247.42, 2957.14, 5, 1),
(478, 37, 171, 1093.09, 1438.27, 1, 1),
(479, 37, 62, 6605.31, 8691.2, 20, 1),
(480, 38, 59, 1524.74, 2006.23, 2, 1),
(481, 38, 115, 4639.76, 6104.95, 1, 1),
(482, 38, 479, 2686.21, 3534.48, 1, 1),
(483, 38, 242, 1505.09, 1980.38, 2, 1),
(484, 38, 218, 1559.19, 2051.57, 2, 1),
(485, 38, 219, 1141, 1501.32, 1, 1),
(486, 38, 549, 10713.73, 14097.01, 1, 1),
(487, 38, 173, 1925.48, 2533.53, 2, 1),
(488, 38, 154, 5265.99, 6928.94, 1, 1),
(489, 39, 630, 9387.37, 12351.81, 1, 1),
(490, 39, 631, 2024.32, 2663.58, 1, 1),
(491, 39, 632, 1994.03, 2623.72, 1, 1),
(492, 40, 549, 7878.53, 14097.01, 1, 1),
(493, 40, 633, 3123.19, 7163.83, 2, 1),
(494, 40, 492, 31.48, 41.42, 2, 1),
(495, 40, 634, 1059.68, 1394.31, 2, 1),
(496, 40, 635, 1756.25, 2310.85, 2, 1),
(497, 40, 463, 685.97, 902.59, 1, 1),
(498, 40, 410, 2026.79, 2666.83, 1, 1),
(499, 40, 247, 1823.42, 2399.24, 2, 1),
(500, 40, 636, 1214.41, 1597.9, 5, 1),
(501, 40, 637, 817.92, 1076.21, 5, 1),
(502, 40, 317, 2678.22, 3523.97, 2, 1),
(503, 40, 420, 746.93, 982.8, 10, 1),
(504, 40, 170, 901.91, 1186.73, 2, 1),
(505, 40, 39, 2672.85, 3516.91, 10, 1),
(506, 40, 69, 8490.48, 11171.69, 2, 1),
(507, 40, 590, 4738.57, 6234.96, 1, 1),
(508, 40, 578, 12869.77, 16933.91, 2, 1),
(509, 40, 175, 1117.09, 1469.85, 1, 1),
(510, 40, 586, 616.56, 811.26, 2, 1),
(511, 40, 151, 1950.95, 2567.04, 5, 1),
(512, 40, 23, 3291.09, 4330.38, 1, 1),
(513, 40, 188, 3743.24, 4925.31, 2, 1),
(514, 40, 201, 3479.62, 4578.45, 1, 1),
(515, 40, 22, 2734.52, 3598.06, 5, 1),
(516, 41, 209, 937.17, 1233.12, 10, 1),
(517, 41, 335, 1950.59, 2566.57, 1, 1),
(518, 41, 386, 5713.56, 7517.84, 2, 1),
(519, 41, 193, 2479.78, 3262.87, 4, 1),
(520, 41, 153, 1018.61, 1340.27, 3, 1),
(521, 41, 129, 1467.21, 1930.54, 1, 1),
(522, 41, 128, 475.17, 625.23, 2, 1),
(523, 41, 261, 2371.49, 3120.39, 2, 1),
(524, 41, 638, 2130.13, 2802.8, 2, 1),
(525, 41, 639, 1235.41, 1625.55, 1, 1),
(526, 41, 510, 4127.6, 5431.06, 2, 1),
(527, 41, 489, 673.38, 886.03, 10, 1),
(528, 41, 317, 1339.11, 1761.98, 1, 1),
(529, 41, 115, 4639.76, 6104.95, 1, 1),
(530, 41, 640, 959.08, 1261.95, 1, 1),
(531, 41, 608, 9247.98, 12168.4, 1, 1),
(532, 41, 558, 809.37, 1064.96, 2, 1),
(533, 41, 641, 903.8, 1189.22, 2, 1),
(534, 42, 114, 2172.06, 2857.97, 2, 1),
(535, 42, 584, 3651.31, 4804.35, 2, 1),
(536, 42, 120, 7249.98, 11138.01, 5, 1),
(537, 42, 118, 13499.98, 20282.58, 5, 1),
(538, 42, 116, 16999.98, 25984.9, 5, 1),
(539, 42, 23, 6582.18, 8660.76, 2, 1),
(540, 43, 642, 3980.4, 5237.37, 1, 1),
(541, 43, 204, 3213.04, 4227.69, 6, 1),
(542, 43, 23, 9873.26, 12991.14, 3, 1),
(543, 44, 481, 22247.72, 29273.32, 1, 1),
(544, 45, 643, 2324.79, 3058.93, 1, 1),
(545, 45, 584, 7302.62, 9608.7, 4, 1),
(546, 46, 644, 2401.66, 3160.08, 1, 1),
(547, 46, 336, 1187.78, 4112.89, 2, 1),
(548, 46, 610, 2966.95, 10213.95, 2, 1),
(549, 46, 645, 4941.62, 6502.14, 1, 1),
(550, 46, 231, 7510.05, 9881.65, 2, 1),
(551, 46, 325, 25787.48, 33930.89, 2, 1),
(552, 46, 324, 11661.06, 15343.5, 1, 1),
(553, 46, 59, 3811.84, 5015.58, 5, 1),
(554, 46, 9, 1066.69, 1403.54, 2, 1),
(555, 46, 221, 926.11, 1218.56, 10, 1),
(556, 46, 173, 1925.48, 2533.53, 2, 1),
(557, 46, 483, 2954.84, 3887.95, 2, 1),
(558, 46, 41, 5732.99, 7543.4, 2, 1),
(559, 46, 92, 1790.99, 2356.57, 2, 1),
(560, 46, 308, 3920.15, 5158.09, 2, 1),
(561, 46, 595, 1358.11, 1786.98, 2, 1),
(562, 46, 112, 965.36, 1270.21, 2, 1),
(563, 46, 203, 140.09, 184.33, 2, 1),
(564, 46, 201, 3479.62, 4578.45, 1, 1),
(565, 46, 160, 1946.64, 2561.37, 2, 1),
(566, 46, 159, 1809.26, 2380.6, 2, 1),
(567, 46, 646, 8415.59, 12177.92, 2, 1),
(568, 46, 101, 758.76, 998.37, 10, 1),
(569, 46, 102, 701.73, 923.33, 10, 1),
(570, 46, 220, 1664.9, 2190.65, 2, 1),
(571, 46, 509, 151.48, 199.32, 2, 1),
(572, 46, 363, 5965.6, 7849.48, 2, 1),
(573, 47, 647, 17571.26, 23120.08, 1, 1),
(574, 48, 260, 914.5, 1203.28, 1, 1),
(575, 48, 219, 1141, 1501.32, 1, 1),
(576, 48, 648, 18394.47, 24203.24, 1, 1),
(577, 48, 366, 1450.87, 1909.04, 10, 1),
(578, 48, 521, 1310.42, 1724.24, 10, 1),
(579, 48, 199, 932.47, 1226.94, 1, 1),
(580, 48, 104, 4280.48, 5632.21, 1, 1),
(581, 48, 640, 3836.32, 5047.8, 4, 1),
(582, 48, 139, 3774.31, 4966.19, 10, 1),
(583, 49, 649, 1036.06, 1363.23, 1, 1),
(584, 49, 623, 12696.67, 16706.14, 1, 1),
(585, 49, 650, 7687.71, 10115.4, 1, 1),
(586, 50, 550, 7212.05, 9489.54, 10, 1),
(587, 50, 192, 344.23, 452.93, 4, 1),
(588, 50, 254, 3123.98, 4110.5, 1, 1),
(589, 50, 232, 2489.95, 3276.25, 1, 1),
(590, 50, 544, 1296.31, 1705.67, 4, 1),
(591, 50, 651, 874.4, 1150.53, 1, 1),
(592, 50, 652, 2654.54, 3492.82, 3, 1),
(593, 50, 45, 4516.85, 5943.22, 5, 1),
(594, 50, 475, 6731.63, 8857.41, 2, 1),
(595, 50, 243, 737.41, 970.28, 1, 1),
(596, 50, 219, 1141, 1501.32, 1, 1),
(597, 50, 534, 501.68, 660.11, 1, 1),
(598, 50, 590, 4738.57, 6234.96, 1, 1),
(599, 51, 488, 1062.06, 1397.45, 4, 1),
(600, 51, 317, 2678.22, 3523.97, 2, 1),
(601, 51, 328, 18220.38, 23974.18, 2, 1),
(602, 51, 319, 6669.19, 8775.24, 1, 1),
(603, 51, 144, 8685.1, 11427.76, 12, 1),
(604, 51, 428, 17938.85, 23603.75, 2, 1),
(605, 51, 137, 6311.22, 8304.24, 10, 1),
(606, 51, 82, 2731.57, 3594.17, 2, 1),
(607, 51, 25, 1590.89, 2093.28, 1, 1),
(608, 51, 88, 3299.42, 4341.34, 10, 1),
(609, 51, 9, 1066.69, 1403.54, 2, 1),
(610, 51, 257, 4144.49, 5453.28, 20, 1),
(611, 51, 489, 1346.77, 1772.06, 20, 1),
(612, 51, 151, 9754.75, 12835.2, 25, 1),
(613, 51, 211, 3100.51, 4079.62, 2, 1),
(614, 51, 228, 5273.18, 6938.4, 5, 1),
(615, 51, 241, 2098.57, 2761.28, 1, 1),
(616, 51, 490, 5935.74, 7810.19, 3, 1),
(617, 51, 77, 835.27, 1099.03, 2, 1),
(618, 51, 101, 303.5, 399.35, 4, 1),
(619, 51, 491, 1249.86, 1644.55, 3, 1),
(620, 51, 484, 2305.98, 3034.18, 1, 1),
(621, 51, 134, 1458.91, 1919.62, 5, 1),
(622, 51, 492, 31.48, 41.42, 2, 1),
(623, 51, 493, 1531.43, 2015.04, 2, 1),
(624, 51, 267, 1291.63, 1699.51, 2, 1),
(625, 51, 494, 995.8, 1310.27, 2, 1),
(626, 51, 170, 1352.87, 1780.09, 3, 1),
(627, 51, 350, 1248.88, 1643.26, 20, 1),
(628, 51, 495, 657.12, 864.63, 3, 1),
(629, 51, 102, 701.73, 923.33, 10, 1),
(630, 51, 496, 1420.82, 1869.5, 20, 1),
(631, 51, 497, 870.91, 1145.94, 2, 1),
(632, 51, 128, 712.76, 937.84, 3, 1),
(633, 51, 498, 339.5, 446.71, 5, 1),
(634, 51, 499, 711.66, 936.4, 1, 1),
(635, 51, 500, 52.4, 82.26, 1, 1),
(636, 51, 203, 700.45, 921.65, 10, 1),
(637, 52, 501, 600.32, 942.64, 2, 1),
(638, 52, 374, 7000, 13238.36, 1, 1),
(639, 52, 502, 6799.52, 9852.07, 1, 1),
(640, 52, 139, 3203.2, 4966.19, 10, 1),
(641, 52, 135, 8500.8, 12239.92, 10, 1),
(642, 52, 503, 23199.68, 37253.38, 1, 1),
(643, 52, 23, 9001.44, 12991.14, 3, 1),
(644, 52, 325, 23600.64, 33930.89, 2, 1),
(645, 53, 504, 183.9, 431.42, 10, 1),
(646, 53, 107, 8090.43, 11394.97, 4, 1),
(647, 53, 318, 25502.4, 37977.02, 5, 1),
(648, 53, 505, 3561.57, 5016.3, 1, 1),
(649, 53, 353, 4199.13, 5914.27, 10, 1),
(650, 53, 475, 6288.76, 8857.41, 2, 1),
(651, 53, 144, 6761.43, 9523.14, 10, 1),
(652, 54, 504, 183.9, 431.42, 10, 1),
(653, 54, 107, 4045.21, 5697.48, 2, 1),
(654, 54, 318, 20401.92, 30381.61, 4, 1),
(655, 54, 353, 2939.39, 4139.99, 7, 1),
(656, 54, 144, 6761.43, 9523.14, 10, 1),
(657, 54, 475, 6288.76, 8857.41, 2, 1),
(658, 55, 159, 2306.78, 2518.59, 3, 1),
(659, 55, 668, 16391.98, 23087.3, 2, 1),
(660, 55, 503, 29058.52, 40927.5, 1, 1),
(661, 55, 669, 5811.7, 8185.5, 3, 1),
(662, 55, 542, 16391.98, 23087.3, 2, 1),
(663, 55, 670, 1192.14, 1679.07, 1, 1),
(664, 55, 671, 745.09, 1049.42, 1, 1),
(665, 55, 244, 894.11, 1259.31, 2, 1),
(666, 55, 243, 1192.13, 1679.06, 2, 1),
(667, 55, 651, 596.07, 839.53, 1, 1),
(668, 55, 252, 18743.2, 25186.11, 5, 1),
(669, 55, 23, 6060.81, 8536.35, 2, 1),
(670, 55, 122, 3278.39, 4617.46, 1, 1),
(671, 55, 111, 1192.13, 1679.06, 2, 1),
(672, 55, 387, 6705.8, 9444.79, 5, 1),
(673, 55, 672, 1993.71, 2808.04, 2, 1),
(674, 55, 537, 5364.64, 7555.83, 3, 1),
(675, 55, 138, 2980.33, 4197.65, 10, 1),
(676, 55, 174, 673.42, 948.48, 2, 1),
(677, 55, 92, 3725.43, 5247.09, 5, 1),
(678, 55, 523, 1192.13, 1679.06, 2, 1),
(679, 55, 21, 1043.12, 1469.18, 1, 1),
(680, 55, 673, 6705.81, 9444.8, 1, 1),
(681, 55, 543, 2980.33, 4197.65, 10, 1),
(682, 55, 321, 16835.58, 23712.08, 5, 1),
(683, 55, 502, 20117.43, 28334.41, 3, 1),
(684, 55, 112, 596.07, 839.53, 2, 1),
(685, 55, 155, 11921.44, 16790.76, 5, 1),
(686, 55, 674, 745.09, 1049.42, 1, 1),
(687, 55, 59, 5960.66, 8395.3, 10, 1),
(688, 55, 640, 3367.12, 4742.42, 5, 1),
(689, 55, 60, 5215.63, 7345.96, 1, 1),
(690, 55, 139, 8940.99, 12592.94, 30, 1),
(691, 55, 187, 37999.51, 53520.43, 15, 1),
(692, 55, 342, 3576.42, 5037.21, 3, 1),
(693, 55, 107, 16391.93, 23087.23, 10, 1),
(694, 55, 482, 6258.75, 8815.14, 2, 1),
(695, 55, 622, 6854.83, 9654.69, 2, 1),
(696, 55, 363, 7152.86, 10074.46, 3, 1),
(697, 55, 87, 6734.23, 9484.83, 20, 1),
(698, 55, 675, 3874.47, 5457, 2, 1),
(699, 55, 384, 7575.99, 10670.41, 5, 1),
(700, 55, 341, 6565.87, 9247.71, 1, 1),
(701, 55, 201, 4470.53, 6296.53, 2, 1),
(702, 55, 188, 8941.07, 12593.06, 10, 1),
(703, 55, 50, 6705.81, 9444.8, 1, 1),
(704, 55, 676, 3427.42, 4827.35, 1, 1),
(705, 55, 359, 6705.81, 9444.8, 1, 1),
(706, 55, 281, 7897.96, 11123.88, 1, 1),
(707, 56, 677, 8110.15, 5205.13, 2, 1),
(708, 56, 611, 16690.02, 23507.08, 2, 1),
(709, 56, 187, 12666.5, 17840.14, 5, 1),
(710, 56, 648, 14156.71, 19939.04, 1, 1),
(711, 56, 638, 11921.4, 16790.7, 10, 1),
(712, 56, 384, 7575.99, 10670.41, 5, 1),
(713, 56, 201, 6705.8, 9444.79, 3, 1),
(714, 56, 678, 1346.85, 1896.97, 4, 1),
(715, 56, 679, 1192.13, 1679.06, 2, 1),
(716, 56, 152, 3725.43, 5247.09, 5, 1),
(717, 56, 261, 2086.24, 2938.36, 2, 1),
(718, 56, 680, 2086.24, 2938.36, 2, 1),
(719, 56, 65, 8941.07, 12593.06, 20, 1),
(720, 56, 490, 2086.25, 2938.38, 1, 1),
(721, 56, 518, 2980.36, 4197.69, 1, 1),
(722, 56, 604, 1490.17, 2098.84, 2, 1),
(723, 56, 681, 2384.28, 3358.14, 2, 1),
(724, 56, 199, 2235.26, 3148.25, 3, 1),
(725, 56, 639, 149, 209.87, 2, 1),
(726, 56, 598, 21756.64, 30643.16, 2, 1),
(727, 56, 480, 2123.18, 2990.4, 3, 1),
(728, 57, 682, 841.72, 1185.52, 10, 1),
(729, 57, 683, 2551.64, 3593.86, 4, 1),
(730, 57, 201, 4470.53, 6296.53, 2, 1),
(731, 57, 384, 6060.79, 8536.33, 4, 1),
(732, 57, 241, 2235.27, 3148.26, 1, 1),
(733, 57, 684, 1788.21, 2518.61, 2, 1),
(734, 57, 348, 4023.48, 5666.88, 3, 1),
(735, 57, 685, 149, 209.87, 2, 1),
(736, 57, 686, 1178.49, 1659.84, 1, 1),
(737, 57, 687, 1683.55, 2371.2, 2, 1),
(738, 57, 711, 1346.85, 1896.97, 2, 1),
(739, 57, 712, 757.59, 1067.04, 1, 1),
(740, 57, 713, 7897.96, 11123.88, 1, 1),
(741, 57, 186, 420.86, 592.76, 5, 1),
(742, 57, 155, 9537.15, 13432.61, 4, 1),
(743, 57, 154, 8046.96, 11333.75, 2, 1),
(744, 57, 156, 1192.13, 1679.06, 4, 1),
(745, 57, 13, 1341.16, 1888.96, 3, 1),
(746, 57, 14, 4172.48, 5876.73, 4, 1),
(747, 57, 603, 2980.36, 4197.69, 2, 1),
(748, 57, 228, 2174.97, 3063.33, 2, 1),
(749, 57, 714, 6407.78, 9025.04, 1, 1),
(750, 57, 673, 6705.81, 9444.8, 1, 1),
(751, 57, 197, 372.51, 524.66, 5, 1),
(752, 57, 698, 10494.04, 14780.34, 3, 1),
(753, 57, 115, 13411.63, 18889.62, 3, 1),
(754, 57, 639, 745.02, 1049.33, 10, 1),
(755, 57, 335, 5466.79, 7699.71, 3, 1),
(756, 57, 537, 5364.64, 7555.83, 3, 1),
(757, 57, 669, 5811.7, 8185.5, 3, 1),
(758, 57, 531, 4470.53, 6296.53, 10, 1),
(759, 57, 602, 1192.13, 1679.06, 2, 1),
(760, 57, 693, 1087.48, 1531.67, 2, 1),
(761, 57, 553, 7450.9, 10494.23, 5, 1),
(762, 58, 549, 9444.81, 12593.08, 1, 1),
(763, 58, 688, 12593.08, 16790.77, 1, 1),
(764, 59, 689, 488.32, 2371.21, 5, 1),
(765, 59, 125, 5364.64, 7555.83, 2, 1),
(766, 59, 690, 6556.79, 9234.92, 1, 1),
(767, 59, 691, 7450.9, 10494.23, 1, 1),
(768, 59, 692, 515.18, 839.53, 2, 1),
(769, 59, 542, 8195.99, 11543.65, 1, 1),
(770, 59, 639, 745.02, 1049.33, 10, 1),
(771, 59, 69, 3725.45, 5247.11, 1, 1),
(772, 59, 693, 1087.48, 1531.67, 2, 1),
(773, 59, 694, 1348.99, 1899.99, 1, 1),
(774, 59, 695, 298.01, 419.73, 4, 1),
(775, 59, 54, 3874.47, 5457, 2, 1),
(776, 59, 696, 1094.31, 1541.28, 1, 1),
(777, 59, 583, 168.34, 237.1, 2, 1),
(778, 60, 697, 772.8, 1772.68, 5, 1),
(779, 60, 341, 6935.78, 9247.71, 1, 1),
(780, 60, 698, 7390.17, 9853.56, 2, 1),
(781, 60, 115, 4722.4, 6296.54, 1, 1),
(782, 60, 125, 2833.44, 3777.92, 1, 1),
(783, 60, 715, 14167.21, 18889.62, 1, 1),
(784, 61, 504, 36.32, 207.99, 2, 1),
(785, 61, 286, 832.5, 2350.04, 5, 1),
(786, 61, 699, 3120.16, 4160.21, 2, 1),
(787, 61, 330, 11311.79, 15082.39, 1, 1),
(788, 61, 432, 808.24, 1077.65, 1, 1),
(789, 61, 700, 1560.07, 2080.1, 2, 1),
(790, 61, 701, 1762.52, 2350.03, 2, 1),
(791, 61, 564, 468.02, 624.03, 1, 1),
(792, 61, 702, 936.05, 1248.06, 2, 1),
(793, 61, 368, 5928.3, 7904.4, 1, 1),
(794, 61, 703, 2496.13, 3328.17, 1, 1),
(795, 61, 565, 2276.99, 3035.98, 2, 1),
(796, 61, 566, 2496.12, 3328.16, 2, 1),
(797, 61, 211, 2808.14, 3744.19, 2, 1),
(798, 61, 704, 2276.99, 3035.98, 2, 1),
(799, 61, 377, 881.2, 1174.94, 10, 1),
(800, 61, 705, 352.5, 470, 2, 1),
(801, 61, 217, 1560.07, 2080.1, 2, 1),
(802, 61, 171, 3172.55, 4230.07, 3, 1),
(803, 61, 219, 1560.07, 2080.1, 2, 1),
(804, 61, 590, 9360.48, 12480.64, 2, 1),
(805, 61, 690, 6864.35, 9152.46, 1, 1),
(806, 61, 447, 4553.97, 6071.97, 2, 1),
(807, 61, 706, 9672.49, 12896.66, 1, 1),
(808, 61, 158, 2496.1, 3328.14, 4, 1),
(809, 61, 707, 9516.48, 12688.64, 1, 1),
(810, 61, 121, 1560.07, 2080.1, 2, 1),
(811, 61, 708, 18765.47, 25020.62, 10, 1),
(812, 61, 709, 3120.14, 4160.19, 4, 1),
(813, 61, 45, 3744.15, 4992.2, 6, 1),
(814, 61, 92, 3900.18, 5200.24, 5, 1),
(815, 61, 363, 7488.38, 9984.51, 3, 1),
(816, 61, 509, 389.98, 519.98, 5, 1),
(817, 61, 244, 936.05, 1248.06, 2, 1),
(818, 61, 243, 1248.05, 1664.07, 2, 1),
(819, 61, 220, 4743.71, 6324.95, 5, 1),
(820, 61, 523, 3120.13, 4160.17, 5, 1),
(821, 61, 482, 6552.32, 8736.43, 2, 1),
(822, 61, 111, 1248.05, 1664.07, 2, 1),
(823, 61, 507, 1560.06, 2080.08, 5, 1),
(824, 61, 716, 5148.25, 6864.33, 3, 1),
(825, 61, 105, 1560.02, 2080.03, 10, 1),
(826, 61, 556, 1560.02, 2080.03, 10, 1),
(827, 61, 171, 2115.03, 2820.04, 2, 1),
(828, 61, 447, 4553.97, 6071.97, 2, 1),
(829, 61, 717, 936.05, 1248.06, 2, 1),
(830, 61, 528, 1092.04, 1456.05, 2, 1),
(831, 61, 609, 12143.94, 16191.93, 2, 1),
(832, 61, 637, 1560.02, 2080.03, 10, 1),
(833, 61, 699, 3120.16, 4160.21, 2, 1),
(834, 61, 220, 2846.23, 3794.97, 3, 1),
(835, 61, 121, 1560.07, 2080.1, 2, 1),
(836, 61, 718, 2496.13, 3328.17, 1, 1),
(837, 61, 719, 2652.13, 3536.17, 1, 1),
(838, 61, 716, 1716.08, 2288.11, 1, 1),
(839, 61, 482, 6552.32, 8736.43, 2, 1),
(840, 61, 720, 440.6, 587.47, 5, 1),
(841, 61, 721, 2028.1, 2704.14, 1, 1),
(842, 61, 722, 6552.32, 8736.43, 2, 1),
(843, 61, 50, 7020.36, 9360.47, 1, 1),
(844, 61, 39, 1762.53, 2350.04, 5, 1),
(845, 61, 723, 1169.95, 1559.94, 15, 1),
(846, 61, 69, 7800.39, 10400.52, 2, 1),
(847, 61, 542, 8580.44, 11440.58, 1, 1),
(848, 61, 51, 3744.15, 4992.2, 6, 1),
(849, 62, 734, 1379, 4746.85, 1, 1),
(850, 62, 735, 2964.15, 3952.2, 1, 1),
(851, 62, 535, 3432.16, 4576.22, 2, 1),
(852, 62, 543, 312.01, 416.02, 1, 1),
(853, 62, 531, 1872.09, 2496.12, 4, 1),
(854, 62, 538, 4400.04, 7696.38, 2, 1),
(855, 62, 736, 6864.35, 9152.46, 2, 1),
(856, 62, 737, 6864.35, 9152.46, 2, 1),
(857, 62, 738, 4406.31, 5875.09, 1, 1),
(858, 62, 156, 1248.05, 1664.07, 4, 1),
(859, 62, 45, 3120.13, 4160.17, 5, 1),
(860, 62, 134, 2496.1, 3328.14, 8, 1),
(861, 62, 739, 4409.67, 7280.37, 1, 1),
(862, 62, 544, 624.03, 832.03, 2, 1),
(863, 62, 387, 4212.21, 5616.28, 3, 1),
(864, 62, 262, 3120.16, 4160.21, 1, 1),
(865, 62, 740, 1404.06, 1872.08, 2, 1),
(866, 62, 217, 2340.11, 3120.14, 3, 1),
(867, 62, 276, 2467.53, 3290.04, 2, 1),
(868, 62, 277, 2467.53, 3290.04, 2, 1),
(869, 63, 228, 4553.97, 6071.97, 4, 1),
(870, 63, 558, 624.03, 832.03, 2, 1),
(871, 63, 134, 3120.13, 4160.17, 10, 1),
(872, 63, 584, 4935.06, 6580.08, 4, 1),
(873, 63, 678, 1410.02, 1880.03, 4, 1),
(874, 63, 63, 704.99, 939.99, 4, 1),
(875, 63, 741, 6396.31, 8528.42, 2, 1),
(876, 63, 240, 1716.08, 2288.11, 2, 1),
(877, 63, 300, 1762.53, 2350.04, 5, 1),
(878, 63, 100, 1762.53, 2350.04, 5, 1),
(879, 63, 742, 10296.53, 13728.7, 1, 1),
(880, 63, 743, 10296.53, 13728.7, 1, 1),
(881, 63, 65, 2340.12, 3120.15, 5, 1),
(882, 63, 62, 4680.19, 6240.25, 15, 1),
(883, 63, 120, 4680.23, 6240.31, 5, 1),
(884, 63, 70, 3120.13, 4160.17, 10, 1),
(885, 63, 744, 1872.09, 2496.12, 2, 1),
(886, 63, 607, 1404.06, 1872.08, 2, 1),
(887, 63, 745, 2184.1, 2912.13, 2, 1),
(888, 63, 50, 7020.36, 9360.47, 1, 1),
(889, 63, 280, 1897.48, 2529.98, 2, 1),
(890, 63, 110, 758.99, 1011.99, 2, 1),
(891, 63, 746, 7020.36, 9360.47, 1, 1),
(892, 63, 535, 6864.33, 9152.44, 4, 1),
(893, 63, 165, 1762.52, 2350.03, 2, 1),
(894, 63, 690, 6864.35, 9152.46, 1, 1),
(895, 63, 53, 3980.46, 7072.34, 2, 1),
(896, 63, 502, 14249.07, 28081.42, 3, 1),
(897, 63, 115, 37495.8, 62403.2, 10, 1),
(898, 63, 538, 8800.08, 15392.77, 4, 1),
(899, 63, 505, 11601.72, 20801.04, 4, 1),
(900, 63, 623, 9900.09, 17625.27, 1, 1),
(901, 63, 328, 15799.74, 27041.38, 2, 1),
(902, 63, 321, 5601.06, 9400.15, 2, 1),
(903, 63, 204, 4995, 7589.96, 10, 1),
(904, 63, 107, 14496.6, 22881.1, 10, 1),
(905, 64, 623, 49504.5, 88126.34, 5, 1),
(906, 64, 113, 2340.12, 3120.15, 5, 1),
(907, 64, 321, 8401.59, 14100.22, 3, 1),
(908, 65, 747, 2846.23, 3794.98, 1, 1),
(909, 65, 748, 1248.05, 1664.07, 2, 1),
(910, 65, 204, 9990, 15179.92, 20, 1),
(911, 65, 107, 28993.2, 45762.19, 20, 1),
(912, 65, 506, 312.01, 416.02, 1, 1),
(913, 65, 481, 17628.9, 23505.2, 1, 1),
(914, 65, 589, 2496.1, 3328.14, 4, 1),
(915, 65, 11, 5928.3, 7904.4, 2, 1),
(916, 65, 273, 2184.11, 2912.14, 1, 1),
(917, 65, 257, 1762.49, 2349.98, 10, 1),
(918, 65, 386, 1872.09, 2496.12, 1, 1),
(919, 65, 645, 4056.21, 5408.28, 1, 1),
(920, 65, 385, 6240.32, 8320.43, 1, 1),
(921, 65, 736, 10296.52, 13728.69, 3, 1),
(922, 65, 737, 6864.35, 9152.46, 2, 1),
(923, 65, 531, 4680.23, 6240.31, 10, 1),
(924, 65, 171, 2115.03, 2820.04, 2, 1),
(925, 65, 533, 936.05, 1248.06, 2, 1),
(926, 66, 749, 6323.52, 8320.43, 1, 1),
(927, 66, 506, 316.17, 416.02, 1, 1),
(928, 66, 612, 3319.84, 4368.22, 1, 1),
(929, 66, 254, 2845.58, 3744.19, 1, 1),
(930, 66, 750, 4742.64, 6240.32, 1, 1),
(931, 66, 277, 1250.22, 1645.02, 1, 1),
(932, 66, 332, 2213.22, 2912.13, 2, 1),
(933, 66, 751, 714.41, 940.01, 2, 1),
(934, 66, 752, 1897.05, 2496.12, 2, 1),
(935, 66, 753, 1897.05, 2496.12, 2, 1),
(936, 66, 754, 632.35, 832.03, 1, 1),
(937, 66, 325, 12778.62, 16813.97, 1, 1),
(938, 66, 386, 1897.05, 2496.12, 1, 1),
(939, 66, 645, 4110.29, 5408.28, 1, 1),
(940, 66, 385, 6323.52, 8320.43, 1, 1),
(941, 66, 329, 5058.82, 6656.34, 2, 1),
(942, 66, 622, 7272.05, 9568.49, 2, 1),
(943, 66, 14, 1106.61, 1456.06, 1, 1),
(944, 66, 755, 7113.96, 9360.47, 1, 1),
(945, 66, 756, 2321.83, 3055.04, 1, 1),
(946, 66, 552, 2679.02, 3525.03, 5, 1),
(947, 66, 757, 17389.69, 22881.17, 1, 1),
(948, 66, 758, 22922.77, 30161.54, 1, 1),
(949, 66, 483, 3794.11, 4992.25, 2, 1),
(950, 66, 11, 6007.34, 7904.4, 2, 1),
(951, 66, 12, 2213.22, 2912.13, 2, 1),
(952, 66, 599, 1818.01, 2392.12, 1, 1),
(953, 66, 29, 192.27, 252.99, 2, 1),
(954, 66, 759, 316.16, 416.01, 2, 1),
(955, 66, 600, 474.26, 624.03, 1, 1),
(956, 66, 648, 15018.37, 19761.01, 1, 1),
(957, 66, 447, 2307.35, 3035.98, 1, 1),
(958, 67, 640, 7144.11, 9400.15, 10, 1),
(959, 67, 552, 5358.04, 7050.05, 10, 1),
(960, 67, 638, 5058.8, 6656.31, 4, 1),
(961, 67, 209, 357.18, 469.97, 4, 1),
(962, 67, 760, 5077.71, 6681.2, 10, 1),
(963, 67, 761, 769.11, 1011.99, 1, 1),
(964, 67, 260, 1897.05, 2496.12, 2, 1),
(965, 67, 756, 2321.83, 3055.04, 1, 1),
(966, 67, 762, 1897.05, 2496.12, 2, 1),
(967, 67, 753, 1897.05, 2496.12, 2, 1),
(968, 67, 763, 948.53, 1248.06, 1, 1),
(969, 67, 754, 1264.69, 1664.07, 2, 1),
(970, 67, 751, 714.41, 940.01, 2, 1),
(971, 67, 764, 7272.05, 9568.49, 2, 1),
(972, 67, 765, 9485.29, 12480.64, 1, 1),
(973, 67, 766, 78727.87, 103589.31, 1, 1),
(974, 68, 767, 865.26, 1138.49, 1, 1),
(975, 68, 16, 1106.61, 1456.06, 1, 1),
(976, 68, 341, 11600.01, 18330.27, 2, 1),
(977, 68, 578, 24999.98, 38481.92, 5, 1),
(978, 68, 505, 6599.99, 10400.52, 2, 1),
(979, 68, 120, 9485.27, 12480.62, 10, 1),
(980, 68, 118, 12499.99, 19761, 5, 1),
(981, 68, 116, 14750.01, 22881.15, 5, 1),
(982, 68, 135, 8279.98, 14976.74, 12, 1),
(983, 68, 137, 7199.99, 10789.2, 12, 1),
(984, 68, 144, 7800.06, 13306.68, 12, 1),
(985, 68, 529, 14499.99, 31201.6, 5, 1),
(986, 69, 145, 1250.22, 1645.02, 1, 1),
(987, 69, 689, 483.96, 2350.04, 5, 1),
(988, 69, 178, 892.99, 1174.99, 5, 1),
(989, 69, 211, 2845.58, 3744.19, 2, 1),
(990, 69, 527, 3161.73, 4160.17, 10, 1),
(991, 69, 756, 2321.83, 3055.04, 1, 1),
(992, 69, 139, 3161.73, 4160.17, 10, 1),
(993, 69, 138, 3161.73, 4160.17, 10, 1),
(994, 69, 109, 961.37, 1264.96, 10, 1),
(995, 69, 333, 2371.32, 3120.15, 5, 1),
(996, 69, 332, 2213.22, 2912.13, 2, 1),
(997, 69, 65, 2371.32, 3120.15, 5, 1),
(998, 69, 768, 9643.37, 12688.64, 1, 1),
(999, 69, 31, 1580.86, 2080.08, 5, 1),
(1000, 69, 355, 790.37, 1039.96, 10, 1),
(1001, 69, 769, 79.04, 104, 1, 1),
(1002, 69, 621, 3794.11, 4992.25, 1, 1),
(1003, 69, 595, 1422.78, 1872.08, 2, 1),
(1004, 69, 22, 4742.63, 6240.31, 10, 1),
(1005, 69, 175, 8930.1, 11750.13, 10, 1),
(1006, 69, 11, 6007.34, 7904.4, 2, 1),
(1007, 69, 770, 2115.07, 2782.98, 1, 1),
(1008, 69, 60, 5000, 7280.37, 1, 1),
(1009, 69, 673, 14227.92, 18720.95, 2, 1),
(1010, 69, 771, 6251.08, 8225.1, 5, 1),
(1011, 69, 520, 790.37, 1039.96, 10, 1),
(1012, 69, 772, 1250.22, 1645.02, 1, 1),
(1013, 69, 110, 769.11, 1011.99, 2, 1),
(1014, 69, 280, 3845.57, 5059.96, 4, 1),
(1015, 69, 773, 384.56, 505.99, 1, 1),
(1016, 69, 260, 948.53, 1248.06, 1, 1),
(1017, 69, 56, 769.11, 1011.99, 1, 1),
(1018, 69, 220, 961.39, 1264.99, 1, 1),
(1019, 69, 111, 1264.69, 1664.07, 2, 1),
(1020, 69, 774, 714.41, 940.01, 2, 1),
(1021, 69, 42, 1786.03, 2350.04, 1, 1),
(1022, 69, 426, 6429.7, 8460.13, 3, 1),
(1023, 69, 150, 23999.98, 33281.57, 20, 1),
(1024, 69, 201, 7113.95, 9360.46, 3, 1),
(1025, 69, 129, 2213.22, 2912.13, 2, 1),
(1026, 69, 52, 2529.38, 3328.14, 4, 1),
(1027, 69, 51, 3794.07, 4992.2, 6, 1),
(1028, 70, 187, 22999.98, 35361.71, 10, 1),
(1029, 70, 23, 12600, 21150.33, 5, 1),
(1030, 70, 483, 3000, 4992.25, 2, 1),
(1031, 70, 775, 3000, 4576.22, 2, 1),
(1032, 70, 262, 10520, 16640.85, 4, 1),
(1033, 70, 522, 5939.99, 8448.08, 6, 1),
(1034, 70, 319, 21450, 30359.88, 3, 1),
(1035, 70, 164, 5250.01, 8112.41, 3, 1),
(1036, 70, 154, 7199.99, 11232.56, 2, 1),
(1037, 70, 742, 8600, 13728.7, 1, 1),
(1038, 70, 743, 17200, 27457.4, 2, 1),
(1039, 70, 611, 7300, 11648.6, 1, 1),
(1040, 70, 386, 7849.98, 12480.62, 5, 1),
(1041, 70, 120, 7999.99, 12480.62, 10, 1),
(1042, 70, 776, 2000, 3120.15, 1, 1),
(1043, 70, 561, 1500, 2288.11, 1, 1),
(1044, 71, 441, 106.38, 362.02, 1, 1),
(1045, 71, 338, 7281.99, 9581.56, 4, 1),
(1046, 71, 335, 7732.71, 10174.62, 4, 1),
(1047, 71, 327, 10500, 15490.05, 1, 1),
(1048, 71, 62, 1580.86, 2080.08, 5, 1),
(1049, 71, 777, 2845.58, 3744.19, 2, 1),
(1050, 71, 778, 2845.58, 3744.19, 2, 1),
(1051, 71, 167, 790.37, 1039.96, 10, 1),
(1052, 71, 151, 2845.58, 3744.19, 6, 1),
(1053, 71, 173, 5691.16, 7488.37, 6, 1),
(1054, 71, 165, 4465.05, 5875.06, 5, 1),
(1055, 71, 363, 12647.04, 16640.84, 5, 1),
(1056, 71, 556, 3161.64, 4160.06, 20, 1),
(1057, 71, 482, 9959.53, 13104.65, 3, 1),
(1058, 71, 269, 6323.52, 8320.43, 2, 1),
(1059, 71, 272, 4268.37, 5616.28, 3, 1),
(1060, 71, 271, 2845.58, 3744.19, 2, 1),
(1061, 71, 270, 3161.76, 4160.21, 1, 1),
(1062, 71, 113, 2845.58, 3744.19, 6, 1),
(1063, 71, 201, 7113.95, 9360.46, 3, 1),
(1064, 72, 729, 178.59, 234.99, 2, 1),
(1065, 72, 730, 535.77, 704.96, 6, 1),
(1066, 72, 731, 474.22, 623.98, 6, 1),
(1067, 72, 289, 632.35, 832.03, 2, 1),
(1068, 72, 198, 89.3, 117.49, 1, 1),
(1069, 72, 732, 2321.83, 3055.04, 1, 1),
(1070, 72, 733, 1580.88, 2080.11, 1, 1),
(1071, 72, 168, 1580.82, 2080.03, 10, 1),
(1072, 72, 734, 535.8, 704.99, 3, 1),
(1073, 72, 735, 158.08, 208, 1, 1),
(1074, 73, 525, 15403.29, 20267.49, 1, 1),
(1075, 73, 526, 11152.39, 14674.2, 1, 1),
(1076, 73, 23, 15120, 25380.39, 6, 1),
(1077, 73, 736, 11066.17, 14560.75, 1, 1),
(1078, 73, 110, 2307.33, 3035.96, 6, 1),
(1079, 73, 193, 4742.63, 6240.31, 10, 1),
(1080, 73, 433, 4742.63, 6240.31, 10, 1),
(1081, 73, 593, 5358.04, 7050.05, 10, 1),
(1082, 73, 359, 14227.92, 18720.95, 2, 1),
(1083, 73, 734, 1428.79, 1879.98, 8, 1),
(1084, 73, 306, 2845.58, 3744.19, 6, 1),
(1085, 73, 219, 3952.18, 5200.24, 5, 1),
(1086, 73, 289, 632.35, 832.03, 2, 1),
(1087, 73, 737, 1897.05, 2496.12, 2, 1),
(1088, 73, 335, 7732.71, 10174.62, 4, 1),
(1089, 73, 314, 2500.43, 3290.04, 2, 1),
(1090, 73, 348, 5691.16, 7488.37, 4, 1),
(1091, 73, 66, 4742.63, 6240.31, 5, 1),
(1092, 73, 106, 4742.63, 6240.31, 5, 1),
(1093, 73, 188, 5691.16, 7488.37, 6, 1),
(1094, 73, 187, 16124.94, 21217.03, 6, 1),
(1095, 73, 118, 18022.03, 23713.2, 6, 1),
(1096, 73, 363, 12647.04, 16640.84, 5, 1),
(1097, 73, 730, 535.77, 704.96, 6, 1),
(1098, 73, 89, 1897.04, 2496.1, 6, 1),
(1099, 73, 90, 1071.59, 1409.99, 6, 1),
(1100, 73, 85, 2143.23, 2820.04, 6, 1),
(1101, 73, 254, 5691.16, 7488.37, 2, 1),
(1102, 73, 738, 2371.32, 3120.15, 1, 1),
(1103, 73, 739, 3319.84, 4368.22, 1, 1),
(1104, 73, 386, 3794.11, 4992.25, 2, 1),
(1105, 73, 105, 3161.64, 4160.06, 20, 1),
(1106, 73, 387, 4268.37, 5616.28, 3, 1),
(1107, 73, 150, 7588.2, 9984.47, 6, 1),
(1108, 73, 355, 790.37, 1039.96, 10, 1),
(1109, 73, 102, 790.37, 1039.96, 10, 1),
(1110, 73, 101, 961.37, 1264.96, 10, 1),
(1111, 73, 260, 5691.16, 7488.37, 6, 1),
(1112, 73, 202, 790.37, 1039.96, 10, 1),
(1113, 73, 168, 1580.82, 2080.03, 10, 1),
(1114, 73, 321, 21432.33, 28200.44, 6, 1),
(1115, 73, 182, 474.22, 623.98, 6, 1),
(1116, 73, 207, 790.37, 1039.96, 10, 1),
(1117, 73, 180, 2143.08, 2819.84, 24, 1),
(1118, 73, 401, 395.18, 519.98, 5, 1),
(1119, 73, 258, 790.37, 1039.96, 10, 1),
(1120, 73, 151, 4742.63, 6240.31, 10, 1),
(1121, 73, 257, 3571.97, 4699.96, 20, 1),
(1122, 73, 466, 21183.79, 27873.41, 2, 1),
(1123, 73, 740, 1607.41, 2115.02, 3, 1),
(1124, 73, 741, 17389.68, 22881.16, 2, 1),
(1125, 73, 742, 20077.18, 26417.35, 1, 1),
(1126, 73, 146, 3161.73, 4160.17, 10, 1),
(1127, 73, 743, 1580.82, 2080.03, 10, 1),
(1128, 73, 368, 12014.69, 15808.8, 2, 1),
(1129, 74, 744, 15764.35, 20742.57, 1, 1),
(1130, 74, 732, 4643.66, 6110.08, 2, 1),
(1131, 75, 745, 1493.44, 2590.53, 1, 1),
(1132, 75, 746, 2441.31, 3212.25, 1, 1),
(1133, 75, 747, 919.53, 1209.91, 1, 1),
(1134, 75, 748, 1302.68, 1714.05, 1, 1),
(1135, 75, 749, 919.53, 1209.91, 1, 1),
(1136, 75, 120, 4801.86, 7488.37, 6, 1),
(1137, 75, 110, 1922.78, 2529.97, 5, 1),
(1138, 75, 627, 1580.82, 2080.03, 10, 1),
(1139, 75, 211, 7113.95, 9360.46, 5, 1),
(1140, 75, 243, 3794.07, 4992.2, 6, 1),
(1141, 75, 220, 5768.35, 7589.94, 6, 1),
(1142, 75, 95, 1897.05, 2496.12, 4, 1),
(1143, 75, 300, 1786.03, 2350.04, 5, 1),
(1144, 75, 100, 1786.03, 2350.04, 5, 1),
(1145, 75, 289, 1264.69, 1664.07, 4, 1),
(1146, 75, 262, 9485.29, 12480.64, 3, 1),
(1147, 75, 484, 8852.91, 11648.56, 4, 1),
(1148, 75, 198, 892.95, 1174.94, 10, 1),
(1149, 75, 750, 5216.91, 6864.35, 1, 1),
(1150, 75, 257, 3571.97, 4699.96, 20, 1),
(1151, 75, 163, 4236.74, 5574.66, 2, 1),
(1152, 75, 312, 2055.07, 2704.04, 13, 1),
(1153, 75, 138, 1580.86, 2080.08, 5, 1),
(1154, 75, 26, 3403.55, 4478.35, 5, 1),
(1155, 75, 293, 316.17, 416.02, 1, 1),
(1156, 75, 146, 1580.86, 2080.08, 5, 1),
(1157, 75, 172, 892.99, 1174.99, 5, 1),
(1158, 75, 274, 4742.63, 6240.31, 10, 1),
(1159, 75, 165, 2679.03, 3525.04, 3, 1),
(1160, 75, 203, 790.37, 1039.96, 10, 1),
(1161, 75, 376, 2371.11, 3119.88, 30, 1),
(1162, 75, 229, 4742.63, 6240.31, 5, 1),
(1163, 75, 375, 7144.11, 9400.15, 10, 1),
(1164, 75, 343, 1428.82, 1880.03, 2, 1),
(1165, 75, 318, 25294.08, 33281.68, 5, 1),
(1166, 75, 137, 3416.58, 4495.5, 5, 1),
(1167, 75, 144, 4213.78, 5544.45, 5, 1),
(1168, 75, 135, 9485.27, 12480.62, 10, 1),
(1169, 75, 51, 6323.46, 8320.34, 10, 1),
(1170, 75, 218, 7904.36, 10400.48, 10, 1),
(1171, 75, 280, 5768.35, 7589.94, 6, 1),
(1172, 75, 359, 14227.92, 18720.95, 2, 1),
(1173, 75, 434, 3161.64, 4160.06, 20, 1),
(1174, 75, 453, 787.52, 1036.21, 2, 1),
(1175, 75, 751, 3449.33, 4538.59, 3, 1),
(1176, 75, 407, 2107.27, 2772.72, 5, 1),
(1177, 75, 116, 59007.6, 91524.61, 20, 1),
(1178, 75, 118, 54989.4, 79043.99, 20, 1),
(1179, 75, 481, 53591.87, 70515.61, 3, 1),
(1180, 76, 120, 11204.34, 17472.87, 14, 1),
(1181, 77, 752, 166, 656.71, 1, 1),
(1182, 77, 486, 872.77, 2435.01, 2, 1),
(1183, 77, 150, 11999.1, 16640.79, 10, 1),
(1184, 77, 165, 893.01, 1175.01, 1, 1),
(1185, 77, 199, 790.44, 1040.05, 1, 1),
(1186, 77, 321, 16600.05, 23500.36, 5, 1),
(1187, 77, 188, 4742.63, 6240.31, 5, 1),
(1188, 77, 187, 13437.45, 17680.86, 5, 1),
(1189, 77, 23, 12600, 21150.33, 5, 1),
(1190, 77, 753, 1580.82, 2080.03, 10, 1),
(1191, 77, 754, 1580.82, 2080.03, 10, 1),
(1192, 77, 130, 9485.29, 12480.64, 3, 1),
(1193, 77, 163, 4236.74, 5574.66, 2, 1),
(1194, 77, 363, 12647.04, 16640.84, 5, 1),
(1195, 77, 755, 11398.59, 18720.96, 3, 1),
(1196, 77, 756, 1343.75, 1768.09, 1, 1),
(1197, 77, 412, 587.22, 772.66, 3, 1),
(1198, 77, 748, 1302.68, 1714.05, 1, 1),
(1199, 77, 747, 2758.6, 3629.73, 3, 1),
(1200, 77, 147, 3794.11, 4992.25, 2, 1),
(1201, 77, 97, 632.35, 832.03, 1, 1),
(1202, 77, 695, 79.04, 104, 1, 1),
(1203, 77, 273, 11066.13, 14560.7, 5, 1),
(1204, 77, 757, 37000.74, 58242.99, 2, 1),
(1205, 77, 154, 7199.99, 11232.56, 2, 1),
(1206, 77, 758, 6899.76, 11205.82, 3, 1),
(1207, 77, 21, 5401.26, 8736.39, 6, 1),
(1208, 77, 384, 7248.3, 10575.14, 5, 1),
(1209, 77, 598, 19000.98, 30369.56, 2, 1),
(1210, 78, 205, 7904.36, 10400.48, 10, 1),
(1211, 78, 23, 12600, 21150.33, 5, 1),
(1212, 78, 188, 4742.63, 6240.31, 5, 1),
(1213, 78, 187, 13437.45, 17680.86, 5, 1),
(1214, 78, 759, 3319.84, 4368.21, 2, 1),
(1215, 78, 760, 3319.84, 4368.21, 2, 1),
(1216, 78, 761, 78.79, 103.67, 10, 1),
(1217, 78, 762, 790.41, 1040.01, 5, 1),
(1218, 78, 763, 790.44, 1040.05, 1, 1),
(1219, 78, 274, 2845.58, 3744.19, 6, 1),
(1220, 78, 750, 5216.91, 6864.35, 1, 1),
(1221, 78, 764, 632.35, 832.03, 2, 1),
(1222, 78, 765, 632.35, 832.03, 2, 1),
(1223, 78, 766, 948.53, 1248.06, 2, 1),
(1224, 78, 450, 1738.96, 2288.11, 1, 1),
(1225, 78, 302, 3161.75, 4160.19, 4, 1),
(1226, 78, 479, 5691.16, 7488.37, 2, 1),
(1227, 78, 134, 316.17, 416.02, 1, 1),
(1228, 78, 59, 3161.73, 4160.17, 5, 1),
(1229, 78, 45, 3161.73, 4160.17, 5, 1),
(1230, 78, 767, 1264.69, 1664.07, 2, 1),
(1231, 78, 74, 3161.73, 4160.17, 5, 1),
(1232, 78, 768, 632.35, 832.03, 2, 1),
(1233, 79, 771, 14144.73, 16640.85, 1, 1),
(1234, 80, 772, 31617.62, 41602.13, 2, 1),
(1235, 80, 482, 6639.69, 8736.43, 2, 1),
(1236, 81, 773, 10752.45, 12649.94, 2, 1),
(1237, 81, 107, 43489.8, 68643.29, 30, 1),
(1238, 81, 481, 79917.7, 94020.82, 4, 1),
(1239, 81, 414, 10431.73, 12272.63, 1, 1),
(1240, 81, 321, 13280.04, 18800.29, 4, 1),
(1241, 81, 439, 3182.56, 3744.19, 2, 1),
(1242, 81, 774, 4693.91, 5522.25, 5, 1),
(1243, 81, 164, 4597.03, 5408.28, 2, 1),
(1244, 81, 526, 12473.07, 14674.2, 1, 1),
(1245, 81, 327, 20998.98, 30980.1, 2, 1),
(1246, 82, 775, 8215.81, 10810.28, 1, 1),
(1247, 82, 776, 13437.49, 17680.9, 1, 1),
(1248, 82, 338, 3640.99, 4790.78, 2, 1),
(1249, 82, 777, 4426.45, 5824.28, 2, 1),
(1250, 82, 482, 6639.69, 8736.43, 2, 1),
(1251, 82, 368, 18022.03, 23713.2, 3, 1),
(1252, 82, 778, 5216.89, 6864.33, 3, 1),
(1253, 82, 716, 5216.89, 6864.33, 3, 1),
(1254, 82, 21, 900.21, 1456.06, 1, 1),
(1255, 82, 129, 2213.22, 2912.13, 2, 1),
(1256, 82, 359, 21341.88, 28081.42, 3, 1),
(1257, 82, 19, 4742.63, 6240.31, 10, 1),
(1258, 82, 522, 5350.45, 7040.06, 5, 1),
(1259, 82, 611, 8852.93, 11648.6, 1, 1),
(1260, 82, 772, 31617.62, 41602.13, 2, 1),
(1261, 82, 271, 5691.16, 7488.37, 4, 1),
(1262, 82, 272, 5691.16, 7488.37, 4, 1),
(1263, 82, 229, 1897.05, 2496.12, 2, 1),
(1264, 82, 228, 2307.35, 3035.98, 2, 1),
(1265, 82, 779, 7272.05, 9568.49, 2, 1),
(1266, 82, 482, 6639.69, 8736.43, 2, 1),
(1267, 82, 780, 5801.06, 7632.97, 5, 1),
(1268, 82, 374, 14227.92, 18720.95, 2, 1),
(1269, 82, 741, 17389.68, 22881.16, 2, 1),
(1270, 82, 368, 6007.34, 7904.4, 1, 1),
(1271, 82, 26, 6807.09, 8956.7, 10, 1),
(1272, 82, 773, 9613.95, 12649.94, 2, 1),
(1273, 82, 187, 26874.9, 35361.71, 10, 1),
(1274, 82, 188, 9485.27, 12480.62, 10, 1),
(1275, 82, 254, 14227.9, 18720.93, 5, 1);

-- --------------------------------------------------------

--
-- Table structure for table `item`
--

CREATE TABLE IF NOT EXISTS `item` (
  `ItemID` int(11) NOT NULL AUTO_INCREMENT,
  `BrandID` int(11) NOT NULL,
  `item_part_no` varchar(50) DEFAULT NULL,
  `buyingprice` double DEFAULT NULL,
  `sellingprice` double DEFAULT NULL,
  `addeddate` date DEFAULT NULL,
  `image` blob,
  `Description` varchar(50) DEFAULT NULL,
  `remarks` varchar(1000) DEFAULT NULL,
  `commision` double NOT NULL,
  `re_order_qty` double DEFAULT NULL,
  `key_id` int(11) DEFAULT NULL,
  `supplier_id` int(11) DEFAULT NULL,
  `type_id` int(11) DEFAULT NULL,
  `rack_no` varchar(45) DEFAULT NULL,
  `status` int(11) DEFAULT NULL,
  PRIMARY KEY (`ItemID`,`BrandID`),
  UNIQUE KEY `item_part_no_UNIQUE` (`item_part_no`),
  KEY `BrandID_idx` (`BrandID`)
) ENGINE=InnoDB  DEFAULT CHARSET=latin1 AUTO_INCREMENT=783 ;

--
-- Dumping data for table `item`
--

INSERT INTO `item` (`ItemID`, `BrandID`, `item_part_no`, `buyingprice`, `sellingprice`, `addeddate`, `image`, `Description`, `remarks`, `commision`, `re_order_qty`, `key_id`, `supplier_id`, `type_id`, `rack_no`, `status`) VALUES
(1, 1, 'TE207430100106', 1500, 0, '2014-08-22', 0x4e6f20496d616765, 'ASSY.  PULL  CABLE', '-', 20, 1000, 1, 1, 0, '2', 0),
(2, 1, 'TE207830200104', 1264.99, 0, '2014-08-22', 0x2d, 'ASSY P/CABLE ENGINE STOP', '-', 12, 500, 0, 1, 0, NULL, 1),
(3, 1, 'TE250726700152', 1040.05, 0, '2014-08-22', 0x2d, 'SUB ASSY BALL & SOCKET', '-', 40, 7000, 0, 1, 0, NULL, 1),
(4, 1, 'TE251029300102', 3952.2, 0, '2014-08-22', 0x2d, 'ASSY CL SLAVE CYLINDER', '-', 20, 850, 0, 1, 0, NULL, 1),
(5, 1, 'TE252318130139', 0, 0, '2014-08-22', 0x2d, '-', '-', 40, 1000, 0, 1, 0, NULL, 0),
(6, 1, 'TE252414115304', 312.01, 0, '2014-08-22', 0x2d, 'GASKET EXH MANIFOLD', '-', 52, 1500, 0, 1, 0, NULL, 1),
(7, 1, 'TE252501155341', 3120.15, 0, '2014-08-22', 0x2d, 'CYLINDER HEAD GASKET 697 TU', '-', 10, 2500, 0, 1, 0, NULL, 1),
(8, 1, 'TE252509130117', 4160.21, 0, '2014-08-22', 0x4e6f20496d616765, 'AIR FILTER ELEMENT 1313', '-', 40, 0, 0, 1, 0, NULL, 1),
(9, 1, 'TE252701155302', 832.03, 0, '2014-08-22', 0x2d, 'GASKET TAPPET COVER', '-', 70, 0, 0, 1, 0, NULL, 1),
(10, 1, 'TE252707130130', 5833.21, 0, '2014-08-22', 0x2d, 'ASSY.  VACUUM  CYLINDER', '-', 40, 0, 0, 1, 0, NULL, 1),
(11, 1, 'TE252709130329', 3952.2, 0, '2014-08-22', 0x2d, 'ELEM. AIR CLEANER (PRIMARY)', '-', 60, 0, 0, 1, 0, NULL, 1),
(12, 1, 'TE252709130330', 1456.06, 0, '2014-08-22', 0x2d, 'ELEM AIR CLEANER (SAFETY)', '-', 20, 0, 0, 1, 0, NULL, 1),
(13, 1, 'TE252718130105', 624.03, 0, '2014-08-22', 0x2d, 'OIL FILTER', '-', 10, 0, 0, 1, 0, '1', 1),
(14, 1, 'TE252718130132', 1456.06, 0, '2014-08-22', 0x2d, 'LUBE OIL FILTER-SPIN ON', '-', 0, 0, 0, 1, 0, NULL, 1),
(15, 1, 'TE252719900101', 0, 0, '2014-08-22', 0x2d, '-', '-', 0, 0, 0, 1, 0, NULL, 1),
(16, 1, 'TE253401155308', 1456.06, 0, '2014-08-22', 0x2d, 'CYL HEAD GASKET', '-', 0, 0, 0, 1, 0, NULL, 1),
(17, 1, 'TE253409130241', 3120.15, 0, '2014-08-22', 0x2d, 'ASSY  ELEMENT  AIR  CLEANER', '-', 0, 0, 0, 1, 0, NULL, 1),
(18, 1, 'TE253415406302', 1880.03, 0, '2014-08-22', 0x2d, 'POLY V BELT(6PK)1173 LG', '-', 0, 0, 0, 1, 0, NULL, 1),
(19, 1, 'TE253418130129', 624.03, 0, '2014-08-22', 0x2d, 'OIL FILTER', '-', 0, 0, 0, 1, 0, NULL, 1),
(20, 1, 'TE253418130165', 1517.99, 0, '2014-08-22', 0x2d, 'ASSY OIL FILTER', '-', 0, 0, 0, 1, 0, NULL, 1),
(21, 1, 'TE253418130169', 1456.06, 0, '2014-08-22', 0x2d, 'ASSY.  OIL  FILTER', '-', 0, 0, 0, 1, 0, NULL, 1),
(22, 1, 'TE254701157814', 624.03, 0, '2014-08-22', 0x2d, 'OIL SEAL-CAM SHAFT', '-', 0, 0, 0, 1, 0, NULL, 1),
(23, 1, 'TE254705116301', 4230.07, 0, '2014-08-22', 0x2d, 'TIMING BELT', '-', 0, 0, 0, 1, 0, NULL, 1),
(24, 1, 'TE254709110119', 1040.05, 0, '2014-08-22', 0x2d, 'DIESEL FILTER ( LUCAS )', '-', 0, 0, 0, 1, 0, NULL, 1),
(25, 1, 'TE254709130182', 2912.14, 0, '2014-08-22', 0x2d, 'AIR FILTER CARTRIDGE  (DI)', '-', 0, 0, 0, 1, 0, NULL, 1),
(26, 1, 'TE254718130106', 895.67, 0, '2014-08-22', 0x2d, 'OIL FILTER', '-', 0, 0, 0, 1, 0, NULL, 1),
(27, 1, 'TE254718130115', 1011.99, 0, '2014-08-22', 0x2d, 'OIL FILTER ASSY', '-', 0, 0, 0, 1, 0, NULL, 1),
(28, 1, 'TE254718130117', 1264.99, 0, '2014-08-22', 0x2d, 'ASSY. OIL FILTER REDUCED LENGTH', '-', 0, 0, 0, 1, 0, NULL, 1),
(29, 1, 'TE254750106305', 126.5, 0, '2014-08-22', 0x2d, 'CAP AUXILARY WATER TANK', '-', 0, 0, 0, 1, 0, NULL, 1),
(30, 1, 'TE257329100159', 1352.07, 0, '2014-08-22', 0x2d, 'CLUTCH M/CY WASHER KIT', '-', 0, 0, 0, 1, 0, NULL, 1),
(31, 1, 'TE257329100161', 416.02, 0, '2014-08-22', 0x2d, 'CLUTCH SLAVE CY KIT', '-', 0, 0, 0, 1, 0, NULL, 1),
(32, 1, 'TE257335307705', 705.01, 0, '2014-08-22', 0x2d, 'OIL SEAL', '-', 0, 0, 0, 1, 0, NULL, 1),
(33, 1, 'TE257344500107', 759, 0, '2014-08-22', 0x2d, 'POWER STEERING FILTER - RANE', '-', 0, 0, 0, 1, 0, NULL, 1),
(34, 1, 'TE257433800102', 3120.15, 0, '2014-08-22', 0x2d, 'ASSY BALL JOINT LH', '-', 0, 0, 0, 1, 0, NULL, 1),
(35, 1, 'TE257450006301', 235, 0, '2014-08-22', 0x2d, 'RUBBER BUFFER', '-', 0, 0, 0, 1, 0, NULL, 1),
(36, 1, 'TE257624100101', 3288.99, 0, '2014-08-22', 0x2d, 'ENGINE MOUNT FRONT RIGHT', '-', 0, 0, 0, 1, 0, NULL, 1),
(37, 1, 'TE257624200118', 2782.98, 0, '2014-08-22', 0x2d, 'ENGINE MOUNT', '-', 0, 0, 0, 1, 0, NULL, 1),
(38, 1, 'TE257632103401', 1011.99, 0, '2014-08-22', 0x2d, 'FRONT SPRING BUSH', '-', 0, 0, 0, 1, 0, NULL, 1),
(39, 1, 'TE257633407801', 470.01, 0, '2014-08-22', 0x2d, 'FRONT HUB OIL SEAL', '-', 0, 0, 0, 1, 0, NULL, 1),
(40, 1, 'TE257643790159', 624.03, 0, '2014-08-22', 0x2d, 'DRAIN VALVE TILT TYPE', '-', 0, 0, 0, 1, 0, NULL, 1),
(41, 1, 'TE257646000113', 2080.11, 0, '2014-08-22', 0x2d, 'DRAG LINK REPAIR KIT', '-', 0, 0, 0, 1, 0, NULL, 1),
(42, 1, 'TE257681100153', 2350.04, 0, '2014-08-22', 0x2d, 'REAR VIEW MIRROR LH', '-', 0, 0, 0, 1, 0, NULL, 1),
(43, 1, 'TE257682400125', 1410.02, 0, '2014-08-22', 0x2d, 'ASSY WIPER ARM', '-', 0, 0, 0, 1, 0, NULL, 1),
(44, 1, 'TE257682400127', 1040.05, 0, '2014-08-22', 0x2d, 'ASSY WIPER ARM', '-', 0, 0, 0, 1, 0, NULL, 1),
(45, 1, 'TE257682400128', 832.03, 0, '2014-08-22', 0x2d, 'WIPER BLADE(DRIVER)', '-', 0, 0, 0, 1, 0, NULL, 1),
(46, 1, 'TE261829100107', 5200.26, 0, '2014-08-22', 0x2d, 'CLUTCH M/CYLINDER', '-', 0, 0, 0, 1, 0, NULL, 1),
(47, 1, 'TE261829100110', 624.03, 0, '2014-08-22', 0x2d, 'CLUTCH MAST; CYL;REP;KIT MINOR', '-', 0, 0, 0, 1, 0, NULL, 1),
(48, 1, 'TE263254504602', 1248.06, 0, '2014-08-22', 0x2d, 'FLASHER  12V', '-', 0, 0, 0, 1, 0, NULL, 1),
(49, 1, 'TE264125200134', 11440.58, 0, '2014-08-22', 0x2d, '280 DIA.CLUTCH DISC ASSY', '-', 0, 0, 0, 1, 0, NULL, 1),
(50, 1, 'TE264125400105', 9360.47, 0, '2014-08-22', 0x2d, '280DIA.CLUTCH COVER ASSY.(REINF)-LuK IND', '-', 0, 0, 0, 1, 0, NULL, 1),
(51, 1, 'TE264126800224', 832.03, 0, '2014-08-22', 0x2d, 'ASSY BALL JOINT RH THREADS', '-', 0, 0, 0, 1, 0, NULL, 1),
(52, 1, 'TE264126800225', 832.03, 0, '2014-08-22', 0x2d, 'GEAR LEVER ASSY BALL JT', '-', 0, 0, 0, 1, 0, NULL, 1),
(53, 1, 'TE264129100117', 3536.17, 0, '2014-08-22', 0x2d, 'CLUTCH M/CYL/ASSY', '-', 0, 0, 0, 1, 0, NULL, 1),
(54, 1, 'TE264129200114', 2704.14, 0, '2014-08-22', 0x2d, 'REPAIR  KIT  MAJOR', '-', 0, 0, 0, 1, 0, NULL, 1),
(55, 1, 'TE264129200115', 1456.06, 0, '2014-08-22', 0x2d, 'REPAIR   KIT   MINOR', '-', 0, 0, 0, 1, 0, NULL, 1),
(56, 1, 'TE264130100136', 1011.99, 0, '2014-08-22', 0x2d, 'ACCL PULL CABLE', '-', 0, 0, 0, 1, 0, NULL, 1),
(57, 1, 'TE264133200136', 2912.14, 0, '2014-08-22', 0x2d, 'ASSY. BALL JOINT RH', '-', 0, 0, 0, 1, 0, NULL, 1),
(58, 1, 'TE264146600165', 9360.47, 0, '2014-08-22', 0x2d, 'ASSY. DRAG LINK (GREASELESS-M/S RANE)RHD', '-', 0, 0, 0, 1, 0, NULL, 1),
(59, 1, 'TE264382400104', 832.03, 0, '2014-08-22', 0x2d, 'WIPER BLADE (CO-DRIVE)', '-', 0, 0, 0, 1, 0, NULL, 1),
(60, 1, 'TE265125200132', 7280.37, 0, '2014-08-22', 0x2d, 'CLUTCH DISC 407 TUBRO 240 DIA', '-', 0, 0, 0, 1, 0, NULL, 1),
(61, 1, 'TE265129100137', 832.03, 0, '2014-08-22', 0x2d, 'CLUTCH S/CEY KIT', '-', 0, 0, 0, 1, 0, NULL, 1),
(62, 1, 'TE265129100148', 416.02, 0, '2014-08-22', 0x2d, 'REPAIR KIT MASTER CYL', '-', 0, 0, 0, 1, 0, NULL, 1),
(63, 1, 'TE265133407804', 235, 0, '2014-08-22', 0x2d, 'OIL SEAL FRONT HUB', '-', 0, 0, 0, 1, 0, NULL, 1),
(64, 1, 'TE265135307701', 416.02, 0, '2014-08-22', 0x2d, 'OIL SEAL T P 407-VITON', '-', 0, 0, 0, 1, 0, NULL, 1),
(65, 1, 'TE265429100156', 624.03, 0, '2014-08-22', 0x2d, 'SL/CY REP KIT(MINOR)', '-', 0, 0, 0, 1, 0, NULL, 1),
(66, 1, 'TE265429100157', 1248.06, 0, '2014-08-22', 0x2d, 'SL CY REP KIT(MAJOR)', '-', 0, 0, 0, 1, 0, NULL, 1),
(67, 1, 'TE265429200104', 1352.07, 0, '2014-08-22', 0x2d, 'CLUTCH M/CY  KIT MAJOR', '-', 0, 0, 0, 1, 0, NULL, 1),
(68, 1, 'TE265433407801', 117.49, 0, '2014-08-22', 0x2d, 'OIL SEAL FRONT HUB', '-', 0, 0, 0, 1, 0, NULL, 1),
(69, 1, 'TE265442103704', 5200.26, 0, '2014-08-22', 0x2d, 'SUMO VENT DISC', '-', 0, 0, 0, 1, 0, NULL, 1),
(70, 1, 'TE265442300117', 416.02, 0, '2014-08-22', 0x2d, 'R/KIT WHEEL CY. REAR', '-', 0, 0, 0, 1, 0, NULL, 1),
(71, 1, 'TE265442300158', 520.02, 0, '2014-08-22', 0x2d, 'REP KIT W/CYL MIN', '-', 0, 0, 0, 1, 0, NULL, 1),
(72, 1, 'TE265443100108', 2392.12, 0, '2014-08-22', 0x2d, 'KIT REP MAJOR TMC', '-', 0, 0, 0, 1, 0, NULL, 1),
(73, 1, 'TE265443100125', 728.03, 0, '2014-08-22', 0x2d, 'MASTER PUMP R/KIT MINOR', '-', 0, 0, 0, 1, 0, NULL, 1),
(74, 1, 'TE265443100133', 832.03, 0, '2014-08-22', 0x2d, 'MINOR KIT-TANDEM MASTER CYL', '-', 0, 0, 0, 1, 0, NULL, 1),
(75, 1, 'TE265454209980', 1352.07, 0, '2014-08-22', 0x2d, 'FUEL LEVEL SENSOR', '-', 0, 0, 0, 1, 0, NULL, 1),
(76, 1, 'TE265454500119', 0, 0, '2014-08-22', 0x2d, '-', '-', 0, 0, 0, 1, 0, NULL, 1),
(77, 1, 'TE265454509913', 624.03, 0, '2014-08-22', 0x2d, 'LOW OIL PRE/SWITCH', '-', 0, 0, 0, 1, 0, NULL, 1),
(78, 1, 'TE265454510123', 624.03, 0, '2014-08-22', 0x2d, 'REV,LIGHT SWITCH M/S HARNESS', '-', 0, 0, 0, 1, 0, NULL, 1),
(79, 1, 'TE265472300127', 416.02, 0, '2014-08-22', 0x2d, 'ASSY HANDLE (WINDOW REGULATOR', '-', 0, 0, 0, 1, 0, NULL, 1),
(80, 1, 'TE265829100114', 4160.21, 0, '2014-08-22', 0x2d, 'ASSY,CL,MASTER CYL,', '-', 0, 0, 0, 1, 0, NULL, 1),
(81, 1, 'TE265872300114', 1391.48, 0, '2014-08-22', 0x2d, 'ASSY. DOOR HINGE LH', '-', 0, 0, 0, 1, 0, NULL, 1),
(82, 1, 'TE265981100167', 2350.04, 0, '2014-08-22', 0x2d, 'RV MIRROR OUTER RH', '-', 0, 0, 0, 1, 0, NULL, 1),
(83, 1, 'TE265981100168', 1645.02, 0, '2014-08-22', 0x2d, 'RV MIRROR OUTER LH PLAIN', '-', 0, 0, 0, 1, 0, NULL, 1),
(84, 1, 'TE266135307707', 940.01, 0, '2014-08-22', 0x2d, 'OIL SEAL-PTFE', '-', 0, 0, 0, 1, 0, NULL, 1),
(85, 1, 'TE266135607701', 470.01, 0, '2014-08-22', 0x2d, 'OIL SEAL INNER', '-', 0, 0, 0, 1, 0, NULL, 1),
(86, 1, 'TE266135607707', 470.01, 0, '2014-08-22', 0x2d, 'OIL SEAL (75X95X8);DOUBLE LIP;HUB OUTER', '-', 0, 0, 0, 1, 0, NULL, 1),
(87, 1, 'TE266835607701', 470.01, 0, '2014-08-22', 0x2d, 'OIL SEAL RR INNER', '-', 0, 0, 0, 1, 0, NULL, 1),
(88, 1, 'TE266835607702', 470.01, 0, '2014-08-22', 0x2d, 'OIL SEAL RR OUTER', '-', 0, 0, 0, 1, 0, NULL, 1),
(89, 1, 'TE266835607703', 416.02, 0, '2014-08-22', 0x2d, 'OIL SEAL,DOUBLE LIP (120x145x15)OFFER', '-', 0, 0, 0, 1, 0, NULL, 1),
(90, 1, 'TE266835607705', 235, 0, '2014-08-22', 0x2d, 'OIL SEAL (HUB OUTER)', '-', 0, 0, 0, 1, 0, NULL, 1),
(91, 1, 'TE268426105301', 104, 0, '2014-08-22', 0x2d, 'GASKET', '-', 0, 0, 0, 1, 0, NULL, 1),
(92, 1, 'TE268426713817', 1040.05, 0, '2014-08-22', 0x2d, 'SHIFTING ARM(PRESSED BUSH)', '-', 0, 0, 0, 1, 0, NULL, 1),
(93, 1, 'TE269026107202', 208, 0, '2014-08-22', 0x2d, 'MAGNETIC DRAIN PLUG', '-', 0, 0, 0, 1, 0, NULL, 1),
(94, 1, 'TE269026200131', 1040.05, 0, '2014-08-22', 0x2d, 'ASSY BRG WITH SNAP RING', '-', 0, 0, 0, 1, 0, NULL, 1),
(95, 1, 'TE269026203803', 624.03, 0, '2014-08-22', 0x2d, 'SYNCHROCONE 1/2 SPEED', '-', 0, 0, 0, 1, 0, NULL, 1),
(96, 1, 'TE269026203805', 624.03, 0, '2014-08-22', 0x2d, 'SYNCHROCONE(3/4/5/SPEED)', '-', 0, 0, 0, 1, 0, NULL, 1),
(97, 1, 'TE269026204607', 832.03, 0, '2014-08-22', 0x2d, 'ENGAGING GEAR(3/4 SPEED)', '-', 0, 0, 0, 1, 0, NULL, 1),
(98, 1, 'TE269026204611', 3120.15, 0, '2014-08-22', 0x2d, 'SHIFTER SLEEVE(3/4 SPEED)', '-', 0, 0, 0, 1, 0, NULL, 1),
(99, 1, 'TE269026204613', 1040.05, 0, '2014-08-22', 0x2d, 'ENGAGING GEAR(1/2)SINLERED', '-', 0, 0, 0, 1, 0, NULL, 1),
(100, 1, 'TE269026257710', 470.01, 0, '2014-08-22', 0x2d, 'OIL SEALINPU SHAFT)', '-', 0, 0, 0, 1, 0, NULL, 1),
(101, 1, 'TE269026806303', 126.5, 0, '2014-08-22', 0x2d, 'BUSH (G S LEVER BALL SEAT)', '-', 0, 0, 0, 1, 0, NULL, 1),
(102, 1, 'TE269026806310', 104, 0, '2014-08-22', 0x2d, 'GEAR LEVER BUSH', '-', 0, 0, 0, 1, 0, NULL, 1),
(103, 1, 'TE269126200165', 4680.24, 0, '2014-08-22', 0x2d, 'COUPLING FLANGE ASSY.', '-', 0, 0, 0, 1, 0, NULL, 1),
(104, 1, 'TE269843100101', 6240.32, 0, '2014-08-22', 0x2d, 'MASTER CYLINDER COMPLETE', '-', 0, 0, 0, 1, 0, NULL, 1),
(105, 1, 'TE269872300102', 208, 0, '2014-08-22', 0x2d, 'ASSY OUTER HANDLE LH', '-', 0, 0, 0, 1, 0, NULL, 1),
(106, 1, 'TE269929100177', 1248.06, 0, '2014-08-22', 0x2d, 'CLUTCH  M/C REPAIR KIT{MAJOR}', '-', 0, 0, 0, 1, 0, NULL, 1),
(107, 1, 'TE270215409912', 2288.11, 0, '2014-08-22', 0x2d, 'GLOW  PLUG', '-', 0, 0, 0, 1, 0, NULL, 1),
(108, 1, 'TE270225103401', 126.5, 0, '2014-08-22', 0x2d, 'BUSH LOWER HSG', '-', 0, 0, 0, 1, 0, NULL, 1),
(109, 1, 'TE270225103403', 126.5, 0, '2014-08-22', 0x2d, 'BUSH,UPPER (ON HOUSING)', '-', 0, 0, 0, 1, 0, NULL, 1),
(110, 1, 'TE270247100125', 505.99, 0, '2014-08-22', 0x2d, 'FUEL TANK SCREW CAP', '-', 0, 0, 0, 1, 0, NULL, 1),
(111, 1, 'TE270254219909', 832.03, 0, '2014-08-22', 0x2d, 'DUAL TEMRERATURE TRANDUCER', '-', 0, 0, 0, 1, 0, NULL, 1),
(112, 1, 'TE270254509930', 416.02, 0, '2014-08-22', 0x2d, 'STOP LIGHT SWITCH', '-', 0, 0, 0, 1, 0, NULL, 1),
(113, 1, 'TE270254509950', 624.03, 0, '2014-08-22', 0x2d, 'REVERSE LIGHT SWITCH', '-', 0, 0, 0, 1, 0, NULL, 1),
(114, 1, 'TE270530100112', 1517.99, 0, '2014-08-22', 0x2d, 'ASSY. PULL CABLE ACCELERATOR', '-', 0, 0, 0, 1, 0, NULL, 1),
(115, 1, 'TE272425200110', 6240.32, 0, '2014-08-22', 0x2d, 'CLUTCH DISC 228 mm DIA', '-', 0, 0, 0, 1, 0, NULL, 1),
(116, 1, 'TE272425200113', 4576.23, 0, '2014-08-22', 0x2d, 'CLUTCH DISC 170 mm DIA', '-', 0, 0, 0, 1, 0, NULL, 1),
(117, 1, 'TE272425200165', 14560.75, 0, '2014-08-22', 0x2d, '310 DIA. (REINF.)ASSY. CLUTCH DISC - M/S', '-', 0, 0, 0, 1, 0, NULL, 1),
(118, 1, 'TE272425400113', 3952.2, 0, '2014-08-22', 0x2d, 'ASSY CLUTCH COVER 170DIA', '-', 0, 0, 0, 1, 0, NULL, 1),
(119, 1, 'TE272425600110', 4576.23, 0, '2014-08-22', 0x2d, 'CLUTCH RELEASE BEARING WITH SLEEVE', '-', 0, 0, 0, 1, 0, NULL, 1),
(120, 1, 'TE272425600125', 1248.06, 0, '2014-08-22', 0x2d, 'CLUTCH RELEASE BEARING', '-', 0, 0, 0, 1, 0, NULL, 1),
(121, 1, 'TE272425600136', 1040.05, 0, '2014-08-22', 0x2d, 'ASSY,CLUTCH RELEASE YOKE', '-', 0, 0, 0, 1, 0, NULL, 1),
(122, 1, 'TE272425600159', 4576.23, 0, '2014-08-22', 0x2d, 'ASY CL RELEASE BRG RHS', '-', 0, 0, 0, 1, 0, NULL, 1),
(123, 1, 'TE275125400118', 0, 0, '2014-08-22', 0x2d, '-', '-', 0, 0, 0, 1, 0, NULL, 1),
(124, 1, 'TE275425400110', 4611.62, 0, '2014-08-22', 0x2d, 'GB 50/600 FINGER KIT', '-', 0, 0, 0, 1, 0, NULL, 1),
(125, 1, 'TE275429100106', 3744.19, 0, '2014-08-22', 0x2d, 'CLUTCH SLAVE CYLINDER', '-', 0, 0, 0, 1, 0, NULL, 1),
(126, 1, 'TE275429100127', 3224.16, 0, '2014-08-22', 0x2d, 'CL SLAVE CYL', '-', 0, 0, 0, 1, 0, NULL, 1),
(127, 1, 'TE277046609901', 759, 0, '2014-08-22', 0x2d, 'POWER STEERING FILTER - RANE', '-', 0, 0, 0, 1, 0, NULL, 1),
(128, 1, 'TE277942300124', 416.02, 0, '2014-08-22', 0x2d, 'KIT-SHOE HOLD DOWN - BIL NO.29919170', '-', 0, 0, 0, 1, 0, NULL, 1),
(129, 1, 'TE278054209938', 1456.06, 0, '2014-08-22', 0x2d, 'SPEED SENSOR 12V/24V (8 PULSES', '-', 0, 0, 0, 1, 0, NULL, 1),
(130, 1, 'TE278229100110', 4160.21, 0, '2014-08-22', 0x2d, 'CLUTCH MASTER CYL.  19.05 DIA', '-', 0, 0, 0, 1, 0, NULL, 1),
(131, 1, 'TE278229308701', 104, 0, '2014-08-22', 0x2d, 'RETURN SPRING-CLUTCH CONTROL', '-', 0, 0, 0, 1, 0, NULL, 1),
(132, 1, 'TE278603990196', 31825.63, 0, '2014-08-22', 0x2d, 'FLYWHEEL', '-', 0, 0, 0, 1, 0, NULL, 1),
(133, 1, 'TE278603999969', 3952.2, 0, '2014-08-22', 0x2d, 'RING  GEAR  -  FLY  WHEEL', '-', 0, 0, 0, 1, 0, NULL, 1),
(134, 1, 'TE278605999928', 416.02, 0, '2014-08-22', 0x2d, 'GASKET VALVE COVER', '-', 0, 0, 0, 1, 0, NULL, 1),
(135, 1, 'TE278607989916', 1248.06, 0, '2014-08-22', 0x2d, 'ELEMENT  WATER  SEPERATOR', '-', 0, 0, 0, 1, 0, NULL, 1),
(136, 1, 'TE278609119903', 1456.06, 0, '2014-08-22', 0x2d, 'FUEL WATER SEPERATOR', '-', 0, 0, 0, 1, 0, NULL, 1),
(137, 1, 'TE278609119904', 899.1, 0, '2014-08-22', 0x2d, 'FUEL FILTER', '-', 0, 0, 0, 1, 0, NULL, 1),
(138, 1, 'TE278609999920', 416.02, 0, '2014-08-22', 0x2d, 'STRAINER FUEL', '-', 0, 0, 0, 1, 0, NULL, 1),
(139, 1, 'TE278609999951', 416.02, 0, '2014-08-22', 0x2d, 'FUEL  STRAINER', '-', 0, 0, 0, 1, 0, NULL, 1),
(140, 1, 'TE278613999916', 1040.05, 0, '2014-08-22', 0x2d, 'GASKET KIT CY HEAD', '-', 0, 0, 0, 1, 0, NULL, 1),
(141, 1, 'TE278613999917', 4888.24, 0, '2014-08-22', 0x2d, 'MINOR REP KIT AIR COMPRETURE', '-', 0, 0, 0, 1, 0, NULL, 1),
(142, 1, 'TE278613999920', 2912.14, 0, '2014-08-22', 0x2d, 'PISTON RING SET', '-', 0, 0, 0, 1, 0, NULL, 1),
(143, 1, 'TE278614999928', 3794.98, 0, '2014-08-22', 0x2d, 'CONNECTION EXH OUTLET', '-', 0, 0, 0, 1, 0, NULL, 1),
(144, 1, 'TE278618139902', 1108.89, 0, '2014-08-22', 0x2d, 'OIL FILTER CARTRIDGE', '-', 0, 0, 0, 1, 0, NULL, 1),
(145, 1, 'TE278618999965', 1645.02, 0, '2014-08-22', 0x2d, 'OIL SEAL TIMING COVER - SMALL (3900709)', '-', 0, 0, 0, 1, 0, NULL, 1),
(146, 1, 'TE278801135301', 416.02, 0, '2014-08-22', 0x2d, 'SUMP GASKET', '-', 0, 0, 0, 1, 0, NULL, 1),
(147, 1, 'TE278801150104', 2496.12, 0, '2014-08-22', 0x2d, 'CYLINDER HEAD COVER', '-', 0, 0, 0, 1, 0, NULL, 1),
(148, 1, 'TE278801155301', 2704.14, 0, '2014-08-22', 0x2d, 'HEAD GASKET 1.6', '-', 0, 0, 0, 1, 0, NULL, 1),
(149, 1, 'TE278801155302', 2080.11, 0, '2014-08-22', 0x2d, 'CYL HEAD GASKET 1.7 mm', '-', 0, 0, 0, 1, 0, NULL, 1),
(150, 1, 'TE278801155303', 1664.08, 0, '2014-08-22', 0x2d, 'GASKET CYL HEAD(1.8 THK)', '-', 0, 0, 0, 1, 0, NULL, 1),
(151, 1, 'TE278801155304', 624.03, 0, '2014-08-22', 0x2d, 'CY HEAD GASKET COVER', '-', 0, 0, 0, 1, 0, NULL, 1),
(152, 1, 'TE278803990102', 1040.05, 0, '2014-08-22', 0x2d, 'MAIN BEARINGSET STD', '-', 0, 0, 0, 1, 0, NULL, 1),
(153, 1, 'TE278803990104', 470.01, 0, '2014-08-22', 0x2d, 'SET THRUST WASHER', '-', 0, 0, 0, 1, 0, NULL, 1),
(154, 1, 'TE278803990110', 5616.28, 0, '2014-08-22', 0x2d, 'PISTON SET W/O RINGS', '-', 0, 0, 0, 1, 0, NULL, 1),
(155, 1, 'TE278803990113', 3328.17, 0, '2014-08-22', 0x2d, 'PISTON RING SET', '-', 0, 0, 0, 1, 0, NULL, 1),
(156, 1, 'TE278803990118', 416.02, 0, '2014-08-22', 0x2d, 'SET  CON. ROD  BUSH', '-', 0, 0, 0, 1, 0, NULL, 1),
(157, 1, 'TE278803990120', 832.03, 0, '2014-08-22', 0x2d, 'BIG;BEARING SET STD', '-', 0, 0, 0, 1, 0, NULL, 1),
(158, 1, 'TE278803990121', 832.03, 0, '2014-08-22', 0x2d, 'SET BRG.HALF R-I (CON.ROD)', '-', 0, 0, 0, 1, 0, NULL, 1),
(159, 1, 'TE278803990122', 832.03, 0, '2014-08-22', 0x2d, 'SET BRG.HALF R-II (CON.ROD)', '-', 0, 0, 0, 1, 0, NULL, 1),
(160, 1, 'TE278803990123', 1248.06, 0, '2014-08-22', 0x2d, 'SET MAIN BRG HALF(UPPER/LOWER) R-1,', '-', 0, 0, 0, 1, 0, NULL, 1),
(161, 1, 'TE278803990124', 1248.06, 0, '2014-08-22', 0x2d, 'SET MSET MAIN BRG.HALF R-II (CR.SHAFT)', '-', 0, 0, 0, 1, 0, NULL, 1),
(162, 1, 'TE278805107902', 4784.24, 0, '2014-08-22', 0x2d, 'CAMSHAFT-FOR CRANKSHAFT 180 DEG PHASE', '-', 0, 0, 0, 1, 0, NULL, 1),
(163, 1, 'TE278809110104', 2787.33, 0, '2014-08-22', 0x2d, 'FUEL FILTER ELEMENT', '-', 0, 0, 0, 1, 0, NULL, 1),
(164, 1, 'TE278809130114', 2704.14, 0, '2014-08-22', 0x2d, 'ASSY. FILTER ELEMENT (FLEETGUARD)', '-', 0, 0, 0, 1, 0, NULL, 1),
(165, 1, 'TE278809135802', 1175.01, 0, '2014-08-22', 0x2d, 'INTAKE HOSE(AIR FILTER)', '-', 0, 0, 0, 1, 0, NULL, 1),
(166, 1, 'TE278809135805', 940.01, 0, '2014-08-22', 0x2d, 'HOSE', '-', 0, 0, 0, 1, 0, NULL, 1),
(167, 1, 'TE278814105301', 104, 0, '2014-08-22', 0x2d, 'GASKET INTAKE MANIFOLD', '-', 0, 0, 0, 1, 0, NULL, 1),
(168, 1, 'TE278814115301', 208, 0, '2014-08-22', 0x2d, 'GASKET EX,MANIFOLD', '-', 0, 0, 0, 1, 0, NULL, 1),
(169, 1, 'TE278828200105', 0, 0, '2014-08-22', 0x2d, '-', '-', 0, 0, 0, 1, 0, NULL, 1),
(170, 1, 'TE278850100107', 759, 0, '2014-08-22', 0x2d, 'PRESSURE CAP', '-', 0, 0, 0, 1, 0, NULL, 1),
(171, 1, 'TE278850105801', 1410.02, 0, '2014-08-22', 0x2d, 'RADIATOR HOSE', '-', 0, 0, 0, 1, 0, NULL, 1),
(172, 1, 'TE278850105803', 235, 0, '2014-08-22', 0x2d, 'HOSE THERMOSTAT', '-', 0, 0, 0, 1, 0, NULL, 1),
(173, 1, 'TE279001103708', 1248.06, 0, '2014-08-22', 0x2d, 'CYLINDER LINNER', '-', 0, 0, 0, 1, 0, NULL, 1),
(174, 1, 'TE279001107801', 470.01, 0, '2014-08-22', 0x2d, 'CR SHAFT OIL SEAL FR', '-', 0, 0, 0, 1, 0, NULL, 1),
(175, 1, 'TE279001107802', 1175.01, 0, '2014-08-22', 0x2d, 'CRANK OIL SEAL RR', '-', 0, 0, 0, 1, 0, NULL, 1),
(176, 1, 'TE279001145302', 104, 0, '2014-08-22', 0x2d, 'GASKET - REAR COVER CRANKCASE', '-', 0, 0, 0, 1, 0, NULL, 1),
(177, 1, 'TE279001150110', 117.49, 0, '2014-08-22', 0x2d, 'ASSY RUBBER BUSH', '-', 0, 0, 0, 1, 0, NULL, 1),
(178, 1, 'TE279001153201', 235, 0, '2014-08-22', 0x2d, 'HEX.BOLT-FOR CYL.HEAD', '-', 0, 0, 0, 1, 0, NULL, 1),
(179, 1, 'TE279001159201', 117.49, 0, '2014-08-22', 0x2d, 'WASHER (FOR CYL.HEAD BOLT', '-', 0, 0, 0, 1, 0, NULL, 1),
(180, 1, 'TE279001159203', 117.49, 0, '2014-08-22', 0x2d, 'SEALING WASHER', '-', 0, 0, 0, 1, 0, NULL, 1),
(181, 1, 'TE279001159905', 126.5, 0, '2014-08-22', 0x2d, 'CAP CYL/HEAD COVER', '-', 0, 0, 0, 1, 0, NULL, 1),
(182, 1, 'TE279001169202', 104, 0, '2014-08-22', 0x2d, 'SEALING WASHER-INJECTOR', '-', 0, 0, 0, 1, 0, NULL, 1),
(183, 1, 'TE279003113201', 117.49, 0, '2014-08-22', 0x2d, 'HEX BOLT(FOR FLY WHEEL)', '-', 0, 0, 0, 1, 0, NULL, 1),
(184, 1, 'TE279003115401', 1040.05, 0, '2014-08-22', 0x2d, 'RING GEAR', '-', 0, 0, 0, 1, 0, NULL, 1),
(185, 1, 'TE279003150109', 4673.21, 0, '2014-08-22', 0x2d, 'ASSY.CONNECTING ROD WITH BUSH', '-', 0, 0, 0, 1, 0, NULL, 1),
(186, 1, 'TE279005107810', 117.49, 0, '2014-08-22', 0x2d, 'CAM SHAFT OIL SEAL', '-', 0, 0, 0, 1, 0, NULL, 1),
(187, 1, 'TE279005110101', 3536.17, 0, '2014-08-22', 0x2d, 'BELT TENSIONER', '-', 0, 0, 0, 1, 0, NULL, 1),
(188, 1, 'TE279005110103', 1248.06, 0, '2014-08-22', 0x2d, 'ASSY,IDLER', '-', 0, 0, 0, 1, 0, NULL, 1),
(189, 1, 'TE279005110107', 1664.08, 0, '2014-08-22', 0x2d, 'ASSY,GEAR(FOR CRANKSHAFT)', '-', 0, 0, 0, 1, 0, NULL, 1),
(190, 1, 'TE279005110111', 3536.17, 0, '2014-08-22', 0x2d, 'TENSIONER TIMING BELT', '-', 0, 0, 0, 1, 0, NULL, 1),
(191, 1, 'TE279005115401', 1664.08, 0, '2014-08-22', 0x2d, 'TIMING  GEAR(CAMSHAFT)', '-', 0, 0, 0, 1, 0, NULL, 1),
(192, 1, 'TE279005124301', 104, 0, '2014-08-22', 0x2d, 'LOCK HALF', '-', 0, 0, 0, 1, 0, NULL, 1),
(193, 1, 'TE279005125112', 624.03, 0, '2014-08-22', 0x2d, 'EXHAUST VALVE', '-', 0, 0, 0, 1, 0, NULL, 1),
(194, 1, 'TE279005139903', 416.02, 0, '2014-08-22', 0x2d, 'TAPPET NORMAL', '-', 0, 0, 0, 1, 0, NULL, 1),
(195, 1, 'TE279005157801', 104, 0, '2014-08-22', 0x2d, 'VALVE GUIDE SEAL', '-', 0, 0, 0, 1, 0, NULL, 1),
(196, 1, 'TE279007135401', 1664.08, 0, '2014-08-22', 0x2d, 'TIMING GEAR(FIP)', '-', 0, 0, 0, 1, 0, NULL, 1),
(197, 1, 'TE279007146902', 104, 0, '2014-08-22', 0x2d, 'PLUG ( INJECTOR OVER FLOW )', '-', 0, 0, 0, 1, 0, NULL, 1),
(198, 1, 'TE279007146904', 117.49, 0, '2014-08-22', 0x2d, 'RUBBER TUBE(160 INJECTOR)', '-', 0, 0, 0, 1, 0, NULL, 1),
(199, 1, 'TE279009130108', 1040.05, 0, '2014-08-22', 0x2d, 'AIR FILTER ELEMENT', '-', 0, 0, 0, 1, 0, NULL, 1),
(200, 1, 'TE279015146306', 681.51, 0, '2014-08-22', 0x2d, 'V BELT  POWER STEERING', '-', 0, 0, 0, 1, 0, NULL, 1),
(201, 1, 'TE279018100102', 3120.15, 0, '2014-08-22', 0x2d, 'ASSY OIL PUMP', '-', 0, 0, 0, 1, 0, NULL, 1),
(202, 1, 'TE279018105303', 104, 0, '2014-08-22', 0x2d, 'GASKET (OIL SUMP)', '-', 0, 0, 0, 1, 0, NULL, 1),
(203, 1, 'TE279018105309', 104, 0, '2014-08-22', 0x2d, 'GASKET(FOR OIL PUMP)', '-', 0, 0, 0, 1, 0, NULL, 1),
(204, 1, 'TE279018130101', 759, 0, '2014-08-22', 0x2d, 'OIL FILTER ELEMENT', '-', 0, 0, 0, 1, 0, NULL, 1),
(205, 1, 'TE279018130106', 1040.05, 0, '2014-08-22', 0x2d, 'DIESEL OIL FILTER', '-', 0, 0, 0, 1, 0, NULL, 1),
(206, 1, 'TE279020100102', 0, 0, '2014-08-22', 0x2d, '-', '-', 0, 0, 0, 1, 0, NULL, 1),
(207, 1, 'TE279020125303', 104, 0, '2014-08-22', 0x2d, 'GASKET(WATER BY PASS)', '-', 0, 0, 0, 1, 0, NULL, 1),
(208, 1, 'TE279020125304', 104, 0, '2014-08-22', 0x2d, 'GASKET', '-', 0, 0, 0, 1, 0, NULL, 1),
(209, 1, 'TE279020127701', 117.49, 0, '2014-08-22', 0x2d, 'SEAL THERMOSTAT', '-', 0, 0, 0, 1, 0, NULL, 1),
(210, 1, 'TE279050107501', 117.49, 0, '2014-08-22', 0x2d, 'RUBBER GROMMET(RAD MOUNT)', '-', 0, 0, 0, 1, 0, NULL, 1),
(211, 1, 'TE281829100145', 1872.09, 0, '2014-08-22', 0x2d, 'ASSY. CLUTCH CABLE', '-', 0, 0, 0, 1, 0, NULL, 1),
(212, 1, 'TE281832807720', 416.02, 0, '2014-08-22', 0x2d, 'BEARING BLOCK', '-', 0, 0, 0, 1, 0, NULL, 1),
(213, 1, 'TE282132807702', 117.49, 0, '2014-08-22', 0x2d, 'RUBBER BUSH (FRONT ANTIROLL BAR)', '-', 0, 0, 0, 1, 0, NULL, 1),
(214, 1, 'TE282132807703', 208, 0, '2014-08-22', 0x2d, 'BEARING BLOCK (FRONT ARB', '-', 0, 0, 0, 1, 0, NULL, 1),
(215, 1, 'TE282354400117', 624.03, 0, '2014-08-22', 0x2d, 'SIDE  INDICATOR  LAMP', '-', 0, 0, 0, 1, 0, NULL, 1),
(216, 1, 'TE282654500104', 4160.21, 0, '2014-08-22', 0x2d, 'COMBINATION SWITCH', '-', 0, 0, 0, 1, 0, NULL, 1),
(217, 1, 'TE282929100109', 1040.05, 0, '2014-08-22', 0x2d, 'ASSY CLUTCH CABLE', '-', 0, 0, 0, 1, 0, NULL, 1),
(218, 1, 'TE282929100130', 1040.05, 0, '2014-08-22', 0x2d, 'ASSY.  CLUTCH  CABLE', '-', 0, 0, 0, 1, 0, NULL, 1),
(219, 1, 'TE282929100140', 1040.05, 0, '2014-08-22', 0x2d, 'ASSY. CLUTCH CABLE ACE BS IV', '-', 0, 0, 0, 1, 0, NULL, 1),
(220, 1, 'TE282930100132', 1264.99, 0, '2014-08-22', 0x2d, 'ACC,CABLE', '-', 0, 0, 0, 1, 0, NULL, 1),
(221, 1, 'TE282932100124', 104, 0, '2014-08-22', 0x2d, 'SHACKLE FRONT', '-', 0, 0, 0, 1, 0, NULL, 1),
(222, 1, 'TE282932107703', 470.01, 0, '2014-08-22', 0x2d, 'RUBBER  BUFFER  FRONT', '-', 0, 0, 0, 1, 0, NULL, 1),
(223, 1, 'TE282932400106', 0, 0, '2014-08-22', 0x2d, '-', '-', 0, 0, 0, 1, 0, NULL, 1),
(224, 1, 'TE282932403401', 416.02, 0, '2014-08-22', 0x2d, 'SPRING BUSH', '-', 0, 0, 0, 1, 0, NULL, 1),
(225, 1, 'TE282932406701', 705.01, 0, '2014-08-22', 0x2d, 'SPRING PIN FRT', '-', 0, 0, 0, 1, 0, NULL, 1),
(226, 1, 'TE282932500102', 624.03, 0, '2014-08-22', 0x2d, 'ASSY BUMP STOPPER REAR', '-', 0, 0, 0, 1, 0, NULL, 1),
(227, 1, 'TE282933103702', 3794.98, 0, '2014-08-22', 0x2d, 'FRONT HUB', '-', 0, 0, 0, 1, 0, NULL, 1),
(228, 1, 'TE282933800113', 1517.99, 0, '2014-08-22', 0x2d, 'TIE ROD END ASSY. RH', '-', 0, 0, 0, 1, 0, NULL, 1),
(229, 1, 'TE282933800114', 1248.06, 0, '2014-08-22', 0x2d, 'SOCKET ASSY. LH (M/S RANE', '-', 0, 0, 0, 1, 0, NULL, 1),
(230, 1, 'TE282941100109', 2080.11, 0, '2014-08-22', 0x2d, 'U,J,CROSS KIT', '-', 0, 0, 0, 1, 0, NULL, 1),
(231, 1, 'TE282942100106', 5408.28, 0, '2014-08-22', 0x2d, 'MASTER PUMP', '-', 0, 0, 0, 1, 0, NULL, 1),
(232, 1, 'TE282942103701', 3328.17, 0, '2014-08-22', 0x2d, 'BRAKE DISC 17 THICK', '-', 0, 0, 0, 1, 0, NULL, 1),
(233, 1, 'TE282942300123', 3536.17, 0, '2014-08-22', 0x2d, 'BRAKE SHOE KIT', '-', 0, 0, 0, 1, 0, NULL, 1),
(234, 1, 'TE282942300126', 416.02, 0, '2014-08-22', 0x2d, 'KIT WHEEL CYL MINOR', '-', 0, 0, 0, 1, 0, NULL, 1),
(235, 1, 'TE282942300130', 2288.11, 0, '2014-08-22', 0x2d, 'WHEEL CYLINDER ASSY LH', '-', 0, 0, 0, 1, 0, NULL, 1),
(236, 1, 'TE282942300131', 2288.11, 0, '2014-08-22', 0x2d, 'WHEEL CYLINDER ASSY RH', '-', 0, 0, 0, 1, 0, NULL, 1),
(237, 1, 'TE282942300132', 416.02, 0, '2014-08-22', 0x2d, 'W/C MINOR KIT  KBX', '-', 0, 0, 0, 1, 0, NULL, 1),
(238, 1, 'TE282942300133', 1664.08, 0, '2014-08-22', 0x2d, 'SHOE KIT', '-', 0, 0, 0, 1, 0, NULL, 1),
(239, 1, 'TE282942300137', 1144.05, 0, '2014-08-22', 0x2d, 'WHEEL CYLINDER MAJ KIT(KBX)', '-', 0, 0, 0, 1, 0, NULL, 1),
(240, 1, 'TE282942300138', 1144.05, 0, '2014-08-22', 0x2d, 'AUTO ADJUSTER KIT', '-', 0, 0, 0, 1, 0, NULL, 1),
(241, 1, 'TE282942303701', 3120.15, 0, '2014-08-22', 0x2d, 'BRAKE DRUM  REAR', '-', 0, 0, 0, 1, 0, NULL, 1),
(242, 1, 'TE282942700105', 624.03, 0, '2014-08-22', 0x2d, 'PARKING BRAKE CABLE RH', '-', 0, 0, 0, 1, 0, NULL, 1),
(243, 1, 'TE282942700106', 832.03, 0, '2014-08-22', 0x2d, 'PARKING BRAKE CABLE LH', '-', 0, 0, 0, 1, 0, NULL, 1),
(244, 1, 'TE282942700107', 624.03, 0, '2014-08-22', 0x2d, 'FRT PARKING BRAKE CABLE', '-', 0, 0, 0, 1, 0, NULL, 1),
(245, 1, 'TE282942700110', 1248.06, 0, '2014-08-22', 0x2d, 'ASSY PARKING BRAKE LEVER', '-', 0, 0, 0, 1, 0, NULL, 1),
(246, 1, 'TE282942800104', 832.03, 0, '2014-08-22', 0x2d, 'BRAKE HOSE', '-', 0, 0, 0, 1, 0, NULL, 1),
(247, 1, 'TE282943100104', 1248.06, 0, '2014-08-22', 0x2d, 'M/C KIT MINOR', '-', 0, 0, 0, 1, 0, NULL, 1),
(248, 1, 'TE282943100105', 2184.1, 0, '2014-08-22', 0x2d, 'MAJ REP KIT CALIPER', '-', 0, 0, 0, 1, 0, NULL, 1),
(249, 1, 'TE282943100106', 624.03, 0, '2014-08-22', 0x2d, 'CALIPER KIT MINOR', '-', 0, 0, 0, 1, 0, NULL, 1),
(250, 1, 'TE282943100113', 1872.09, 0, '2014-08-22', 0x2d, 'MAJOR KIT - TMC', '-', 0, 0, 0, 1, 0, NULL, 1),
(251, 1, 'TE282943100115', 936.04, 0, '2014-08-22', 0x2d, 'MASTER PUMP KIT MINOR', '-', 0, 0, 0, 1, 0, NULL, 1),
(252, 1, 'TE282943100121', 4992.25, 0, '2014-08-22', 0x2d, 'BRAKE PAD SET - 04 PIECES', '-', 0, 0, 0, 1, 0, NULL, 1),
(253, 1, 'TE282946206001', 1456.06, 0, '2014-08-22', 0x2d, 'PITMAN ARM', '-', 0, 0, 0, 1, 0, NULL, 1),
(254, 1, 'TE282946600108', 3744.19, 0, '2014-08-22', 0x2d, 'DRAG LINK', '-', 0, 0, 0, 1, 0, NULL, 1),
(255, 1, 'TE282947100184', 4842.05, 0, '2014-08-22', 0x2d, 'ASSY. FILTER ELEMENT (PRE-FILTER)', '-', 0, 0, 0, 1, 0, NULL, 1),
(256, 1, 'TE282948100084', 0, 0, '2014-08-22', 0x2d, '-', '-', 0, 0, 0, 1, 0, NULL, 1),
(257, 1, 'TE282949100150', 235, 0, '2014-08-22', 0x2d, 'ASSY RUBBER HANGER BS 111', '-', 0, 0, 0, 1, 0, NULL, 1),
(258, 1, 'TE282949200103', 104, 0, '2014-08-22', 0x2d, 'MUFFLER GASKET', '-', 0, 0, 0, 1, 0, NULL, 1),
(259, 1, 'TE282954200106', 1664.08, 0, '2014-08-22', 0x2d, 'ASSY TANK UNIT', '-', 0, 0, 0, 1, 0, NULL, 1),
(260, 1, 'TE282954209902', 1248.06, 0, '2014-08-22', 0x2d, 'SPEEDOMEETER CABLE', '-', 0, 0, 0, 1, 0, NULL, 1),
(261, 1, 'TE282954209924', 1456.06, 0, '2014-08-22', 0x2d, 'RAD.COOLING FAN CONTROLLER', '-', 0, 0, 0, 1, 0, NULL, 1),
(262, 1, 'TE282954209927', 4160.21, 0, '2014-08-22', 0x2d, 'GLOW PLUG TIMER', '-', 0, 0, 0, 1, 0, NULL, 1),
(263, 1, 'TE282954400106', 416.02, 0, '2014-08-22', 0x2d, 'REGISTRATION LAMP', '-', 0, 0, 0, 1, 0, NULL, 1),
(264, 1, 'TE282954400107', 624.03, 0, '2014-08-22', 0x2d, 'REVERSE LAMP(OFFER)', '-', 0, 0, 0, 1, 0, NULL, 1),
(265, 1, 'TE282954400113', 624.03, 0, '2014-08-22', 0x2d, 'BLINKER LAMP RH', '-', 0, 0, 0, 1, 0, NULL, 1),
(266, 1, 'TE282954400114', 0.71, 0, '2014-08-22', 0x2d, 'SIDE REPATER LAMP', '-', 0, 0, 0, 1, 0, NULL, 1),
(267, 1, 'TE282954400115', 1040.05, 0, '2014-08-22', 0x2d, 'TAIL LAMP LH', '-', 0, 0, 0, 1, 0, NULL, 1),
(268, 1, 'TE282954400116', 1040.05, 0, '2014-08-22', 0x2d, 'TAIL LAMP RH', '-', 0, 0, 0, 1, 0, NULL, 1),
(269, 1, 'TE282954400128', 4160.21, 0, '2014-08-22', 0x2d, 'HEAD LAMP LH WITH MOTOR', '-', 0, 0, 0, 1, 0, NULL, 1),
(270, 1, 'TE282954400129', 4160.21, 0, '2014-08-22', 0x2d, 'HEAD LAMP RH WITH MOTOR', '-', 0, 0, 0, 1, 0, NULL, 1),
(271, 1, 'TE282954400132', 1872.09, 0, '2014-08-22', 0x2d, 'HEAD LAMP', '-', 0, 0, 0, 1, 0, NULL, 1),
(272, 1, 'TE282954400133', 1872.09, 0, '2014-08-22', 0x2d, 'HEAD LAMP', '-', 0, 0, 0, 1, 0, NULL, 1),
(273, 1, 'TE282954500107', 2912.14, 0, '2014-08-22', 0x2d, 'ASSY. COMBI. SW.WITH WASH FUNCTION', '-', 0, 0, 0, 1, 0, NULL, 1),
(274, 1, 'TE282970904201', 624.03, 0, '2014-08-22', 0x2d, 'ASSY TOGGLE CLAMP LOAD BODY LOCK', '-', 0, 0, 0, 1, 0, NULL, 1),
(275, 1, 'TE282981100106', 705.01, 0, '2014-08-22', 0x2d, 'INNER REAR VIEW MIRROR', '-', 0, 0, 0, 1, 0, NULL, 1),
(276, 1, 'TE282981100116', 1645.02, 0, '2014-08-22', 0x2d, 'REAR VIEW MIRROR LH', '-', 0, 0, 0, 1, 0, NULL, 1),
(277, 1, 'TE282981100117', 1645.02, 0, '2014-08-22', 0x2d, 'REAR VIEW MIRROR RH', '-', 0, 0, 0, 1, 0, NULL, 1),
(278, 1, 'TE282982400115', 1248.06, 0, '2014-08-22', 0x2d, 'WIPER ARM W/BLADE RH', '-', 0, 0, 0, 1, 0, NULL, 1),
(279, 1, 'TE282982400116', 1248.06, 0, '2014-08-22', 0x2d, 'WIPER  ARM  WITH  BLADE', '-', 0, 0, 0, 1, 0, NULL, 1),
(280, 1, 'TE284547100107', 1264.99, 0, '2014-08-22', 0x2d, 'ASSY FUEL TANK CAP COMPLETE', '-', 0, 0, 0, 1, 0, NULL, 1),
(281, 1, 'TE285035300102', 11024.56, 0, '2014-08-22', 0x2d, 'DIFF CASE ASSY', '-', 0, 0, 0, 1, 0, NULL, 1),
(282, 1, 'TE285035300108', 235, 0, '2014-08-22', 0x2d, 'DIFF CASE THRUST KIT', '-', 0, 0, 0, 1, 0, NULL, 1),
(283, 1, 'TE285035305403', 2184.1, 0, '2014-08-22', 0x2d, 'GEAR DIFFERANTION', '-', 0, 0, 0, 1, 0, NULL, 1),
(284, 1, 'TE285035305404', 1248.06, 0, '2014-08-22', 0x2d, 'PINION DIFF', '-', 0, 0, 0, 1, 0, NULL, 1),
(285, 1, 'TE285035307702', 235, 0, '2014-08-22', 0x2d, 'OIL SEALOUT BOARD', '-', 0, 0, 0, 1, 0, NULL, 1),
(286, 1, 'TE285035307704', 470.01, 0, '2014-08-22', 0x2d, 'SEAL-OIL (2002108)', '-', 0, 0, 0, 1, 0, NULL, 1),
(287, 1, 'TE285035708201', 624.03, 0, '2014-08-22', 0x2d, 'RETAINER BEARING RING', '-', 0, 0, 0, 1, 0, NULL, 1),
(288, 1, 'TE285126200110', 416.02, 0, '2014-08-22', 0x2d, 'ASSY,SPEEDO PINION', '-', 0, 0, 0, 1, 0, NULL, 1),
(289, 1, 'TE285126200115', 416.02, 0, '2014-08-22', 0x2d, 'SYNCHRO KIT(1/2 SPEED)', '-', 0, 0, 0, 1, 0, NULL, 1),
(290, 1, 'TE285126200116', 416.02, 0, '2014-08-22', 0x2d, 'SYNCHRO KIT3/4 SPEED', '-', 0, 0, 0, 1, 0, NULL, 1),
(291, 1, 'TE285126203101', 624.03, 0, '2014-08-22', 0x2d, 'NEEDLE ROLLER BEARING 2/3 SPEED', '-', 0, 0, 0, 1, 0, NULL, 1),
(292, 1, 'TE285126203102', 416.02, 0, '2014-08-22', 0x2d, 'NEEDLE ROLLER BEARING 1ST SPEED', '-', 0, 0, 0, 1, 0, NULL, 1),
(293, 1, 'TE285126203103', 416.02, 0, '2014-08-22', 0x2d, 'NEEDLE BEARING (5TH GEAR MAIN SHAFT)', '-', 0, 0, 0, 1, 0, NULL, 1),
(294, 1, 'TE285126205406', 2704.14, 0, '2014-08-22', 0x2d, '3RD SPEED GEAR', '-', 0, 0, 0, 1, 0, NULL, 1),
(295, 1, 'TE285126205407', 3120.15, 0, '2014-08-22', 0x2d, 'REV;GEAR SHIFTER SLEEVE(1/2)', '-', 0, 0, 0, 1, 0, NULL, 1),
(296, 1, 'TE285126205417', 4576.23, 0, '2014-08-22', 0x2d, '3RD GEAR', '-', 0, 0, 0, 1, 0, NULL, 1),
(297, 1, 'TE285126205424', 2704.14, 0, '2014-08-22', 0x2d, 'FIFTH SPEED GEAR (MAIN SHAFT)', '-', 0, 0, 0, 1, 0, NULL, 1),
(298, 1, 'TE285126205433', 4576.23, 0, '2014-08-22', 0x2d, 'FIRST SPEED GEAR', '-', 0, 0, 0, 1, 0, NULL, 1),
(299, 1, 'TE285126205437', 3328.17, 0, '2014-08-22', 0x2d, 'REV. GEAR/SHIFTER SLEEVE', '-', 0, 0, 0, 1, 0, NULL, 1),
(300, 1, 'TE285126207803', 470.01, 0, '2014-08-22', 0x2d, 'OIL SEAL MAIN SHAFT 38X48X8', '-', 0, 0, 0, 1, 0, NULL, 1),
(301, 1, 'TE285126207902', 5408.28, 0, '2014-08-22', 0x2d, 'MAIN SHAFT', '-', 0, 0, 0, 1, 0, NULL, 1),
(302, 1, 'TE285126253101', 1040.05, 0, '2014-08-22', 0x2d, 'DEEP GROOVE BALL BRG(DRIVE', '-', 0, 0, 0, 1, 0, NULL, 1),
(303, 1, 'TE285126253102', 624.03, 0, '2014-08-22', 0x2d, 'ROLLER BEARING DRIVE SHAFT', '-', 0, 0, 0, 1, 0, NULL, 1),
(304, 1, 'TE285126300127', 10400.53, 0, '2014-08-22', 0x2d, 'ASSY COUNTER SHAFT', '-', 0, 0, 0, 1, 0, NULL, 1),
(305, 1, 'TE285126307906', 8944.46, 0, '2014-08-22', 0x2d, 'COUNTER SHAFT', '-', 0, 0, 0, 1, 0, NULL, 1),
(306, 1, 'TE285126700109', 624.03, 0, '2014-08-22', 0x2d, 'ASSY LEVER SEL/SHIFTING', '-', 0, 0, 0, 1, 0, NULL, 1),
(307, 1, 'TE285126705101', 1040.05, 0, '2014-08-22', 0x2d, 'FINGER(SEL/SHIFTING)', '-', 0, 0, 0, 1, 0, NULL, 1),
(308, 1, 'TE286409139904', 2080.11, 0, '2014-08-22', 0x2d, 'AIR FILTER ELEMENT 1 TONNE', '-', 0, 0, 0, 1, 0, NULL, 1),
(309, 1, 'TE3520321105', 0, 0, '2014-08-22', 0x2d, '-', '-', 0, 0, 0, 1, 0, NULL, 1),
(310, 1, 'TE551729100132', 759, 0, '2014-08-22', 0x2d, 'STOP CABAL', '-', 0, 0, 0, 1, 0, NULL, 1),
(311, 1, 'TE551730100137', 1264.99, 0, '2014-08-22', 0x2d, 'ASSY.EXCESS CABLE', '-', 0, 0, 0, 1, 0, NULL, 1),
(312, 1, 'TE551742990120', 208, 0, '2014-08-22', 0x2d, 'KIT WHEEL CYLINDER-MINOR', '-', 0, 0, 0, 1, 0, NULL, 1),
(313, 1, 'TE552381100108', 1645.02, 0, '2014-08-22', 0x2d, 'ASSY ORVM LH FACELIFT', '-', 0, 0, 0, 1, 0, NULL, 1),
(314, 1, 'TE552381100109', 1645.02, 0, '2014-08-22', 0x2d, 'ASSY ORVM RH FACELIFT', '-', 0, 0, 0, 1, 0, NULL, 1),
(315, 1, 'TE571709130102', 1456.06, 0, '2014-08-22', 0x2d, 'ASSY ELEMENT AIR CLEANER', '-', 0, 0, 0, 1, 0, NULL, 1),
(316, 1, 'TE571718139904', 416.02, 0, '2014-08-22', 0x2d, 'SPIN ON OIL FILTER', '-', 0, 0, 0, 1, 0, NULL, 1),
(317, 1, 'TE581225601602', 4576.23, 0, '2014-08-22', 0x2d, 'OFFER-DRG. ASSY. CLUTCH RELEASE BEARING', '-', 0, 0, 0, 1, 0, NULL, 1),
(318, 1, 'TE885409041613', 6656.34, 0, '2014-08-22', 0x2d, 'SET OF 1613 AIR FILTER CARTRID', '-', 0, 0, 0, 1, 0, NULL, 1),
(319, 1, 'TE885409052516', 10119.96, 0, '2014-08-22', 0x2d, 'SET OF 2516 AIR FILTER CARTRID', '-', 0, 0, 0, 1, 0, NULL, 1),
(320, 1, 'TE885426010207', 1456.06, 0, '2014-08-22', 0x2d, 'GASKET GBS76', '-', 0, 0, 0, 1, 0, NULL, 1),
(321, 1, 'TE885433032829', 4700.07, 0, '2014-08-22', 0x2d, 'REPAIR KIT KING PIN ACE STD. FULL', '-', 0, 0, 0, 1, 0, NULL, 1),
(322, 1, 'TE885441011210', 2912.14, 0, '2014-08-22', 0x2d, 'CROSS KIT WITH CIR CLIP', '-', 0, 0, 0, 1, 0, NULL, 1),
(323, 1, 'TE885441211612', 4160.21, 0, '2014-08-22', 0x2d, 'UNIVERSAL JOINT CROSS KIT - TATA', '-', 0, 0, 0, 1, 0, NULL, 1),
(324, 1, 'TE885525340002', 13520.69, 0, '2014-08-22', 0x2d, 'SET  CLUTCH  &  PRESSURE  PLATE', '-', 0, 0, 0, 1, 0, NULL, 1),
(325, 1, 'TE886325010001', 16813.97, 0, '2014-08-22', 0x2d, 'GB 600 CLUTCH PLATE', '-', 0, 0, 0, 1, 0, NULL, 1),
(326, 1, 'TE886325010005', 39522.03, 0, '2014-08-22', 0x2d, 'CLUTCH COVER ASSY 1.5 SPLINE', '-', 0, 0, 0, 1, 0, NULL, 1),
(327, 1, 'TE886325010007', 15490.05, 0, '2014-08-22', 0x2d, 'GB 50 CLUTCH PLATE', '-', 0, 0, 0, 1, 0, NULL, 1),
(328, 1, 'TE886325010008', 13520.69, 0, '2014-08-22', 0x2d, 'GB 600 CLUTCH RELEASE BEARING', '-', 0, 0, 0, 1, 0, NULL, 1),
(329, 1, 'TE886325010018', 3328.17, 0, '2014-08-22', 0x2d, 'EYE BOLT & N.ROLLER SER.KIT', '-', 0, 0, 0, 1, 0, NULL, 1),
(330, 1, 'TE886325010057', 15082.39, 0, '2014-08-22', 0x2d, '12?INCH ?PRESSURE PLATE (310 DIA DIAPHRA', '-', 0, 0, 0, 1, 0, NULL, 1),
(331, 1, 'TE886325010063', 13758.45, 0, '2014-08-22', 0x2d, 'STAR BUS CLUTCH PLATE', '-', 0, 0, 0, 1, 0, NULL, 1),
(332, 1, 'TEB06400000001', 2000, 0, '2014-08-22', 0x2d, '0', '-', 0, 0, 0, 1, 0, NULL, 1),
(333, 1, 'TEB06400000002', 624.03, 0, '2014-08-22', 0x2d, 'MINOR REPAIR KIT ALUMINIUM MASTER CYLIND', '-', 0, 0, 0, 1, 0, NULL, 1),
(334, 1, 'TT00033000003J', 0, 0, '2014-08-22', 0x2d, '-', '-', 0, 0, 0, 1, 0, NULL, 1),
(335, 1, 'TT0003382629', 2543.65, 0, '2014-08-22', 0x2d, 'ASSY.BALL JOINT LH(RANE 21 01', '-', 0, 0, 0, 1, 0, NULL, 1),
(336, 1, 'TT0004600105J', 2038.08, 0, '2014-08-22', 0x2d, 'DRAG LINK KIT', '-', 0, 0, 0, 1, 0, NULL, 1),
(337, 1, '282949200103', 0, 0, '2014-10-29', 0x4e6f20496d616765, 'oil filter', '', 20, 4, 2, 1, 2, NULL, 0),
(338, 1, 'TT0003383429', 2395.39, 2416.97, '2014-11-27', 0x6e756c6c, 'ASSY. BALL JOINT RH', '-', 0, 0, 0, 1, 0, NULL, 1),
(339, 1, 'TE282940300113', 104, 114.66600000000001, '2014-11-27', 0x6e756c6c, 'ASSY.BRACKET SPARE WHEEL LOCK', '-', 0, 0, 0, 1, 0, NULL, 1),
(340, 1, 'TE252520156305', 940.01, 1025.92, '2014-11-27', 0x6e756c6c, 'V BELT COGGED 1280MM', '-', 0, 0, 0, 1, 0, NULL, 1),
(341, 1, 'TE278615999902', 9165.14, 14161.92, '2014-11-27', 0x6e756c6c, 'TENSIONER BELT', '-', 0, 0, 0, 1, 0, NULL, 1),
(342, 1, 'TE282972500105', 1664.08, 2119.7683333333334, '2014-11-27', 0x6e756c6c, 'ASSY,WIND/REG LH', '-', 0, 0, 0, 1, 0, NULL, 1),
(343, 1, 'TE253420156310', 940.01, 1169.13, '2014-11-27', 0x6e756c6c, 'V BELT COGGED 925MM LONG', '-', 0, 0, 0, 1, 0, NULL, 1),
(344, 1, 'TE250726205001', 2496.12, 2617.06, '2014-11-27', 0x6e756c6c, 'COUPLING FLANGE', '-', 0, 0, 0, 1, 0, NULL, 1),
(345, 1, 'TE282933208611', 126.5, 14.806400000000002, '2014-11-27', 0x6e756c6c, 'SHIM 0.1 THICK(KING PIN)', '-', 0, 0, 0, 1, 0, NULL, 1),
(346, 1, 'TE275130100116', 624.03, 678.79, '2014-11-27', 0x6e756c6c, 'ASSY. PULL ROD', '-', 0, 0, 0, 1, 0, NULL, 1),
(347, 1, 'TE278850100110', 21504.91, 24477.39, '2014-11-27', 0x6e756c6c, 'ASSY RAD W/H FAN SHROUD & MOT', '-', 0, 0, 0, 1, 0, NULL, 1),
(348, 1, 'TE282972500106', 1872.09, 1851.92, '2014-11-27', 0x6e756c6c, 'ASSY,WIND/REG RH', '-', 0, 0, 0, 1, 0, NULL, 1),
(349, 1, 'TE286424200101', 3055.04, 3190.385, '2014-11-27', 0x6e756c6c, 'ASSY. ENGINE MOUNT (REAR)', '-', 0, 0, 0, 1, 0, NULL, 1),
(350, 1, 'TE268426803401', 104, 82.163, '2014-11-27', 0x6e756c6c, 'BUSH BALL SEAT G S LEVER', '-', 0, 0, 0, 1, 0, NULL, 1),
(351, 1, 'TE278801990108', 1664.08, 1830.135, '2014-11-27', 0x6e756c6c, 'SET INLET AND EXHAUST VALVE', '-', 0, 0, 0, 1, 0, NULL, 1),
(352, 1, 'TE551742990129', 3328.17, 3753.87, '2014-11-27', 0x6e756c6c, 'KIT LINED SHOE FRONT', '-', 0, 0, 0, 1, 0, NULL, 1),
(353, 1, 'TE207354500101', 624.03, 591.4275, '2014-11-27', 0x6e756c6c, 'MAIN LINE SWITCH', '-', 0, 0, 0, 1, 0, NULL, 1),
(354, 1, 'TE551742990117', 3120.15, 3383.005, '2014-11-27', 0x6e756c6c, 'REAR KIT LINED SHOE (M/S.BIL)', '-', 0, 0, 0, 1, 0, NULL, 1),
(355, 1, 'TE268426716301', 104, 43.007999999999996, '2014-11-27', 0x6e756c6c, 'COLLER  BUSH', '-', 0, 0, 0, 1, 0, NULL, 1),
(356, 1, 'TE266835605301', 416.02, 241.763, '2014-11-27', 0x6e756c6c, 'GASKET AXLE SHAFT TO HUB - REAR', '-', 0, 0, 0, 1, 0, NULL, 1),
(357, 1, 'TE551742990124', 728.03, 658.37, '2014-11-27', 0x6e756c6c, 'REAR KIT WHEEL CYLINDER  MINOR', '-', 0, 0, 0, 1, 0, NULL, 1),
(358, 1, 'TE268426807712', 352.5, 375.044, '2014-11-27', 0x6e756c6c, 'RUBBER  BELLOW -  G/S LEVER', '-', 0, 0, 0, 1, 0, NULL, 1),
(359, 1, 'TE282967100101', 9360.47, 17554.47, '2014-11-27', 0x6e756c6c, 'WINDSHIELD GLASS', '-', 0, 0, 0, 1, 0, NULL, 1),
(360, 1, 'TT3520321105', 3536.17, 3188.66, '2014-11-27', 0x6e756c6c, 'RING GEAR', '-', 0, 0, 0, 1, 0, NULL, 1),
(361, 1, 'TE283432100125', 252.99, 185.49416666666664, '2014-11-27', 0x6e756c6c, 'ASSY PIVOT BUSH - FRONT', '-', 0, 0, 0, 1, 0, NULL, 1),
(362, 1, 'TE282988506301', 4992.25, 6448.87, '2014-11-27', 0x6e756c6c, 'FRONT BUMPER', '-', 0, 0, 0, 1, 0, NULL, 1),
(363, 1, 'TE279020100101', 3328.17, 3924.7383333333332, '2014-11-27', 0x6e756c6c, 'WATER PUMP', '-', 0, 0, 0, 1, 0, NULL, 1),
(364, 1, 'TE287132100107', 759, 537.3533333333334, '2014-11-27', 0x6e756c6c, 'ASSY. REAR PIVOT BUSH (FRONT SUSP.)', '-', 0, 0, 0, 1, 0, NULL, 1),
(365, 1, 'TE282967106301', 1175.01, 1416.745, '2014-11-27', 0x6e756c6c, 'MOULD WINDSHIELD', '-', 0, 0, 0, 1, 0, NULL, 1),
(366, 1, 'TE267872300114', 208, 190.904, '2014-11-27', 0x6e756c6c, 'REG HANDLE', '-', 0, 0, 0, 1, 0, NULL, 1),
(367, 1, 'TE286424100101', 1880.03, 1953.18, '2014-11-27', 0x6e756c6c, 'ASSY. ENGINE MOUNT (FRONT)', '-', 0, 0, 0, 1, 0, NULL, 1),
(368, 1, 'TE552388500101', 7904.4, 7487.93, '2014-11-27', 0x6e756c6c, 'ASSY FRONT BUMPER', '-', 0, 0, 0, 1, 0, NULL, 1),
(369, 1, 'TE279020125304C', 9.53, 9.620999999999999, '2014-11-27', 0x6e756c6c, 'GASKET WATER INLET ELBOW', '-', 0, 0, 0, 1, 0, NULL, 1),
(370, 1, 'TE571724200103', 3794.98, 6806.06, '2014-11-27', 0x6e756c6c, 'ASSY.ENGINE MOUNT-D(REAR RIGHT)', '-', 0, 0, 0, 1, 0, NULL, 1),
(371, 1, 'TE571724200101', 3794.98, 4409.73, '2014-11-27', 0x6e756c6c, 'ASSY.ENGINE MOUNT-B(REAR MIDDLE)', '-', 0, 0, 0, 1, 0, NULL, 1),
(372, 1, 'TE571724100101', 1645.02, 4204.29, '2014-11-27', 0x6e756c6c, 'ASSY.ENGINE MOUNT-A (FRONT)', '-', 0, 0, 0, 1, 0, NULL, 1),
(373, 1, 'TE257132803402', 252.99, 613.5, '2014-11-27', 0x6e756c6c, 'BUSH HALF TOP', '-', 0, 0, 0, 1, 0, NULL, 1),
(374, 1, 'TE278614999946', 9360.47, 13238.355, '2014-11-27', 0x6e756c6c, 'MINOR REPAIR KIT TURBOCHARGER', '-', 0, 0, 0, 1, 0, NULL, 1),
(375, 1, 'TE279015146310', 940.01, 901.051, '2014-11-27', 0x6e756c6c, 'POLY BELT 720 LG', '-', 0, 0, 0, 1, 0, NULL, 1),
(376, 1, 'TE282933407803', 104, 120.2095, '2014-11-27', 0x6e756c6c, 'FRONT HUB OIL SEAL', '-', 0, 0, 0, 1, 0, NULL, 1),
(377, 1, 'TE269632807502', 117.49, 50.71375, '2014-11-27', 0x6e756c6c, 'RUBBER BUSH FRT ARB', '-', 0, 0, 0, 1, 0, NULL, 1),
(378, 1, 'TF11084110509', 352.5, 193.41, '2014-11-27', 0x6e756c6c, 'CENTRE BOLT M 10X50X10', '-', 0, 0, 0, 1, 0, NULL, 1),
(379, 1, 'TE286401135301', 1248.06, 626.46, '2014-11-27', 0x6e756c6c, 'GASKET (OIL SUMP TO LADDER FRAME)', '-', 0, 0, 0, 1, 0, NULL, 1),
(380, 1, 'TE276326800112', 2115.03, 2491.56, '2014-11-27', 0x6e756c6c, 'RUBBER BELLOW', '-', 0, 0, 0, 1, 0, NULL, 1),
(381, 1, 'TE282940306501', 117.49, 144.95, '2014-11-27', 0x6e756c6c, 'HEX NUT', '-', 0, 0, 0, 1, 0, NULL, 1),
(382, 1, 'TE282933208620', 126.5, 67.15520000000001, '2014-11-27', 0x6e756c6c, 'SHIM 0.20 THK SPACER', '-', 0, 0, 0, 1, 0, NULL, 1),
(383, 1, 'TE282933208618', 126.5, 17.416, '2014-11-27', 0x6e756c6c, 'SHIM 0.1 THICK', '-', 0, 0, 0, 1, 0, NULL, 1),
(384, 1, 'TE278615996302', 2115.03, 2987.8025, '2014-11-27', 0x6e756c6c, 'BELT V RIBBED  CUMMINS (3935335)', '-', 0, 0, 0, 1, 0, NULL, 1),
(385, 1, 'TE272425200147', 8320.43, 8590.14, '2014-11-27', 0x6e756c6c, '200 DIA. ASSY. CLUTCH DISC-VALEO', '-', 0, 0, 0, 1, 0, NULL, 1),
(386, 1, 'TE270225600101', 2496.12, 3758.92, '2014-11-27', 0x6e756c6c, 'OFFER DRG.-ASSY.CL.RELS.B', '-', 0, 0, 0, 1, 0, NULL, 1),
(387, 1, 'TE282954500106', 1872.09, 2029.36, '2014-11-27', 0x6e756c6c, 'STEERING CUM IGN. SW - M/sJAY SW.', '-', 0, 0, 0, 1, 0, NULL, 1),
(388, 1, 'TE278603999937', 117.49, 100.084, '2014-11-27', 0x6e756c6c, 'SCREW HEX FLANGE HD CAP', '-', 0, 0, 0, 1, 0, NULL, 1),
(389, 1, 'TE281832403202', 235, 220.215, '2014-11-27', 0x6e756c6c, 'CENTRE BOLT (REAR LEAF SPRING)', '-', 0, 0, 0, 1, 0, NULL, 1),
(390, 1, 'TE281832400140', 1175.01, 7171.919999999999, '2014-11-27', 0x6e756c6c, 'ASSY RUBBER BUSHING (REAR LEAF SPRING)', '-', 0, 0, 0, 1, 0, NULL, 1),
(391, 1, 'TE286405111601', 5170.08, 6029.5, '2014-11-27', 0x6e756c6c, 'TIMING BELT', '-', 0, 0, 0, 1, 0, NULL, 1),
(392, 1, 'TE552355106310', 1976.1, 2025.22, '2014-11-27', 0x6e756c6c, 'SIDE STICKER RH ORANGE', '-', 0, 0, 0, 1, 0, NULL, 1),
(393, 1, 'TE552355106309', 1976.1, 2025.22, '2014-11-27', 0x6e756c6c, 'SIDE STICKER LH ORANGE', '-', 0, 0, 0, 1, 0, NULL, 1),
(394, 1, 'TE552355106308', 832.03, 749.32, '2014-11-27', 0x6e756c6c, 'FRONT STICKER ORANGE', '-', 0, 0, 0, 1, 0, NULL, 1),
(395, 1, 'TE282972000110', 22881.17, 24975.42, '2014-11-27', 0x6e756c6c, 'DOOR SHELL RH', '-', 0, 0, 0, 1, 0, NULL, 1),
(396, 1, 'TE282972000109', 22881.17, 26838.3, '2014-11-27', 0x6e756c6c, 'DOOR SHELL LH', '-', 0, 0, 0, 1, 0, NULL, 1),
(397, 1, 'TE253403107801', 705.01, 715.052, '2014-11-27', 0x6e756c6c, 'SEAL CRANKSHAFT FRONT', '-', 0, 0, 0, 1, 0, NULL, 1),
(398, 1, 'TE257641113201', 117.49, 60.23333333333333, '2014-11-27', 0x6e756c6c, 'BOLT', '-', 0, 0, 0, 1, 0, NULL, 1),
(399, 1, 'TE278609999904', 2023.99, 2817.235, '2014-11-27', 0x6e756c6c, 'HEAD FUEL FILTER', '-', 0, 0, 0, 1, 0, NULL, 1),
(400, 1, 'TE282946400107', 2704.14, 2620.02, '2014-11-27', 0x6e756c6c, 'STEERING WHEEL', '-', 0, 0, 0, 1, 0, NULL, 1),
(401, 1, 'TE279101145301', 104, 35.525, '2014-11-27', 0x6e756c6c, 'GASKET (REAR COVER CRANKCASE)', '-', 0, 0, 0, 1, 0, NULL, 1),
(402, 1, 'VE279018130106', 1310.74, 1211.94, '2014-11-27', 0x6e756c6c, 'DIESEL OIL FILTER', '-', 0, 0, 0, 1, 0, NULL, 1),
(403, 1, 'TE252501146301', 470.01, 567.28, '2014-11-27', 0x6e756c6c, 'GASKET PUSH ROD CH COVER', '-', 0, 0, 0, 1, 0, NULL, 1),
(404, 1, 'TE272425000134', 12480.64, 15339.945, '2014-11-27', 0x6e756c6c, 'ASSY. CLUTCH DISC & COVER ASSY. 200 DIA', '-', 0, 0, 0, 1, 0, NULL, 1),
(405, 1, 'TE265432400116', 352.5, 224.3, '2014-11-27', 0x6e756c6c, 'ASSY.SHACKLE.(REAR SPRG.)', '-', 0, 0, 0, 1, 0, NULL, 1),
(406, 1, 'TE570523126302', 1416.69, 1429.46, '2014-11-27', 0x6e756c6c, 'MICRO V -BELT', '-', 0, 0, 0, 1, 0, NULL, 1),
(407, 1, 'VE570518130102', 554.54, 486.82, '2014-11-27', 0x6e756c6c, 'ASSY OIL FILTER', '-', 0, 0, 0, 1, 0, NULL, 1),
(408, 1, 'VE283432100125', 351.2, 266.335, '2014-11-27', 0x6e756c6c, 'ASSY PIVOT BUSH - FRONT', '-', 0, 0, 0, 1, 0, NULL, 1),
(409, 1, 'VE580725600103', 1637.22, 1442.68, '2014-11-27', 0x6e756c6c, 'ASSY CLUTCH RELEASE BEARING', '-', 0, 0, 0, 1, 0, NULL, 1),
(410, 1, 'VE580725400102', 3046.46, 2666.83, '2014-11-27', 0x6e756c6c, 'ASSY 160 DIA CLUTCH COVER', '-', 0, 0, 0, 1, 0, NULL, 1),
(411, 1, 'VE283443990134', 186.51, 141.38, '2014-11-27', 0x6e756c6c, 'FRONT SHOE HOLD DOWN KIT', '-', 0, 0, 0, 1, 0, NULL, 1),
(412, 1, 'VE283442990105', 257.55, 244.40666666666667, '2014-11-27', 0x6e756c6c, 'FRONT KIT WHEEL CYLINDER : MINOR', '-', 0, 0, 0, 1, 0, NULL, 1),
(413, 1, 'TE580725601601', 1456.06, 1525.89, '2014-11-27', 0x6e756c6c, 'ASSY CLUTCH RELEASE BEARING', '-', 0, 0, 0, 1, 0, NULL, 1),
(414, 1, 'TE552354400114', 12272.63, 11937.25, '2014-11-27', 0x6e756c6c, 'ACE FACELIFT HEAD LAMP LH', '-', 0, 0, 0, 1, 0, NULL, 1),
(415, 1, 'TE265381106308', 1976.1, 2016.08, '2014-11-27', 0x6e756c6c, 'FENDER EXTEN FR RH', '-', 0, 0, 0, 1, 0, NULL, 1),
(416, 1, 'TE265381106307', 1872.09, 2019.51, '2014-11-27', 0x6e756c6c, 'FENDER EXTEN FR LH', '-', 0, 0, 0, 1, 0, NULL, 1),
(417, 1, 'VE283442990121', 3315.87, 2847.54, '2014-11-27', 0x6e756c6c, 'FORNT KIT LINED SHOE', '-', 0, 0, 0, 1, 0, NULL, 1),
(418, 1, 'VE580725600105', 2196.77, 1946.9075, '2014-11-27', 0x6e756c6c, 'ASSY CL RELEASE BEARING [ AXIAL GROOVE ]', '-', 0, 0, 0, 1, 0, NULL, 1),
(419, 1, 'VE580725000102', 7709.41, 6753.063333333333, '2014-11-27', 0x6e756c6c, 'ASSY 160 DIA CLUTCH DISC & PRPLATE', '-', 0, 0, 0, 1, 0, NULL, 1),
(420, 1, 'TE254701155325', 104, 98.28, '2014-11-27', 0x6e756c6c, 'GASKET CAP CY/HD COVER TC', '-', 0, 0, 0, 1, 0, NULL, 1),
(421, 1, 'TT0003300003J', 2378.81, 2400.24, '2014-11-27', 0x6e756c6c, 'TIE ROD REPAIR KIT', '-', 0, 0, 0, 1, 0, NULL, 1),
(422, 1, 'TE261854209927', 832.03, 1110.22, '2014-11-27', 0x6e756c6c, 'TEMPERATURE GAUGE', '-', 0, 0, 0, 1, 0, NULL, 1),
(423, 1, 'TE257641115110', 6071.97, 6231, '2014-11-27', 0x6e756c6c, 'FLANGE YOKE', '-', 0, 0, 0, 1, 0, NULL, 1),
(424, 1, 'TE269026107702', 104, 91.9075, '2014-11-27', 0x6e756c6c, 'OIL  SEAL  -  SPEEDO  SHAFT', '-', 0, 0, 0, 1, 0, NULL, 1),
(425, 1, 'TE270240103201', 117.49, 112.11166666666666, '2014-11-27', 0x6e756c6c, 'WHEEL MOUNT PIN', '-', 0, 0, 0, 1, 0, NULL, 1),
(426, 1, 'TE257681100152', 2820.04, 3518, '2014-11-27', 0x6e756c6c, 'REAR VIEW MIRROR RH', '-', 0, 0, 0, 1, 0, NULL, 1),
(427, 1, 'TE252701130141', 1040.05, 942.24, '2014-11-27', 0x6e756c6c, 'OIL SUMP GASKET KIT', '-', 0, 0, 0, 1, 0, NULL, 1),
(428, 1, 'TE886325010011', 13520.69, 11801.88, '2014-11-27', 0x6e756c6c, 'GB 50 CLUTCH RELEASE BEARING', '-', 0, 0, 0, 1, 0, NULL, 1),
(429, 1, 'TE279023120142', 1248.06, 2786.96, '2014-11-27', 0x6e756c6c, 'IDLER (ASSY TENSIONER PULLEY)', '-', 0, 0, 0, 1, 0, NULL, 1),
(430, 1, 'TE282940306906', 208, 200.4011111111111, '2014-11-27', 0x6e756c6c, 'CLAMP  SPARE WHEEL MTG', '-', 0, 0, 0, 1, 0, NULL, 1),
(431, 1, 'TE282942300125', 2080.11, 2402.815, '2014-11-27', 0x6e756c6c, 'WHEEL CYLINDER ASSY RH', '-', 0, 0, 0, 1, 0, NULL, 1),
(432, 1, 'TE279023126311', 1077.65, 1093.646, '2014-11-27', 0x6e756c6c, 'POLY-V BELT (4-GROOVES-730) (G', '-', 0, 0, 0, 1, 0, NULL, 1),
(433, 1, 'TE279005125111', 624.03, 828.2059999999999, '2014-11-27', 0x6e756c6c, 'INLET VALVE', '-', 0, 0, 0, 1, 0, NULL, 1),
(434, 1, 'TE282954409903', 208, 162.848, '2014-11-27', 0x6e756c6c, 'WHITE REFLECTER', '-', 0, 0, 0, 1, 0, NULL, 1),
(435, 1, 'TE279005138317', 68.66, 89.7675, '2014-11-27', 0x6e756c6c, 'SHIM 3.30 THK', '-', 0, 0, 0, 1, 0, NULL, 1),
(436, 1, 'TE279005138310', 68.66, 64.982, '2014-11-27', 0x6e756c6c, 'SHIM 2.950', '-', 0, 0, 0, 1, 0, NULL, 1),
(437, 1, 'TE279005138312', 68.66, 61.99142857142857, '2014-11-27', 0x6e756c6c, 'SHIM 3.05 THK', '-', 0, 0, 0, 1, 0, NULL, 1),
(438, 1, 'TE279005138311', 68.66, 65.576, '2014-11-27', 0x6e756c6c, 'SHIM 3.00', '-', 0, 0, 0, 1, 0, NULL, 1),
(439, 1, 'TE278809130117', 1872.09, 2098.17, '2014-11-27', 0x6e756c6c, 'SNORKEL ASSY', '-', 0, 0, 0, 1, 0, NULL, 1);
INSERT INTO `item` (`ItemID`, `BrandID`, `item_part_no`, `buyingprice`, `sellingprice`, `addeddate`, `image`, `Description`, `remarks`, `commision`, `re_order_qty`, `key_id`, `supplier_id`, `type_id`, `rack_no`, `status`) VALUES
(440, 1, 'TE285035300166', 19344.99, 25493.79, '2014-11-27', 0x6e756c6c, 'GEAR AND PINION ASSY - HYPOID DRIVE', '-', 0, 0, 0, 1, 0, NULL, 1),
(441, 1, 'TE265129100135', 362.02, 365.275, '2014-11-27', 0x6e756c6c, 'REPAIR KIT MASTER CYL', '-', 0, 0, 0, 1, 0, NULL, 1),
(442, 1, 'TE269824200101', 1264.99, 914.715, '2014-11-27', 0x6e756c6c, 'ASSY ENGINE MOUNT REAR', '-', 0, 0, 0, 1, 0, NULL, 1),
(443, 1, 'TE571715146302', 940.01, 1103.85, '2014-11-27', 0x6e756c6c, 'COGGED BELT (M/S GATES)', '-', 0, 0, 0, 1, 0, NULL, 1),
(444, 1, 'TE252520156306', 940.01, 1076.375, '2014-11-27', 0x6e756c6c, 'V BELT COGGED 1325 MM LONG', '-', 0, 0, 0, 1, 0, NULL, 1),
(445, 1, 'TE552354400115', 12272.63, 11696.65, '2014-11-27', 0x6e756c6c, 'ACE FACELIFT HEAD LAMP RH', '-', 0, 0, 0, 1, 0, NULL, 1),
(446, 1, 'TE282972306003', 104, 73.6, '2014-11-27', 0x6e756c6c, 'LINK INNER HANDLE', '-', 0, 0, 0, 1, 0, NULL, 1),
(447, 1, 'TE278824200105', 3035.98, 3443.34, '2014-11-27', 0x6e756c6c, 'ASSY,ENG,MOUNT REAR', '-', 0, 0, 0, 1, 0, NULL, 1),
(448, 1, 'TE264133200135', 2912.14, 2916.08, '2014-11-27', 0x6e756c6c, 'ASSY. BALL JOINT LH', '-', 0, 0, 0, 1, 0, NULL, 1),
(449, 1, 'TE885435082515', 2912.14, 3495.78, '2014-11-27', 0x6e756c6c, 'HUB GREASING KIT - EX', '-', 0, 0, 0, 1, 0, NULL, 1),
(450, 1, 'TE264154500106', 2288.11, 2802.09, '2014-11-27', 0x6e756c6c, 'STEERING LOCK CUM IGNITION SW[', '-', 0, 0, 0, 1, 0, NULL, 1),
(451, 1, 'VE283415100135', 30879.09, 26925.865, '2014-11-27', 0x6e756c6c, 'ASSY STARTER MOTOR', '-', 0, 0, 0, 1, 0, NULL, 1),
(452, 1, 'VE283454500123', 5118.89, 4516.78, '2014-11-27', 0x6e756c6c, 'DOUBLE STALK COMBI SWITCH LUX', '-', 0, 0, 0, 1, 0, NULL, 1),
(453, 1, 'VE283454509947', 518.1, 452.4, '2014-11-27', 0x6e756c6c, 'OIL_PRESSURE_SWITCH_PMP_MAKE', '-', 0, 0, 0, 1, 0, NULL, 1),
(454, 1, 'VE283415209910', 750.38, 757.14, '2014-11-27', 0x6e756c6c, 'H T CABLE', '-', 0, 0, 0, 1, 0, NULL, 1),
(455, 1, 'VE283442990104', 870.42, 762.38, '2014-11-27', 0x6e756c6c, 'FRONT KIT WHEEL CYLINDER : MAJOR', '-', 0, 0, 0, 1, 0, NULL, 1),
(456, 1, 'VE570515209907', 4289.92, 3685.08, '2014-11-27', 0x6e756c6c, 'IGNITION COIL ASSY', '-', 0, 0, 0, 1, 0, NULL, 1),
(457, 1, 'VE283432401605', 491.69, 505.815, '2014-11-27', 0x6e756c6c, 'OFFER DRAWING - ASSY PIVOT BUSH REAR SUS', '-', 0, 0, 0, 1, 0, NULL, 1),
(458, 1, 'VE283432100198', 1720.11, 1466.02, '2014-11-27', 0x6e756c6c, 'SUSP BALL JOINT ASSY - LH', '-', 0, 0, 0, 1, 0, NULL, 1),
(459, 1, 'TE283442990123', 416.02, 394.1266666666667, '2014-11-27', 0x6e756c6c, 'FORNT KIT W/CYL - MINOR', '-', 0, 0, 0, 1, 0, NULL, 1),
(460, 1, 'VE283442990103', 2072.43, 1811.275, '2014-11-27', 0x6e756c6c, 'FRONT KIT SHOE ASSEMBLY COMPLETE', '-', 0, 0, 0, 1, 0, NULL, 1),
(461, 1, 'TE281832200101', 2080.11, 2336.255, '2014-11-27', 0x6e756c6c, 'ASSY. BALL JOINT', '-', 0, 0, 0, 1, 0, NULL, 1),
(462, 1, 'TE282641117701', 940.01, 952.7280000000001, '2014-11-27', 0x6e756c6c, 'C.B.RUBBER (DANA-EPDM,57 SHORE', '-', 0, 0, 0, 1, 0, NULL, 1),
(463, 1, 'VE570515146303', 936.54, 902.586, '2014-11-27', 0x6e756c6c, 'V BELT (V10 X 665)', '-', 0, 0, 0, 1, 0, NULL, 1),
(464, 1, 'TE282954400112', 624.03, 586.49, '2014-11-27', 0x6e756c6c, 'BLINKER LAMP LH', '-', 0, 0, 0, 1, 0, NULL, 1),
(465, 1, 'TE282988800101CN-R', 11100, 11200, '2014-11-27', 0x6e756c6c, 'FRONT PANEL OUTER COMPLETE - IRISH CREAM', '-', 0, 0, 0, 1, 0, NULL, 1),
(466, 1, 'TE552388806303', 13936.7, 14347.86, '2014-11-27', 0x6e756c6c, 'PANEL  FRONT OUTER', '-', 0, 0, 0, 1, 0, NULL, 1),
(467, 1, 'TE257672500123', 1040.05, 1390.02, '2014-11-27', 0x6e756c6c, 'ASSY WINDOW REGULATOR L/H', '-', 0, 0, 0, 1, 0, NULL, 1),
(468, 1, 'TE272425200151', 15600.79, 26023.33, '2014-11-27', 0x6e756c6c, 'STAR BUS CLUTCH PLATE', '-', 0, 0, 0, 1, 0, NULL, 1),
(469, 1, 'VE269026203805', 828.97, 885.315, '2014-11-27', 0x6e756c6c, 'SYNCHROCONE(3/4/5/SPEED)', '-', 0, 0, 0, 1, 0, NULL, 1),
(470, 1, 'VE570523126304', 1006.78, 969.2025, '2014-11-27', 0x6e756c6c, 'MICRO V BELT (4PK-747)(M/S.GATES)', '-', 0, 0, 0, 1, 0, NULL, 1),
(471, 1, 'VE283447609903', 327.68, 299.365, '2014-11-27', 0x6e756c6c, 'FUEL FILTER', '-', 0, 0, 0, 1, 0, NULL, 1),
(472, 1, 'TE571724200104', 3102.31, 3130.255, '2014-11-27', 0x6e756c6c, 'C-MOUNT ASSY ENGINE (FRONT)', '-', 0, 0, 0, 1, 0, NULL, 1),
(473, 1, 'TE285126257901', 8840.45, 7960.95, '2014-11-27', 0x6e756c6c, 'DRIVE SHAFT', '-', 0, 0, 0, 1, 0, NULL, 1),
(474, 1, 'TE281829100105', 1872.09, 1427.81, '2014-11-27', 0x6e756c6c, 'ASSY. CLUTCH CABLE', '-', 0, 0, 0, 1, 0, NULL, 1),
(475, 1, 'TE280829100112', 4772.36, 4428.7, '2014-11-27', 0x6e756c6c, 'ASSY.ALUMN.MASTER CYLINDE', '-', 0, 0, 0, 1, 0, NULL, 1),
(476, 1, 'TE261829100109', 1664.08, 1966.865, '2014-11-27', 0x6e756c6c, 'ASSY.  REPAIR KIT MAJOR', '-', 0, 0, 0, 1, 0, NULL, 1),
(477, 1, 'TE215430100107', 1138.49, 800.59, '2014-11-27', 0x6e756c6c, 'ASSY.PULL CABLE(ACCEL.)', '-', 0, 0, 0, 1, 0, NULL, 1),
(478, 1, 'TE279150100115', 1664.08, 1902.3, '2014-11-27', 0x6e756c6c, 'ASSY.THERMO SWITCH', '-', 0, 0, 0, 1, 0, NULL, 1),
(479, 1, 'TE265454510119', 3744.19, 3534.485, '2014-11-27', 0x6e756c6c, 'COMBINATION SWITCH RHD', '-', 0, 0, 0, 1, 0, NULL, 1),
(480, 1, 'VE270254219927', 1181.28, 996.8, '2014-11-27', 0x6e756c6c, 'DUEL TEMP TRANSDUCER', '-', 0, 0, 0, 1, 0, NULL, 1),
(481, 1, 'TE885401012788', 23505.2, 29273.316, '2014-11-27', 0x6e756c6c, 'ENGINE OVERHAUL KIT ACE', '-', 0, 0, 0, 1, 0, NULL, 1),
(482, 1, 'TE282988500104', 4368.22, 6448.87, '2014-11-27', 0x6e756c6c, 'ASSY FRONT BUMPER PC', '-', 0, 0, 0, 1, 0, NULL, 1),
(483, 1, 'TE277846800121', 2496.12, 1943.975, '2014-12-23', 0x6e756c6c, 'REPAIR KIT DRAG LINK', '-', 0, 0, 0, 1, 0, NULL, 1),
(484, 1, 'TE282932300128', 2912.14, 3034.18, '2014-12-23', 0x6e756c6c, 'ASSY FRONT SHOCK ABSORBER', '-', 0, 0, 0, 1, 0, NULL, 1),
(485, 1, 'TE264143700127', 3328.17, 3932.05, '2014-12-23', 0x6e756c6c, 'AIR DRIER R/KIT', '-', 0, 0, 0, 1, 0, NULL, 1),
(486, 1, 'VE283481100108A6', 1217.5, 1454.355, '2014-12-23', 0x6e756c6c, 'ASSY OUTER REAR MIRROR COMP RH', '-', 0, 0, 0, 1, 0, NULL, 1),
(487, 1, 'VEG283481100134', 3886.66, 3530.35, '2014-12-23', 0x6e756c6c, 'ASSY OUTER REAR VIEW MIRROR LH COMPL', '-', 0, 0, 0, 1, 0, NULL, 1),
(488, 1, 'TE265432110128', 470.01, 349.3625, '2015-01-16', 0x6e756c6c, 'ASSY RUBBER STOPPER', '-', 0, 0, 0, 1, 0, NULL, 1),
(489, 1, 'TF17051002873', 117.49, 88.603, '2015-01-16', 0x6e756c6c, 'O RING 28X3A NITRILE', '-', 0, 0, 0, 1, 0, NULL, 1),
(490, 1, 'TE253409140132', 2912.14, 2603.3966666666665, '2015-01-16', 0x6e756c6c, 'ASSEMBLY PRIMARY ELEMENT 8M3', '-', 0, 0, 0, 1, 0, NULL, 1),
(491, 1, 'TV1457431003', 624.03, 548.1833333333333, '2015-01-16', 0x6e756c6c, 'FELT ELEMENT', '-', 0, 0, 0, 1, 0, NULL, 1),
(492, 1, 'VE580725103403', 23.41, 20.71, '2015-01-16', 0x6e756c6c, 'UPPER BUSH (ON HOUSING)', '-', 0, 0, 0, 1, 0, NULL, 1),
(493, 1, 'TE253401130124', 1040.05, 1007.52, '2015-01-16', 0x6e756c6c, ' SUMP GASKET', '-', 0, 0, 0, 1, 0, NULL, 1),
(494, 1, 'TE265454204913', 832.03, 655.135, '2015-01-16', 0x6e756c6c, 'RELAY WITH RESISTER', '-', 0, 0, 0, 1, 0, NULL, 1),
(495, 1, 'TE268426807715', 352.5, 288.21, '2015-01-16', 0x6e756c6c, 'GEAR LEVER BOOT', '-', 0, 0, 0, 1, 0, NULL, 1),
(496, 1, 'TE282940206501', 117.49, 93.475, '2015-01-16', 0x6e756c6c, 'WHEEL NUT', '-', 0, 0, 0, 1, 0, NULL, 1),
(497, 1, 'TE282932107108', 624.03, 572.97, '2015-01-16', 0x6e756c6c, 'GUIDE PLATE FRONT', '-', 0, 0, 0, 1, 0, NULL, 1),
(498, 1, 'TE250526257802', 117.49, 89.342, '2015-01-16', 0x6e756c6c, 'OIL SEAL FRT GBS 40/50', '-', 0, 0, 0, 1, 0, NULL, 1),
(499, 1, 'TE269830100107', 1011.99, 936.4, '2015-01-16', 0x6e756c6c, 'ASSY.ENGINE STOP CABLE (OFFER DRWG.)', '-', 0, 0, 0, 1, 0, NULL, 1),
(500, 1, 'TE269126257805', 117.49, 82.26, '2015-01-16', 0x6e756c6c, 'OIL RETAINER - DRIVE SHAFT', '-', 0, 0, 0, 1, 0, NULL, 1),
(501, 1, 'TV9451037407', 416.02, 471.32, '2015-01-16', 0x6e756c6c, 'FUEL FILTER (MICO)', '-', 0, 0, 0, 1, 0, NULL, 1),
(502, 1, 'TE269925400103', 9360.47, 9852.07, '2015-01-16', 0x6e756c6c, 'PRESSURE PLATE, 228 DIA', '-', 0, 0, 0, 1, 0, NULL, 1),
(503, 1, 'TE886325010002', 36920.76, 37253.38, '2015-01-16', 0x6e756c6c, 'GB 600 PRESSURE PLATE', '-', 0, 0, 0, 1, 0, NULL, 1),
(504, 1, 'TE282930108701', 104, 43.142, '2015-01-16', 0x6e756c6c, 'ACCELERATOR SPRING', '-', 0, 0, 0, 1, 0, NULL, 1),
(505, 1, 'TE282646600117', 5200.26, 5016.3, '2015-01-16', 0x6e756c6c, 'ASSY TIE ROD', '-', 0, 0, 0, 1, 0, NULL, 1),
(506, 1, 'TE885433012829', 416.02, 541.77, '2015-01-16', 0x6e756c6c, 'ACE HUB GREASING KIT', '-', 0, 0, 0, 1, 0, NULL, 1),
(507, 1, 'TE261454509901', 416.02, 262.99, '2015-01-16', 0x6e756c6c, 'STARTER PUSH BUTTON', '-', 0, 0, 0, 1, 0, NULL, 1),
(508, 1, 'TE278803100108', 22881.17, 25162.09, '2015-01-16', 0x6e756c6c, 'CRANKSHAFT', '-', 0, 0, 0, 1, 0, NULL, 1),
(509, 1, 'TE279020105301', 104, 21.035, '2015-01-16', 0x6e756c6c, 'GASKET (WATER PUMP )', '-', 0, 0, 0, 1, 0, NULL, 1),
(510, 1, 'TE280929100113', 2704.14, 2715.53, '2015-01-16', 0x6e756c6c, 'MAJOR REPAIR KIT CLU.BOOS', '-', 0, 0, 0, 1, 0, NULL, 1),
(511, 1, 'TE252501155322', 1456.06, 1785.235, '2015-01-16', 0x6e756c6c, 'GASKET-CYL.HD.COVER', '-', 0, 0, 0, 1, 0, NULL, 1),
(512, 1, 'TE265442100108', 2704.14, 2541.15, '2015-01-16', 0x6e756c6c, 'CALIPER KIT', '-', 0, 0, 0, 1, 0, NULL, 1),
(513, 1, 'VE277932807705', 117.07, 105.46, '2015-01-16', 0x6e756c6c, 'LOCK (ANTI ROLL BAR)', '-', 0, 0, 0, 1, 0, NULL, 1),
(514, 1, 'TE271942100115', 6968.35, 6264.88, '2015-01-16', 0x6e756c6c, 'KIT PAD ASSY.WITH PACKING', '-', 0, 0, 0, 1, 0, NULL, 1),
(515, 1, 'TE265346600124', 4784.24, 3972.025, '2015-01-16', 0x6e756c6c, 'ASSY. TIE ROD', '-', 0, 0, 0, 1, 0, NULL, 1),
(516, 1, 'TE265432400115', 705.01, 740.835, '2015-01-16', 0x6e756c6c, 'ASSY RUBBER BUSHING', '-', 0, 0, 0, 1, 0, NULL, 1),
(517, 1, 'TE252509140111', 1456.06, 1411.35, '2015-01-16', 0x6e756c6c, 'SAFETY CARTRIDGE PAPER', '-', 0, 0, 0, 1, 0, NULL, 1),
(518, 1, 'TE252509140134', 4160.21, 4711.81, '2015-01-16', 0x6e756c6c, 'FILTER CATRIDGE OUTER', '-', 0, 0, 0, 1, 0, NULL, 1),
(519, 1, 'TE269832120144', 940.01, 586.22, '2015-01-16', 0x6e756c6c, 'ADJUSTING BOLT', '-', 0, 0, 0, 1, 0, NULL, 1),
(520, 1, 'TE282972500110', 104, 109.133, '2015-01-16', 0x6e756c6c, 'WINDER HANDLE', '-', 0, 0, 0, 1, 0, NULL, 1),
(521, 1, 'TE269849207702', 235, 172.424, '2015-01-16', 0x6e756c6c, 'RUBBER HANGER', '-', 0, 0, 0, 1, 0, NULL, 1),
(522, 1, 'TEF002H20306', 1408.01, 1420.6975, '2015-01-16', 0x6e756c6c, 'FINE  FILTER  ASSY.', '-', 0, 0, 0, 1, 0, NULL, 1),
(523, 1, 'TE263241300103', 832.03, 1165.26, '2015-01-16', 0x6e756c6c, 'CENTRE BEARING BRACKET', '-', 0, 0, 0, 1, 0, NULL, 1),
(524, 1, 'TE250526207903', 15600.79, 15196.81, '2015-01-16', 0x6e756c6c, 'MAIN SHAFT [MODIFIED]', '-', 0, 0, 0, 1, 0, NULL, 1),
(525, 1, 'TE886325010056', 20267.49, 20226.26, '2015-01-16', 0x6e756c6c, '330 DIA 3 FINGER PRESSURE PLATE', '-', 0, 0, 0, 1, 0, NULL, 1),
(526, 1, 'TE886325010003', 14674.2, 14721.76, '2015-01-16', 0x6e756c6c, 'GB 40 CLUTCH PLATE ?FAN TYPE????????????', '-', 0, 0, 0, 1, 0, NULL, 1),
(527, 1, 'TE278605999959', 416.02, 450.2733333333333, '2015-01-16', 0x6e756c6c, 'OIL SEAL VALVE STEM', '-', 0, 0, 0, 1, 0, NULL, 1),
(528, 1, 'TV9441037000', 728.03, 595.895, '2015-01-16', 0x6e756c6c, 'REP KIT FEED PUMP', '-', 0, 0, 0, 1, 0, NULL, 1),
(529, 1, 'TE265442100135', 6240.32, 6260.51, '2015-01-16', 0x6e756c6c, 'KIT BRAKE PAD', '-', 0, 0, 0, 1, 0, NULL, 1),
(530, 1, 'TE278603999980', 2288.11, 2975.54, '2015-01-16', 0x6e756c6c, 'SET CON-ROD BRG; STD', '-', 0, 0, 0, 1, 0, NULL, 1),
(531, 1, 'TE265832100134', 624.03, 729.6125, '2015-01-16', 0x6e756c6c, 'PIVOT BUSH FRT SUSP L/LIN', '-', 0, 0, 0, 1, 0, NULL, 1),
(532, 1, 'VE279020105301', 62.17, 61.79, '2015-01-16', 0x6e756c6c, 'GASKET (WATER PUMP )', '-', 0, 0, 0, 1, 0, NULL, 1),
(533, 1, 'TE275454309901', 624.03, 669.825, '2015-01-16', 0x6e756c6c, 'TEMPERATURE TRANCEDUCER', '-', 0, 0, 0, 1, 0, NULL, 1),
(534, 1, 'TE265442710122', 624.03, 660.105, '2015-01-16', 0x6e756c6c, 'HAND BRAKE CABLE FRT', '-', 0, 0, 0, 1, 0, NULL, 1),
(535, 1, 'TE265932100114', 2288.11, 2431.865, '2015-01-16', 0x6e756c6c, 'BALL JOINT ASSY.-UPPER W/B', '-', 0, 0, 0, 1, 0, NULL, 1),
(536, 1, 'TE265446600137', 2150.48, 1981.81, '2015-01-16', 0x6e756c6c, 'MAJOR REPAIR KIT-CENTRE LINK E', '-', 0, 0, 0, 1, 0, NULL, 1),
(537, 1, 'TE265433200126', 2496.12, 3089.665, '2015-01-16', 0x6e756c6c, 'ASSY  BALL  JOINT', '-', 0, 0, 0, 1, 0, NULL, 1),
(538, 1, 'TE265446600115', 3848.19, 3722.87, '2015-01-16', 0x6e756c6c, 'TIE ROD ASSY', '-', 0, 0, 0, 1, 0, NULL, 1),
(539, 1, 'TE263254209903', 416.02, 640.225, '2015-01-16', 0x6e756c6c, 'TEMPERATURE TRANSDUCER', '-', 0, 0, 0, 1, 0, NULL, 1),
(540, 1, 'TE282972300120', 832.03, 1814.275, '2015-01-16', 0x6e756c6c, 'ASSY DOOR LATCH RH', '-', 0, 0, 0, 1, 0, NULL, 1),
(541, 1, 'TE275454209904', 1456.06, 1837.65, '2015-01-16', 0x6e756c6c, 'SPEEDOCABLE 3200MM', '-', 0, 0, 0, 1, 0, NULL, 1),
(542, 1, 'TE272425200101', 11440.58, 11639.2, '2015-01-16', 0x6e756c6c, 'ASSY 310 D CL DISC', '-', 0, 0, 0, 1, 0, NULL, 1),
(543, 1, 'TE269932100184', 416.02, 567.604, '2015-01-16', 0x6e756c6c, 'PIVOT  BUSH  NEW', '-', 0, 0, 0, 1, 0, NULL, 1),
(544, 1, 'TE268426800212', 416.02, 426.42, '2015-01-16', 0x6e756c6c, 'ASSY.  G. S. LEVER  KNOB', '-', 0, 0, 0, 1, 0, NULL, 1),
(545, 1, 'TE278601999928', 832.03, 1160.2866666666666, '2015-01-16', 0x6e756c6c, 'VALVE  EXHAUST', '-', 0, 0, 0, 1, 0, NULL, 1),
(546, 1, 'TE278601999926', 624.03, 799.9483333333333, '2015-01-16', 0x6e756c6c, 'VALVE  INTAKE', '-', 0, 0, 0, 1, 0, NULL, 1),
(547, 1, 'TE282646600101', 9152.46, 9082.46, '2015-01-16', 0x6e756c6c, 'CENTRE  LINK  ASSY.', '-', 0, 0, 0, 1, 0, NULL, 1),
(548, 1, 'TE250530157901', 14560.75, 12095.65, '2015-01-16', 0x6e756c6c, 'MAIN SHAFT - 8 T GBS40', '-', 0, 0, 0, 1, 0, NULL, 1),
(549, 1, 'TE250526257913', 12480.64, 14097.01, '2015-01-16', 0x6e756c6c, 'DRIVE SHAFT(T=17)', '-', 0, 0, 0, 1, 0, NULL, 1),
(550, 1, 'TEF002A50013', 940.48, 948.9533333333334, '2015-01-16', 0x6e756c6c, 'HAND PRIMING PUMP', '-', 0, 0, 0, 1, 0, NULL, 1),
(551, 1, 'TE269832107706', 624.03, 317.485, '2015-01-16', 0x6e756c6c, 'SPRING TOP RUBBER', '-', 0, 0, 0, 1, 0, NULL, 1),
(552, 1, 'TE257689107704', 705.01, 443.34, '2015-01-16', 0x6e756c6c, 'CAB MOUNT', '-', 0, 0, 0, 1, 0, NULL, 1),
(553, 1, 'TE250526203802', 2080.11, 2397.282, '2015-01-16', 0x6e756c6c, 'SYNCHRO CONE', '-', 0, 0, 0, 1, 0, NULL, 1),
(554, 1, 'TE551742800105', 705.01, 1049.475, '2015-01-16', 0x6e756c6c, 'ASSY. BRAKE HOSE REAR', '-', 0, 0, 0, 1, 0, NULL, 1),
(555, 1, 'TE551742800104', 705.01, 1572.715, '2015-01-16', 0x6e756c6c, 'ASSY. BRAKE HOSE FRONT', '-', 0, 0, 0, 1, 0, NULL, 1),
(556, 1, 'TE269872300103', 208, 433.81000000000006, '2015-01-16', 0x6e756c6c, 'ASSY OUTER HANDLE RH', '-', 0, 0, 0, 1, 0, NULL, 1),
(557, 1, 'TE265441100104', 940.01, 902.53, '2015-01-16', 0x6e756c6c, 'KIT BRG STRAP&BOLT', '-', 0, 0, 0, 1, 0, NULL, 1),
(558, 1, 'TE278607989915', 416.02, 532.48, '2015-01-16', 0x6e756c6c, 'DRAIN  VALVE', '-', 0, 0, 0, 1, 0, NULL, 1),
(559, 1, 'TE278609999957', 832.03, 1007.8533333333334, '2015-01-16', 0x6e756c6c, 'VALVE DRAINE FUEL WATER', '-', 0, 0, 0, 1, 0, NULL, 1),
(560, 1, 'TE250726205416', 12272.63, 10805.79, '2015-01-16', 0x6e756c6c, 'GEAR 1ST SPEED 45T GBS50', '-', 0, 0, 0, 1, 0, NULL, 1),
(561, 1, 'TE272425200164', 2288.11, 2448.25, '2015-01-16', 0x6e756c6c, '160 DIA. ASSLY. CLUTCH DISC', '-', 0, 0, 0, 1, 0, NULL, 1),
(562, 1, 'TE269846600112', 11258.45, 10306.07, '2015-01-16', 0x6e756c6c, 'ASSY CENTRE LINK', '-', 0, 0, 0, 1, 0, NULL, 1),
(563, 1, 'TE571707149906', 416.02, 375, '2015-01-16', 0x6e756c6c, 'FUEL OVERFLOW PIPE (PUMP TO INJECTOR)', '-', 0, 0, 0, 1, 0, NULL, 1),
(564, 1, 'TE551742700155', 624.03, 633.8533333333334, '2015-01-16', 0x6e756c6c, 'ASSY. REAR PARKING CABLE REAR-ACE ZIP(M/', '-', 0, 0, 0, 1, 0, NULL, 1),
(565, 1, 'TE551730100101', 1517.99, 1407.47, '2015-01-16', 0x6e756c6c, 'ASSY. ACCELERATOR CABLE', '-', 0, 0, 0, 1, 0, NULL, 1),
(566, 1, 'TE551729100121', 1664.08, 1873.3566666666666, '2015-01-16', 0x6e756c6c, 'ASSY. CLUTCH CABLE', '-', 0, 0, 0, 1, 0, NULL, 1),
(567, 1, 'TE285126703802', 1040.05, 1212.735, '2015-01-16', 0x6e756c6c, 'TOP COVER - SHIFTING', '-', 0, 0, 0, 1, 0, NULL, 1),
(568, 1, 'TE250526203129', 2496.12, 3743.43, '2015-01-16', 0x6e756c6c, 'CYL,ROLLER BEARING(DRIVE SHAFT)', '-', 0, 0, 0, 1, 0, NULL, 1),
(569, 1, 'TE250526257902', 11440.58, 10672.85, '2015-01-16', 0x6e756c6c, 'DRIVE SHAFT', '-', 0, 0, 0, 1, 0, NULL, 1),
(570, 1, 'TE250526000101', 208, 337.68, '2015-01-16', 0x6e756c6c, 'GEAR BOX PACKING SET', '-', 0, 0, 0, 1, 0, NULL, 1),
(571, 1, 'TE250526257915', 17056.87, 15677.64, '2015-01-16', 0x6e756c6c, 'DRIVESHAFTT=17 EN353(697ENGINE)', '-', 0, 0, 0, 1, 0, NULL, 1),
(572, 1, 'TE264189103404', 104, 174.373, '2015-01-16', 0x6e756c6c, 'SPACER BUSH', '-', 0, 0, 0, 1, 0, NULL, 1),
(573, 1, 'TE551715999902', 5408.28, 2928.3, '2015-01-16', 0x6e756c6c, 'ELLECTRICAL SHUTOFF SOLENOID WITH LOCK N', '-', 0, 0, 0, 1, 0, NULL, 1),
(574, 1, 'TE250726307907', 26001.33, 26198.6, '2015-01-16', 0x6e756c6c, 'COUNTER SHAFT', '-', 0, 0, 0, 1, 0, NULL, 1),
(575, 1, 'TE551742700154', 624.03, 584.52, '2015-01-16', 0x6e756c6c, 'ASSY. FRONT PARKING BRAKE CABLE-ACE ZIP', '-', 0, 0, 0, 1, 0, NULL, 1),
(576, 1, 'TE279020120123', 832.03, 950, '2015-01-16', 0x6e756c6c, 'ASSY.THERMOSTAT(82 SOT-SINGLE VENT)', '-', 0, 0, 0, 1, 0, NULL, 1),
(577, 1, 'TE257454209994', 2392.12, 2375.22, '2015-01-16', 0x6e756c6c, 'SPEEDOCABLE JIS 3600LG OF', '-', 0, 0, 0, 1, 0, NULL, 1),
(578, 1, 'TE278620999959', 7696.38, 8466.955, '2015-01-16', 0x6e756c6c, 'WATER PUMP', '-', 0, 0, 0, 1, 0, NULL, 1),
(579, 1, 'TE266335707701', 470.01, 494.45666666666665, '2015-01-16', 0x6e756c6c, 'OIL SEAL REAR INNER', '-', 0, 0, 0, 1, 0, NULL, 1),
(580, 1, 'TF17271601000', 104, 77.482, '2015-01-16', 0x6e756c6c, 'BALL PIN A10', '-', 0, 0, 0, 1, 0, NULL, 1),
(581, 1, 'TF17271201001', 104, 166.107, '2015-01-16', 0x6e756c6c, 'BALL SOCKET END B10 TS', '-', 0, 0, 0, 1, 0, NULL, 1),
(582, 1, 'TE287142990162', 8320.43, 9108.345, '2015-01-16', 0x6e756c6c, 'KIT PAD ASSY (C54)', '-', 0, 0, 0, 1, 0, NULL, 1),
(583, 1, 'TE257699100104', 117.49, 222.59, '2015-01-16', 0x6e756c6c, 'PIN', '-', 0, 0, 0, 1, 0, NULL, 1),
(584, 1, 'TE266335707709', 1645.02, 2402.18, '2015-01-16', 0x6e756c6c, 'REAR HUB OIL SEAL', '-', 0, 0, 0, 1, 0, NULL, 1),
(585, 1, 'TE285035307703', 1880.03, 2242.016666666667, '2015-01-16', 0x6e756c6c, 'OIL SEAL - PINION', '-', 0, 0, 0, 1, 0, NULL, 1),
(586, 1, 'TE279020120128', 416.02, 405.63, '2015-01-16', 0x6e756c6c, 'COVER THERMOSTAT', '-', 0, 0, 0, 1, 0, NULL, 1),
(587, 1, 'TE253420120133', 2142.5, 1987.43, '2015-01-16', 0x6e756c6c, 'ASSY THEROMASTAT', '-', 0, 0, 0, 1, 0, NULL, 1),
(588, 1, 'TE282941108001', 117.49, 106.019, '2015-01-16', 0x6e756c6c, 'FITTING SCREW', '-', 0, 0, 0, 1, 0, NULL, 1),
(589, 1, 'TE251526203801', 832.03, 1040.615, '2015-01-16', 0x6e756c6c, 'SYNCHRONISING CONE (4TH/5TH SPEED)', '-', 0, 0, 0, 1, 0, NULL, 1),
(590, 1, 'TE263241300106', 6240.32, 6234.96, '2015-01-16', 0x6e756c6c, 'ASSY.CENTER BEARING BRACKET', '-', 0, 0, 0, 1, 0, NULL, 1),
(591, 1, 'TE270142700107', 1976.1, 1874.78, '2015-01-16', 0x6e756c6c, 'BRAKE CABLE', '-', 0, 0, 0, 1, 0, NULL, 1),
(592, 1, 'TE264154200116', 1560.07, 1532.52, '2015-01-16', 0x6e756c6c, 'ASSY SPEEDOCABLE 3000 LG-OFFER P NO', '-', 0, 0, 0, 1, 0, NULL, 1),
(593, 1, 'TE257341307505', 705.01, 640.06, '2015-01-16', 0x6e756c6c, 'CENTER JOINT RUBBER', '-', 0, 0, 0, 1, 0, NULL, 1),
(594, 1, 'TE282929108701', 104, 79.46333333333332, '2015-01-16', 0x6e756c6c, 'PEDAL SPRING', '-', 0, 0, 0, 1, 0, NULL, 1),
(595, 1, 'TE257454509953', 936.04, 893.49, '2015-01-16', 0x6e756c6c, 'STOP LIGHT SWITCH', '-', 0, 0, 0, 1, 0, NULL, 1),
(596, 1, 'TE265154219950', 936.04, 743.345, '2015-01-16', 0x6e756c6c, 'ENGINE STOP DELAY TIME', '-', 0, 0, 0, 1, 0, NULL, 1),
(597, 1, 'TE278607999979', 117.49, 117.152, '2015-01-16', 0x6e756c6c, 'SEAL  O  RING', '-', 0, 0, 0, 1, 0, NULL, 1),
(598, 1, 'TE252520100124', 15184.78, 16756.64, '2015-01-16', 0x6e756c6c, 'ASSY.WATER PUMP-PSTG PLASTIC IMPELLER', '-', 0, 0, 0, 1, 0, NULL, 1),
(599, 1, 'TE885454000011', 2392.12, 2356.91, '2015-01-16', 0x6e756c6c, 'HEAD LAMP RH W/O MOTOR', '-', 0, 0, 0, 1, 0, NULL, 1),
(600, 1, 'TE264142108705', 624.03, 412.508, '2015-01-16', 0x6e756c6c, 'SPRING BRAKE', '-', 0, 0, 0, 1, 0, NULL, 1),
(601, 1, 'TE257689108602', 104, 116.63699999999999, '2015-01-16', 0x6e756c6c, 'SPACER TUBE FRONT', '-', 0, 0, 0, 1, 0, NULL, 1),
(602, 1, 'TE250526253118', 832.03, 1011.38, '2015-01-16', 0x6e756c6c, 'TOP SHAFT PILOT BEARING 7050/25', '-', 0, 0, 0, 1, 0, NULL, 1),
(603, 1, 'TE265146600102', 2080.11, 2061.11, '2015-01-16', 0x6e756c6c, 'CROSS', '-', 0, 0, 0, 1, 0, NULL, 1),
(604, 1, 'TE253409140133', 1040.05, 1025.91, '2015-01-16', 0x6e756c6c, 'ASSY.SAFETY CARTRIDGE (LUMAX)', '-', 0, 0, 0, 1, 0, NULL, 1),
(605, 1, 'TE269932100101', 3432.18, 5115.75, '2015-01-16', 0x6e756c6c, 'ASSY.  LOWER BALL JOINT', '-', 0, 0, 0, 1, 0, NULL, 1),
(606, 1, 'TE282932109207', 117.49, 94.27040000000001, '2015-01-16', 0x6e756c6c, 'WASHER 17 ID', '-', 0, 0, 0, 1, 0, NULL, 1),
(607, 1, 'TE281842700128', 936.04, 1171.565, '2015-01-16', 0x6e756c6c, 'ASSY. PARKING BRAKE CABLE REAR RH', '-', 0, 0, 0, 1, 0, NULL, 1),
(608, 1, 'TE278650100301', 9107.96, 12168.4, '2015-01-16', 0x6e756c6c, 'RADIATOR TANK PLASTIC', '-', 0, 0, 0, 1, 0, NULL, 1),
(609, 1, 'TE252750100249', 8095.96, 10760.06, '2015-01-16', 0x6e756c6c, 'RADIATOR RESERVE WATER TANK', '-', 0, 0, 0, 1, 0, NULL, 1),
(610, 1, 'TE257641125101', 7072.35, 5106.975, '2015-01-16', 0x6e756c6c, 'END  PIECE', '-', 0, 0, 0, 1, 0, NULL, 1),
(611, 1, 'TE278603999977', 11648.6, 12296.076666666668, '2015-01-16', 0x6e756c6c, 'SET PISTON RINGS STD', '-', 0, 0, 0, 1, 0, NULL, 1),
(612, 1, 'TE282933800109', 4368.22, 4510.61, '2015-01-16', 0x6e756c6c, 'ASSY  TIE  ROD', '-', 0, 0, 0, 1, 0, NULL, 1),
(613, 1, 'TE285126253801', 1040.05, 1216.755, '2015-01-16', 0x6e756c6c, 'GEAR CASE COVER FRONT', '-', 0, 0, 0, 1, 0, NULL, 1),
(614, 1, 'TE252520100116', 14560.75, 12526.11, '2015-01-16', 0x6e756c6c, 'ASSY,WATER PUMP', '-', 0, 0, 0, 1, 0, NULL, 1),
(615, 1, 'TE252520100125', 15600.79, 15134.18, '2015-01-16', 0x6e756c6c, 'ASSY. WATER PUMP', '-', 0, 0, 0, 1, 0, NULL, 1),
(616, 1, 'TE285126807709', 126.5, 101.28, '2015-01-16', 0x6e756c6c, 'UPPER HALF SHELF', '-', 0, 0, 0, 1, 0, NULL, 1),
(617, 1, 'TE285126807710', 104, 90.6, '2015-01-16', 0x6e756c6c, 'SLIDING BLOCK??????????????????????????', '-', 0, 0, 0, 1, 0, NULL, 1),
(618, 1, 'TE285126806014', 936.04, 1338.545, '2015-01-16', 0x6e756c6c, 'SHIFTER LEVER', '-', 0, 0, 0, 1, 0, NULL, 1),
(619, 1, 'TE285126807708', 104, 92.05, '2015-01-16', 0x6e756c6c, 'LOWER HALF SHELF', '-', 0, 0, 0, 1, 0, NULL, 1),
(620, 1, 'TE285126800154', 728.03, 1250.02, '2015-01-16', 0x6e756c6c, 'ASSY. GEAR SHIFT LEVER KNOB', '-', 0, 0, 0, 1, 0, NULL, 1),
(621, 1, 'TE285126800155', 4992.25, 5229.62, '2015-01-16', 0x6e756c6c, 'ASSY CABLE SHIFTER', '-', 0, 0, 0, 1, 0, NULL, 1),
(622, 1, 'TE886325010012', 4784.24, 4246.23, '2015-01-16', 0x6e756c6c, 'GB 50/600 FINGER KIT', '-', 0, 0, 0, 1, 0, NULL, 1),
(623, 1, 'TE257633200120', 17625.27, 16706.14, '2015-01-16', 0x6e756c6c, 'KING PIN REPAIR KIT STANDERED', '-', 0, 0, 0, 1, 0, NULL, 1),
(624, 1, 'TE257354209966', 1976.1, 1920.61, '2015-01-16', 0x6e756c6c, 'SPEEDO CABLE 2750 LONG', '-', 0, 0, 0, 1, 0, NULL, 1),
(625, 1, 'TE250726203111', 1144.05, 1122.6, '2015-01-16', 0x6e756c6c, 'BEARING NEEDLE CAGE', '-', 0, 0, 0, 1, 0, NULL, 1),
(626, 1, 'TE264154400103', 832.03, 840.26, '2015-01-16', 0x6e756c6c, 'BLINKER LAMP', '-', 0, 0, 0, 1, 0, NULL, 1),
(627, 1, 'TE282954400103', 208, 185.674, '2015-01-16', 0x6e756c6c, 'SIDE REPEATER LAMP', '-', 0, 0, 0, 1, 0, NULL, 1),
(628, 1, 'TE282988800101BF-R', 11100, 11200, '2015-01-16', 0x6e756c6c, 'ASSY FRONT PANEL OUTER ARCTIC WHITE', '-', 0, 0, 0, 1, 0, NULL, 1),
(629, 1, 'TE263140100107', 470.01, 339.461, '2015-01-16', 0x6e756c6c, 'ASSY WHEEL NUT M22 X 30LONG', '-', 0, 0, 0, 1, 0, NULL, 1),
(630, 1, 'TE284181100103', 9360.47, 12351.81, '2015-01-16', 0x6e756c6c, 'ASSY GRILL COMPLETE', '-', 0, 0, 0, 1, 0, NULL, 1),
(631, 1, 'TE284181106302', 1040.05, 2663.58, '2015-01-16', 0x6e756c6c, 'GRILL  SIDE  RH', '-', 0, 0, 0, 1, 0, NULL, 1),
(632, 1, 'TE284181106301', 1040.05, 2623.72, '2015-01-16', 0x6e756c6c, 'GRILL SIDE LH', '-', 0, 0, 0, 1, 0, NULL, 1),
(633, 1, 'TETATABB000106', 2912.14, 3581.915, '2015-01-16', 0x6e756c6c, 'WIPER BLADE 810mm', '-', 0, 0, 0, 1, 0, NULL, 1),
(634, 1, 'VE283443990104', 1030.2, 697.155, '2015-01-16', 0x6e756c6c, 'MC MINOR KIT', '-', 0, 0, 0, 1, 0, NULL, 1),
(635, 1, 'VE283443990103', 1512.86, 1155.425, '2015-01-16', 0x6e756c6c, 'MC MAJOR KIT', '-', 0, 0, 0, 1, 0, NULL, 1),
(636, 1, 'TE282932407707', 312.01, 319.58000000000004, '2015-01-16', 0x6e756c6c, 'TIP INSERT (RUBBER)', '-', 0, 0, 0, 1, 0, NULL, 1),
(637, 1, 'TE282932107704', 208, 215.24200000000002, '2015-01-16', 0x6e756c6c, 'TIP INSERT', '-', 0, 0, 0, 1, 0, NULL, 1),
(638, 1, 'TE279020120102', 1664.08, 1401.4, '2015-01-16', 0x6e756c6c, 'ASSY THERMOSTAT-82 DEGSOT', '-', 0, 0, 0, 1, 0, NULL, 1),
(639, 1, 'TE280929100114', 104, 1625.55, '2015-01-16', 0x6e756c6c, 'MINOR REPAIR KIT CLU.BOOS', '-', 0, 0, 0, 1, 0, NULL, 1),
(640, 1, 'TE257689107705', 940.01, 1261.95, '2015-01-16', 0x6e756c6c, 'CAB MOUNT', '-', 0, 0, 0, 1, 0, NULL, 1),
(641, 1, 'TE282933206709', 470.01, 594.61, '2015-01-16', 0x6e756c6c, 'KING PIN', '-', 0, 0, 0, 1, 0, NULL, 1),
(642, 1, 'TE252509120264', 4576.23, 5237.37, '2015-01-16', 0x6e756c6c, 'FUEL WATER SEPERATOR SPIN ON', '-', 0, 0, 0, 1, 0, NULL, 1),
(643, 1, 'TE265442300159', 2912.14, 3058.93, '2015-01-16', 0x6e756c6c, 'LINING SET(STD)', '-', 0, 0, 0, 1, 0, NULL, 1),
(644, 1, 'TE285126253803', 1248.06, 3160.08, '2015-01-16', 0x6e756c6c, 'GEAR CASE COVER (FRONT)', '-', 0, 0, 0, 1, 0, NULL, 1),
(645, 1, 'TE272425400140', 5408.28, 6502.14, '2015-01-16', 0x6e756c6c, '200 DIA. CLUTCH COVER ASSY.(TCIC) - VALE', '-', 0, 0, 0, 1, 0, NULL, 1),
(646, 1, 'TE285126200127', 5928.3, 6088.96, '2015-01-16', 0x6e756c6c, 'SUB ASSY REAR COVER WITH BUSH', '-', 0, 0, 0, 1, 0, NULL, 1),
(647, 1, 'TE400144990147', 24337.24, 23120.08, '2015-01-16', 0x6e756c6c, 'JACK SEAL KIT HYVA SINGLE JACK', '-', 0, 0, 0, 1, 0, NULL, 1),
(648, 1, 'TE282946200129', 19761.01, 24203.24, '2015-01-16', 0x6e756c6c, 'STEERING GEAR BOX', '-', 0, 0, 0, 1, 0, NULL, 1),
(649, 1, 'TE264330100120', 1517.99, 1363.23, '2015-01-16', 0x6e756c6c, 'ASSY. PULL CABLE ACCELERATOR(M/S ACEY)', '-', 0, 0, 0, 1, 0, NULL, 1),
(650, 1, 'TE250530137901', 10400.53, 10115.4, '2015-01-16', 0x6e756c6c, 'TOP SHAFT -17 T GBS40', '-', 0, 0, 0, 1, 0, NULL, 1),
(651, 1, 'TE265872300180', 832.03, 1150.53, '2015-01-16', 0x6e756c6c, 'DOOR LOCK COMP LH', '-', 0, 0, 0, 1, 0, NULL, 1),
(652, 1, 'TE265872300181', 832.03, 1164.2733333333333, '2015-01-16', 0x6e756c6c, 'DOOR LOCK FRT RH', '-', 0, 0, 0, 1, 0, NULL, 1),
(653, 2, '13414141', 3423, 344, '2015-01-16', 0x4e6f20496d616765, 'sssssssss231143434', '4343', 10, 342, 2, 2, 2, 'R5', 1),
(657, 1, 'test1', 111, 11111, '2015-03-01', 0x4e6f20496d616765, '34445', 'test1', 0, 22, 1, 2, 2, 'R1', 1),
(658, 3, 'test2', 6651, 5549, '2015-03-01', 0x4e6f20496d616765, '343224', 'test2', 0, 2, 2, 1, 2, NULL, 1),
(659, 2, 'test333', 2161, 5495, '2015-03-01', 0x4e6f20496d616765, 'test333', '59959', 0, 5, 2, 2, 2, NULL, 1),
(660, 3, 'test444', 8498, 5494, '2015-03-01', 0x4e6f20496d616765, 'test444', 'test444', 0, 9494, 2, 2, 2, NULL, 1),
(661, 2, 'test555', 4984, 59498, '2015-03-01', 0x4e6f20496d616765, 'test555', 'test555', 0, 22, 2, 2, 2, NULL, 1),
(662, 2, 'part5', 5954, 3434, '2015-03-01', 0x4e6f20496d616765, 'part5', 'part5', 0, 34, 2, 2, 2, NULL, 1),
(663, 2, 'part6', 4549, 5165, '2015-03-01', 0x4e6f20496d616765, 'part6', 'part6', 0, 5, 2, 2, 2, 'R11', 1),
(665, 2, 'part8', 3434, 3434, '2015-03-01', 0x4e6f20496d616765, 'part8', 'part8', 0, 312, 1, 2, 2, NULL, 1),
(666, 3, 'part10', 4894, 515, '2015-03-01', 0x4e6f20496d616765, 'part10', '2', 0, 5, 2, 2, 2, NULL, 1),
(667, 2, 'part9', 633, 2324, '2015-03-01', 0x4e6f20496d616765, 'part9', 'part9', 0, 5, 2, 2, 2, 'Rack 10', 1),
(668, 1, 'TE886325010006', 11440.58, 11543.65, '2015-03-01', NULL, 'PR.PLATE & N.ROLLER SER.KIT', '-', 0, 0, 0, 1, 0, '0', 1),
(669, 1, 'TE264133200113', 2704.14, 2728.5, '2015-03-01', NULL, 'BALL JOINT - RIGHT', '-', 0, 0, 0, 1, 0, '0', 1),
(670, 1, 'TE257441303104', 1664.08, 1679.07, '2015-03-01', NULL, 'SRDG-BALL BEARING SK', '-', 0, 0, 0, 1, 0, '0', 1),
(671, 1, 'TE252501130106', 1040.05, 1049.42, '2015-03-01', NULL, 'OIL SUMP KIT', '-', 0, 0, 0, 1, 0, '0', 1),
(672, 1, 'TE281847100108', 1391.48, 1404.02, '2015-03-01', NULL, 'ASSY. FILLER NECK', '-', 0, 0, 0, 1, 0, '0', 1),
(673, 1, 'TE265125400113', 9360.47, 9444.8, '2015-03-01', NULL, '240 DIA. CLUTCH COVER ASSY.(HIGH CAPACIT', '-', 0, 0, 0, 1, 0, '0', 1),
(674, 1, 'TE282942800103', 1040.05, 1049.42, '2015-03-01', NULL, 'BRAKE HOSE', '-', 0, 0, 0, 1, 0, '0', 1),
(675, 1, 'TE885426051616', 2704.14, 2728.5, '2015-03-01', NULL, 'SYNCHRO KIT GBS-50', '-', 0, 0, 0, 1, 0, '0', 1),
(676, 1, 'TE252701155310', 4784.24, 4827.35, '2015-03-01', NULL, 'CYL HEAD GASKET', '-', 0, 0, 0, 1, 0, '0', 1),
(677, 1, 'TE253409130222', 2579.33, 2602.565, '2015-03-01', NULL, 'AIR FILTER ELEMENT', '-', 0, 0, 0, 1, 0, '0', 1),
(678, 1, 'TE264142107703', 470.01, 474.2425, '2015-03-01', NULL, 'CAM OIL SEAL', '-', 0, 0, 0, 1, 0, '0', 1),
(679, 1, 'TE282972300119', 832.03, 839.53, '2015-03-01', NULL, 'ASSY DOOR LATCH LH', '-', 0, 0, 0, 1, 0, '0', 1),
(680, 1, 'TE278620999925', 1456.06, 1469.18, '2015-03-01', NULL, 'THERMOSTAT', '-', 0, 0, 0, 1, 0, '0', 1),
(681, 1, 'TE252518130139', 1664.08, 1679.07, '2015-03-01', NULL, 'OIL FILTER ELEMENT (SPIN ON) 697 BSIII', '-', 0, 0, 0, 1, 0, '0', 1),
(682, 1, 'TE279020127702', 117.49, 118.55199999999999, '2015-03-01', NULL, 'SEAL THERMOSTAT', '-', 0, 0, 0, 1, 0, '0', 1),
(683, 1, 'VE265446303415', 1033.47, 898.465, '2015-03-01', NULL, 'BUSH (IDLER ARM)', '-', 0, 0, 0, 1, 0, '0', 1),
(684, 1, 'TE252301155302', 1248.06, 1259.305, '2015-03-01', NULL, 'CYL HEAD GASKET', '-', 0, 0, 0, 1, 0, '0', 1),
(685, 1, 'TE269832107707', 104, 104.935, '2015-03-01', NULL, 'SPRING TOP RUBBER', '-', 0, 0, 0, 1, 0, '0', 1),
(686, 1, 'TE257446800104', 1645.02, 1659.84, '2015-03-01', NULL, 'ASSY HOSE', '-', 0, 0, 0, 1, 0, '0', 1),
(687, 1, 'TE257342950176', 1175.01, 1185.6, '2015-03-01', NULL, 'ASSY.HOSE', '-', 0, 0, 0, 1, 0, '0', 1),
(688, 1, 'TE250726207902', 16640.85, 16790.77, '2015-03-01', NULL, 'MAIN SHAFT', '-', 0, 0, 0, 1, 0, '0', 1),
(689, 1, 'TE257643500112', 470.01, 474.242, '2015-03-01', NULL, 'AIR PRES HOSE', '-', 0, 0, 0, 1, 0, '0', 1),
(690, 1, 'TE253420100124', 9152.46, 9234.92, '2015-03-01', NULL, 'WATER PUMP ASSLY', '-', 0, 0, 0, 1, 0, '0', 1),
(691, 1, 'TE253420100120', 10400.53, 10494.23, '2015-03-01', NULL, 'WATER PUMP ASSY', '-', 0, 0, 0, 1, 0, '0', 1),
(692, 1, 'TE253401130111', 416.02, 419.765, '2015-03-01', NULL, 'DRAIN PLUG', '-', 0, 0, 0, 1, 0, '0', 1),
(693, 1, 'TE278850100114', 759, 765.835, '2015-03-01', NULL, 'PRESSURE CAP', '-', 0, 0, 0, 1, 0, '0', 1),
(694, 1, 'TE253424100114', 1883.03, 1899.99, '2015-03-01', NULL, 'ASSY. ENG. MOUNT FRONT RH', '-', 0, 0, 0, 1, 0, '0', 1),
(695, 1, 'TE253401150117', 104, 104.9325, '2015-03-01', NULL, 'ASSY.  OIL  CAP', '-', 0, 0, 0, 1, 0, '0', 1),
(696, 1, 'TE265144800101', 1527.52, 1541.28, '2015-03-01', NULL, '3/8 INCH HIGH PRESSURE HOSE ASSY. (FROM', '-', 0, 0, 0, 1, 0, '0', 1),
(697, 1, 'TT0005420035J', 351.37, 354.536, '2015-03-01', NULL, 'HOSE', '-', 0, 0, 0, 1, 0, '0', 1),
(698, 1, 'VE272425600122', 5077.43, 4926.78, '2015-03-01', NULL, 'CLUTCH RELEASE BEARING WITH SLEEVE', '-', 0, 0, 0, 1, 0, '0', 1),
(699, 1, 'TE257654209930', 2080.11, 2080.105, '2015-03-02', NULL, 'PRESSURE TRANSDUCER', '-', 0, 0, 0, 1, 0, '0', 1),
(700, 1, 'TE281882409912', 1040.05, 1040.05, '2015-03-02', NULL, 'WIPER ARM DRIVER-BCS', '-', 0, 0, 0, 1, 0, '0', 1),
(701, 1, 'TE281882409913', 1175.01, 1175.015, '2015-03-02', NULL, 'WIPER BLADE CO-DRIVER', '-', 0, 0, 0, 1, 0, '0', 1),
(702, 1, 'TE551782400103', 624.03, 624.03, '2015-03-02', NULL, 'ASSY BLADE', '-', 0, 0, 0, 1, 0, '0', 1),
(703, 1, 'TE551788500101', 3328.17, 3328.17, '2015-03-02', NULL, 'ASSY IMPACT BEAM FRONT BUMPER', '-', 0, 0, 0, 1, 0, '0', 1),
(704, 1, 'TE281830100101', 1517.99, 1517.99, '2015-03-02', NULL, 'ASSY. ACCELERATOR CABLE', '-', 0, 0, 0, 1, 0, '0', 1),
(705, 1, 'TE269932107701', 235, 235, '2015-03-02', NULL, 'REBOUND STOP', '-', 0, 0, 0, 1, 0, '0', 1),
(706, 1, 'TE252520100121', 12896.66, 12896.66, '2015-03-02', NULL, 'WATER PUMP', '-', 0, 0, 0, 1, 0, '0', 1),
(707, 1, 'TE281888500106', 12688.64, 12688.64, '2015-03-02', NULL, 'ASSLY FRONT BUMPER (1 TONNER)', '-', 0, 0, 0, 1, 0, '0', 1),
(708, 1, 'TE279001990131', 2502.06, 2502.062, '2015-03-02', NULL, 'ENGINE OVERHAUL SEAL-SUB KIT', '-', 0, 0, 0, 1, 0, '0', 1),
(709, 1, 'TE250526706009', 1040.05, 1040.0475, '2015-03-02', NULL, 'SHIFTING  LEVER', '-', 0, 0, 0, 1, 0, '0', 1),
(710, 1, 'TE264154420189', 1352.07, 1237.95, '2015-03-05', NULL, 'ASSY BLINKER LAMP RH-12V-E''CER', '-', 0, 0, 0, 1, 0, '0', 1),
(711, 1, 'TE257342950177', 940.01, 948.485, '2015-03-05', NULL, 'ASSY.HOSE', '-', 0, 0, 0, 1, 0, '0', 1),
(712, 1, 'TE261842900173', 1057.51, 1067.04, '2015-03-05', NULL, 'RUBBER HOSE 8/3"', '-', 0, 0, 0, 1, 0, '0', 1),
(713, 1, 'TE278618999933', 11024.56, 11123.88, '2015-03-05', NULL, 'OIL PUMP', '-', 0, 0, 0, 1, 0, '0', 1),
(714, 1, 'TE265125200136', 8944.46, 9025.04, '2015-03-05', NULL, 'CLUTCH DISC ASSY 240 DIA HIGH CAPACITY', '-', 0, 0, 0, 1, 0, '0', 1),
(715, 1, 'TE250726257911', 18720.96, 18889.62, '2015-03-05', NULL, 'DRIVE SHAFT 350D', '-', 0, 0, 0, 1, 0, '0', 1),
(716, 1, 'TE282972502301', 2288.11, 2288.11, '2015-03-05', NULL, 'GLASS FRONT DOORLH', '-', 0, 0, 0, 1, 0, '0', 1),
(717, 1, 'TV9451037409', 624.03, 624.03, '2015-03-05', NULL, 'FUEL FILTER PAPER', '-', 0, 0, 0, 1, 0, '0', 1),
(718, 1, 'TE551742990103', 3328.17, 3328.17, '2015-03-05', NULL, 'FRONT KIT SHOE ASSY. COMPLETE', '-', 0, 0, 0, 1, 0, '0', 1),
(719, 1, 'TE281854500108', 3536.17, 3536.17, '2015-03-05', NULL, 'ASSY_COMBINATION_SWITCH_ONETONNER', '-', 0, 0, 0, 1, 0, '0', 1),
(720, 1, 'TE250726257801', 117.49, 117.494, '2015-03-05', NULL, 'OIL SEAL FRONT', '-', 0, 0, 0, 1, 0, '0', 1),
(721, 1, 'TE571709109903', 2704.14, 2704.14, '2015-03-05', NULL, 'FUEL FEED PUMP', '-', 0, 0, 0, 1, 0, '0', 1),
(722, 1, 'TE281842103701', 4368.22, 4368.215, '2015-03-05', NULL, 'FRONT BRAKE DISC', '-', 0, 0, 0, 1, 0, '0', 1),
(723, 1, 'TE269126253113', 104, 103.99600000000001, '2015-03-05', NULL, 'ROLLER [THRUST BRG.ARRGMT]', '-', 0, 0, 0, 1, 0, '0', 1),
(724, 1, 'A1', 200, 800, '2015-07-17', 0x4e6f20496d616765, 'A', '1', 30, 40, 1, 1, 1, '12', 0),
(725, 1, 'A100', 200, 100, '2015-07-18', 0x4e6f20496d616765, 'AA', '-', 40, 50, 1, 1, 1, '1', 0),
(726, 1, 'TA1', 300, 120, '2015-07-18', 0x4e6f20496d616765, 'TA', '-', 0, 1000, 1, 1, 1, '12', 1),
(727, 1, 'TE300100400', 1250, 1350, '2015-10-12', 0x4e6f20496d616765, 'TestPart', '-', 10, 200, 1, 1, 1, '-', 1),
(728, 1, 'TE100400900', 1250, 1350, '2015-10-13', 0x4e6f20496d616765, 'test', '-', 5, 1500, 1, 1, 2, '-', 1),
(729, 1, 'TF11084110355', 117.49, 117.495, '2015-10-13', NULL, 'CENTRE BOLT M10X35X10 IS9484 10.9 SS9400', '-', 0, 0, 0, 1, 0, '0', 1),
(730, 1, 'TE265132400126', 117.49, 117.49333333333334, '2015-10-13', NULL, 'SEAL RING', '-', 0, 0, 0, 1, 0, '0', 1),
(731, 1, 'TE264032400104', 104, 103.99666666666667, '2015-10-13', NULL, 'SEALING RING', '-', 0, 0, 0, 1, 0, '0', 1),
(732, 1, 'TE252509135810', 3055.04, 3055.04, '2015-10-13', NULL, 'RUBBER HOSE', '-', 0, 0, 0, 1, 0, '0', 1),
(733, 1, 'TE281854200122', 2080.11, 2080.11, '2015-10-13', NULL, 'ASSY TANK UNIT', '-', 0, 0, 0, 1, 0, '0', 1),
(734, 1, 'TE285126807703', 235, 234.99666666666667, '2015-10-13', NULL, 'RUBBER BELLOW', '-', 0, 0, 0, 1, 0, '0', 1),
(735, 1, 'TE265149205301', 208, 208, '2015-10-13', NULL, 'GASKET', '-', 0, 0, 0, 1, 0, '0', 1),
(736, 1, 'TE886325010055', 14560.75, 14560.75, '2015-10-13', NULL, 'CLUTCH DISC 310 DIA. (REINF.)', '-', 0, 0, 0, 1, 0, '0', 1),
(737, 1, 'TE570515209906', 1248.06, 1248.06, '2015-10-13', NULL, 'COOLANT TEMPERATURE SENSOR', '-', 0, 0, 0, 1, 0, '0', 1),
(738, 1, 'TE265472500127', 3120.15, 3120.15, '2015-10-13', NULL, 'WINDOW REGULATOR RH', '-', 0, 0, 0, 1, 0, '0', 1),
(739, 1, 'TE265472500128', 4368.22, 4368.22, '2015-10-13', NULL, 'WINDOW REGULATOR LH', '-', 0, 0, 0, 1, 0, '0', 1),
(740, 1, 'TE552367106303', 705.01, 705.0066666666667, '2015-10-13', NULL, 'WINDSCREEN MOULD', '-', 0, 0, 0, 1, 0, '0', 1),
(741, 1, 'TE552367100101', 11440.58, 11440.58, '2015-10-13', NULL, 'ASSY.GLASS WINDSHIELD', '-', 0, 0, 0, 1, 0, '0', 1),
(742, 1, 'TE552372000106', 26417.35, 26417.35, '2015-10-13', NULL, 'ASSY FRONT DOOR SHELL COMPL RH FACELIFT', '-', 0, 0, 0, 1, 0, '0', 1),
(743, 1, 'TE278801170102', 208, 208.00300000000001, '2015-10-13', NULL, 'ASSY DIPSTICK', '-', 0, 0, 0, 1, 0, '0', 1),
(744, 1, 'TE886325010051', 20742.57, 20742.57, '2015-10-13', NULL, '330 DIA. CLUTCH COVER ASSY', '-', 0, 0, 0, 1, 0, '0', 1),
(745, 1, 'VE283442990113', 2590.53, 2590.53, '2015-10-13', NULL, 'WHEEL CYL ASSY', '-', 0, 0, 0, 1, 0, '0', 1),
(746, 1, 'VE283442990163', 3212.25, 3212.25, '2015-10-13', NULL, 'WHEEL CYLINDER ASSY 17.46 AL (', '-', 0, 0, 0, 1, 0, '0', 1),
(747, 1, 'VE570524200105', 1209.91, 1209.91, '2015-10-13', NULL, 'ASSY ENGINE MOUNTING PAD ''C'' MOUNT', '-', 0, 0, 0, 1, 0, '0', 1),
(748, 1, 'VE283424200105', 1714.05, 1714.05, '2015-10-13', NULL, 'ENGINE MOUNT-B ASSY M/S SVIL', '-', 0, 0, 0, 1, 0, '0', 1),
(749, 1, 'VE570524100105', 1209.91, 1209.91, '2015-10-13', NULL, 'ASSY ENGINE MOUNTING PAD A MOUNT', '-', 0, 0, 0, 1, 0, '0', 1),
(750, 1, 'TE278850100108', 6864.35, 6864.35, '2015-10-13', NULL, 'FAN MOTOR SHROUD', '-', 0, 0, 0, 1, 0, '0', 1),
(751, 1, 'VE570515209906', 1512.86, 1512.8633333333335, '2015-10-13', NULL, 'COOLANT TEMPERATURE SENSOR', '-', 0, 0, 0, 1, 0, '0', 1),
(752, 1, 'TE278809130105', 656.71, 656.71, '2015-10-13', NULL, 'ASSY,SNOKEL WITH MESH', '-', 0, 0, 0, 1, 0, '0', 1),
(753, 1, 'TE552354409904', 208, 208.00300000000001, '2015-10-13', NULL, 'REFLEX REFLECTOR RH', '-', 0, 0, 0, 1, 0, '0', 1),
(754, 1, 'TE552354409903', 208, 208.00300000000001, '2015-10-13', NULL, 'RELFEX REFLECTOR LH', '-', 0, 0, 0, 1, 0, '0', 1),
(755, 1, 'TE278601999931', 6240.32, 6240.32, '2015-10-13', NULL, 'GASKET CYL. HEAD', '-', 0, 0, 0, 1, 0, '0', 1),
(756, 1, 'TE264042136308', 1768.09, 1768.09, '2015-10-13', NULL, 'BRAKE LINING RS2 PR', '-', 0, 0, 0, 1, 0, '0', 1),
(757, 1, 'TE252723110103', 29121.49, 29121.495, '2015-10-13', NULL, 'STEERING ZF PUMP', '-', 0, 0, 0, 1, 0, '0', 1),
(758, 1, 'TE279007109907', 3735.27, 3735.273333333333, '2015-10-13', NULL, 'SOLENOID 16 OHMS (DELPHI 9198-004A)(FOR', '-', 0, 0, 0, 1, 0, '0', 1),
(759, 1, 'TE552372700102', 2184.1, 2184.105, '2015-10-13', NULL, 'ASSY COMPLETE DOOR PAD RH', '-', 0, 0, 0, 1, 0, '0', 1),
(760, 1, 'TE552372700101', 2184.1, 2184.105, '2015-10-13', NULL, 'ASSY COMPLETE DOOR PAD LH', '-', 0, 0, 0, 1, 0, '0', 1),
(761, 1, 'VE283499506303', 10.37, 10.367, '2015-10-13', NULL, 'DOOR PAD CLIP', '-', 0, 0, 0, 1, 0, '0', 1),
(762, 1, 'TE283472300155', 208, 208.002, '2015-10-13', NULL, 'ASSY WINDOW WINDING HANDLE COMPLETE', '-', 0, 0, 0, 1, 0, '0', 1),
(763, 1, 'TE265172500130', 1040.05, 1040.05, '2015-10-13', NULL, 'ASSY WINDOW REG.LH', '-', 0, 0, 0, 1, 0, '0', 1),
(764, 1, 'TE265454420141', 416.02, 416.015, '2015-10-13', NULL, 'SIDE INDICATOR LAMP RH', '-', 0, 0, 0, 1, 0, '0', 1),
(765, 1, 'TE265454420140', 416.02, 416.015, '2015-10-13', NULL, 'SIDE INDICATOR LAMP LH', '-', 0, 0, 0, 1, 0, '0', 1),
(766, 1, 'TE257654400111', 624.03, 624.03, '2015-10-13', NULL, 'CABIN LAMP', '-', 0, 0, 0, 1, 0, '0', 1),
(767, 1, 'TE265154210129', 832.03, 832.035, '2015-10-13', NULL, 'TANK UNIT (CITY RIDER)', '-', 0, 0, 0, 1, 0, '0', 1),
(768, 1, 'TE264042120108', 416.02, 416.015, '2015-10-13', NULL, 'W/CYL REP KIT FRONT', '-', 0, 0, 0, 1, 0, '0', 1),
(769, 3, 'QI3M1D5000069', 1000, 1200, '2015-10-15', 0x4e6f20496d616765, 'Test', '-', 10, 100, 2, 1, 1, '10', 1),
(770, 2, 'TV300100400', 1250, 1500, '2015-10-15', 0x4e6f20496d616765, 'Test', '100', 120, 400, 1, 2, 1, '-', 1),
(771, 1, 'TE281888806301BF', 14144.73, 16640.85, '2015-10-19', NULL, 'FRONT PANEL OUTER - SUPER ACE', '-', 0, 0, 0, 1, 0, '0', 1),
(772, 1, 'TE282988800101BF', 15808.81, 20801.065, '2015-10-19', NULL, 'ASSY FRONT PANEL OUTER ARCTIC WHITE', '-', 0, 0, 0, 1, 0, '0', 1),
(773, 1, 'TE282940100136', 5376.225, 6324.97, '2015-10-19', NULL, 'ASSY. WHEEL RIM 4.5J X 13', '-', 0, 0, 0, 1, 0, '0', 1),
(774, 1, 'TE252318130182', 938.7819999999999, 1104.45, '2015-10-19', NULL, 'FILTER CARTRIDGE-DOUBLE LIFE', '-', 0, 0, 0, 1, 0, '0', 1),
(775, 1, 'TE252750100250', 8215.81, 10810.28, '2015-10-19', NULL, 'SET-ASSY.AUX.TANK & MTG.CLAMPS OFFER-LP', '-', 0, 0, 0, 1, 0, '0', 1),
(776, 1, 'TE282963000101', 13437.49, 17680.9, '2015-10-19', NULL, 'ASSY.SIDE WALL COMPLETE-LH', '-', 0, 0, 0, 1, 0, '0', 1),
(777, 1, 'TE264346600102', 2213.225, 2912.14, '2015-10-19', NULL, 'ASSY BALL JOINT RH', '-', 0, 0, 0, 1, 0, '0', 1),
(778, 1, 'TE282972502302', 1738.9633333333334, 2288.11, '2015-10-19', NULL, 'GLASS FRONT DOOR RH', '-', 0, 0, 0, 1, 0, '0', 1),
(779, 1, 'TE282968900101', 3636.025, 4784.245, '2015-10-19', NULL, 'ASSY  DASH BOARD', '-', 0, 0, 0, 1, 0, '0', 1),
(780, 1, 'TEF002H20308', 1160.212, 1526.594, '2015-10-19', NULL, 'PRE FILTER SPIN ON PRIMARY', '-', 0, 0, 0, 1, 0, '0', 1),
(781, 1, 'TE900800700', 1250, 2500, '2015-10-20', 0x4e6f20496d616765, 'jcdjjf', '-', 10, 500, 1, 1, 1, '1', 1),
(782, 2, 'TV500100', 100, 200, '2016-01-19', 0x4e6f20496d616765, 'TVSPArt', '1', 11, 500, 2, 2, 8, '', 1);

-- --------------------------------------------------------

--
-- Table structure for table `itembrand`
--

CREATE TABLE IF NOT EXISTS `itembrand` (
  `BrandID` int(11) NOT NULL AUTO_INCREMENT,
  `BrandName` varchar(50) DEFAULT NULL,
  `Description` varchar(100) DEFAULT NULL,
  `BrandCode` varchar(20) DEFAULT NULL,
  `Status` int(11) NOT NULL,
  PRIMARY KEY (`BrandID`)
) ENGINE=InnoDB  DEFAULT CHARSET=latin1 AUTO_INCREMENT=4 ;

--
-- Dumping data for table `itembrand`
--

INSERT INTO `itembrand` (`BrandID`, `BrandName`, `Description`, `BrandCode`, `Status`) VALUES
(1, 'TATA', '-', 'TATA', 1),
(2, 'tvs', '', '12', 1),
(3, 'MyBrand', '654984948497', 'B0001', 1);

-- --------------------------------------------------------

--
-- Table structure for table `loginhistroy`
--

CREATE TABLE IF NOT EXISTS `loginhistroy` (
  `id` int(11) NOT NULL AUTO_INCREMENT,
  `lid` int(11) DEFAULT NULL,
  `date` varchar(45) DEFAULT NULL,
  `time` varchar(45) DEFAULT NULL,
  `logouttime` varchar(45) DEFAULT NULL,
  PRIMARY KEY (`id`),
  KEY `id_idx` (`lid`)
) ENGINE=InnoDB  DEFAULT CHARSET=latin1 AUTO_INCREMENT=2137 ;

--
-- Dumping data for table `loginhistroy`
--

INSERT INTO `loginhistroy` (`id`, `lid`, `date`, `time`, `logouttime`) VALUES
(1, 5, '2014-05-15', '09:53:00', '09:53:00'),
(2, 5, '2014-05-16', '10:20:37', NULL),
(3, 5, '2014-07-01', '13:34:18', NULL),
(4, 5, '2014-07-01', '13:36:49', NULL),
(5, 5, '2014-07-01', '14:01:14', NULL),
(6, 5, '2014-07-01', '14:07:22', NULL),
(7, 5, '2014-07-01', '14:10:36', NULL),
(8, 5, '2014-07-01', '14:13:30', NULL),
(9, 5, '2014-07-23', '14:18:38', NULL),
(10, 5, '2014-07-23', '14:19:56', NULL),
(11, 5, '2014-07-23', '14:22:46', NULL),
(12, 5, '2014-07-23', '14:23:44', NULL),
(13, 5, '2014-07-23', '14:24:53', NULL),
(14, 5, '2014-07-23', '14:26:48', NULL),
(15, 5, '2014-07-23', '14:28:11', NULL),
(16, 5, '2014-08-22', '05:32:06', NULL),
(17, 5, '2014-08-22', '05:48:17', NULL),
(18, 5, '2014-08-22', '22:08:41', NULL),
(19, 5, '2014-08-22', '22:33:44', NULL),
(20, 5, '2014-08-22', '23:09:10', NULL),
(21, 5, '2014-08-22', '23:54:45', NULL),
(22, 5, '2014-08-23', '00:02:05', NULL),
(23, 5, '2014-08-23', '01:54:19', NULL),
(24, 5, '2014-08-24', '23:48:03', NULL),
(25, 5, '2014-08-30', '22:33:01', NULL),
(26, 5, '2014-08-30', '22:36:19', NULL),
(27, 5, '2014-10-07', '08:14:41', NULL),
(28, 5, '2014-10-27', '16:35:40', NULL),
(29, 5, '2014-10-27', '17:05:26', NULL),
(30, 5, '2014-10-29', '09:55:24', NULL),
(31, 5, '2014-11-07', '14:00:31', NULL),
(32, 5, '2014-11-07', '14:16:41', NULL),
(33, 5, '2014-11-07', '14:19:38', NULL),
(34, 5, '2014-11-13', '09:44:15', NULL),
(35, 5, '2014-11-13', '10:18:57', NULL),
(36, 5, '2014-11-13', '10:21:29', NULL),
(37, 5, '2014-11-13', '11:00:00', NULL),
(38, 5, '2014-11-13', '11:06:52', NULL),
(39, 5, '2014-11-13', '11:49:20', NULL),
(40, 5, '2014-11-13', '12:21:31', NULL),
(41, 5, '2014-11-13', '12:23:24', NULL),
(42, 5, '2014-11-13', '12:24:37', NULL),
(43, 5, '2014-11-13', '12:26:48', NULL),
(44, 5, '2014-11-13', '12:28:30', NULL),
(45, 5, '2014-11-13', '12:32:02', NULL),
(46, 5, '2014-11-13', '12:42:05', NULL),
(47, 5, '2014-11-13', '12:55:10', NULL),
(48, 5, '2014-11-13', '12:55:57', NULL),
(49, 5, '2014-11-13', '13:24:12', NULL),
(50, 5, '2014-11-13', '13:24:40', NULL),
(51, 5, '2014-11-13', '13:29:23', NULL),
(52, 5, '2014-11-13', '13:29:52', NULL),
(53, 5, '2014-11-13', '13:42:03', NULL),
(54, 5, '2014-11-13', '14:52:43', NULL),
(55, 5, '2014-11-16', '10:20:47', NULL),
(56, 5, '2014-11-16', '13:45:25', NULL),
(57, 5, '2014-11-19', '09:24:15', NULL),
(58, 5, '2014-11-19', '15:11:36', NULL),
(59, 5, '2014-11-19', '17:05:02', NULL),
(60, 5, '2014-11-19', '17:32:12', NULL),
(61, 5, '2014-11-20', '13:25:31', NULL),
(62, 5, '2014-11-21', '10:22:06', NULL),
(63, 5, '2014-11-21', '11:02:57', NULL),
(64, 5, '2014-11-24', '12:19:36', NULL),
(65, 5, '2014-11-24', '16:25:44', NULL),
(66, 5, '2014-11-24', '16:29:36', NULL),
(67, 5, '2014-11-25', '11:20:36', NULL),
(68, 5, '2014-11-25', '12:42:25', NULL),
(69, 5, '2014-11-25', '12:52:27', NULL),
(70, 5, '2014-11-25', '12:56:35', NULL),
(71, 5, '2014-11-25', '12:59:37', NULL),
(72, 5, '2014-11-25', '13:24:36', NULL),
(73, 5, '2014-11-27', '09:57:02', NULL),
(74, 5, '2014-11-27', '13:19:03', NULL),
(75, 5, '2014-11-27', '13:24:39', NULL),
(76, 5, '2014-11-27', '13:46:59', NULL),
(77, 5, '2014-11-27', '14:01:36', NULL),
(78, 5, '2014-11-27', '16:17:10', NULL),
(79, 5, '2014-11-27', '16:56:57', NULL),
(80, 5, '2014-11-27', '17:24:02', NULL),
(81, 5, '2014-11-28', '09:27:29', NULL),
(82, 5, '2014-11-28', '09:51:06', NULL),
(83, 5, '2014-11-28', '15:16:26', NULL),
(84, 5, '2014-11-29', '09:29:36', NULL),
(85, 5, '2014-11-29', '14:17:57', NULL),
(86, 5, '2014-11-30', '15:02:08', NULL),
(87, 5, '2014-12-08', '13:47:03', NULL),
(88, 5, '2014-12-09', '11:07:36', NULL),
(89, 5, '2014-12-09', '12:21:56', NULL),
(90, 5, '2014-12-09', '14:19:47', NULL),
(91, 5, '2014-12-11', '09:03:05', NULL),
(92, 5, '2014-12-12', '11:11:58', NULL),
(93, 5, '2014-12-23', '10:09:42', NULL),
(94, 5, '2014-12-23', '11:21:41', NULL),
(95, 5, '2014-12-23', '17:46:41', NULL),
(96, 5, '2014-12-23', '17:56:47', NULL),
(97, 5, '2014-12-23', '17:58:43', NULL),
(98, 5, '2014-12-23', '18:07:10', NULL),
(99, 5, '2014-12-25', '13:39:06', NULL),
(100, 5, '2014-12-27', '13:55:29', NULL),
(101, 5, '2014-12-29', '12:33:26', NULL),
(102, 5, '2014-12-29', '14:55:04', NULL),
(103, 5, '2014-12-29', '14:55:19', NULL),
(104, 5, '2014-12-29', '14:55:51', NULL),
(105, 5, '2014-12-29', '15:02:08', NULL),
(106, 5, '2014-12-30', '10:13:24', NULL),
(107, 5, '2014-12-30', '12:16:06', NULL),
(108, 5, '2015-01-01', '09:31:57', NULL),
(109, 5, '2015-01-05', '11:38:07', NULL),
(110, 5, '2015-01-06', '11:40:45', NULL),
(111, 5, '2015-01-08', '15:49:52', NULL),
(112, 5, '2015-01-09', '13:09:53', NULL),
(113, 5, '2015-01-11', '10:03:56', NULL),
(114, 5, '2015-01-11', '10:35:41', NULL),
(115, 5, '2015-01-12', '09:04:06', NULL),
(116, 5, '2015-01-12', '18:54:24', NULL),
(117, 5, '2015-01-13', '17:50:26', NULL),
(118, 5, '2015-01-14', '14:41:12', NULL),
(119, 5, '2015-01-14', '15:05:17', NULL),
(120, 5, '2015-02-28', '23:55:17', NULL),
(121, 5, '2015-03-01', '00:09:13', NULL),
(122, 5, '2015-03-01', '00:17:29', NULL),
(123, 5, '2015-03-01', '00:27:32', NULL),
(124, 5, '2015-03-01', '16:56:49', NULL),
(125, 5, '2015-03-01', '17:04:25', NULL),
(126, 5, '2015-03-06', '15:07:41', NULL),
(127, 5, '2015-03-06', '16:16:11', NULL),
(128, 5, '2015-03-07', '08:41:58', NULL),
(129, 5, '2015-03-08', '18:10:35', NULL),
(130, 5, '2015-03-08', '19:49:37', NULL),
(131, 5, '2015-03-09', '09:12:46', NULL),
(132, 5, '2015-03-09', '11:52:55', NULL),
(133, 5, '2015-03-09', '12:20:28', NULL),
(134, 5, '2015-03-09', '12:56:26', NULL),
(135, 5, '2015-03-09', '14:22:52', NULL),
(136, 5, '2015-03-09', '14:59:50', NULL),
(137, 5, '2015-03-09', '15:14:32', NULL),
(138, 5, '2015-03-09', '15:57:42', NULL),
(139, 5, '2015-03-09', '19:38:35', NULL),
(140, 5, '2015-03-09', '19:44:00', NULL),
(141, 5, '2015-03-09', '20:05:29', NULL),
(142, 5, '2015-03-09', '20:06:57', NULL),
(143, 5, '2015-03-09', '20:35:24', NULL),
(144, 5, '2015-03-10', '08:18:05', NULL),
(145, 5, '2015-03-10', '11:18:04', NULL),
(146, 5, '2015-03-10', '13:44:58', NULL),
(147, 5, '2015-03-10', '16:01:43', NULL),
(148, 5, '2015-03-10', '16:03:54', NULL),
(149, 5, '2015-03-10', '16:21:25', NULL),
(150, 5, '2015-03-10', '16:26:00', NULL),
(151, 5, '2015-03-11', '08:18:31', NULL),
(152, 5, '2015-03-11', '10:25:09', NULL),
(153, 5, '2015-03-11', '13:29:25', NULL),
(154, 5, '2015-03-11', '16:02:09', NULL),
(155, 5, '2015-03-11', '16:06:32', NULL),
(156, 5, '2015-03-11', '16:10:30', NULL),
(157, 5, '2015-03-12', '08:15:54', NULL),
(158, 5, '2015-03-12', '09:11:57', NULL),
(159, 5, '2015-03-12', '10:59:28', NULL),
(160, 5, '2015-03-12', '11:09:59', NULL),
(161, 5, '2015-03-12', '11:16:05', NULL),
(162, 5, '2015-03-12', '11:26:16', NULL),
(163, 5, '2015-03-12', '11:45:28', NULL),
(164, 5, '2015-03-12', '12:05:50', NULL),
(165, 5, '2015-03-12', '13:44:06', NULL),
(166, 5, '2015-03-13', '08:37:43', NULL),
(167, 5, '2015-03-13', '08:52:18', NULL),
(168, 5, '2015-03-13', '09:31:07', NULL),
(169, 5, '2015-03-13', '10:16:30', NULL),
(170, 5, '2015-03-13', '10:16:54', NULL),
(171, 5, '2015-03-13', '10:22:34', NULL),
(172, 5, '2015-03-13', '11:18:07', NULL),
(173, 5, '2015-03-13', '11:31:37', NULL),
(174, 5, '2015-03-13', '11:34:23', NULL),
(175, 5, '2015-03-13', '11:45:56', NULL),
(176, 5, '2015-03-13', '11:59:00', NULL),
(177, 5, '2015-03-13', '12:04:11', NULL),
(178, 5, '2015-03-13', '12:08:33', NULL),
(179, 5, '2015-03-13', '12:12:52', NULL),
(180, 5, '2015-03-13', '12:16:03', NULL),
(181, 5, '2015-03-13', '12:33:06', NULL),
(182, 5, '2015-03-13', '12:41:50', NULL),
(183, 5, '2015-03-13', '12:43:12', NULL),
(184, 5, '2015-03-13', '12:45:04', NULL),
(185, 5, '2015-03-13', '12:51:02', NULL),
(186, 5, '2015-03-13', '12:54:09', NULL),
(187, 5, '2015-03-13', '13:11:22', NULL),
(188, 5, '2015-03-13', '13:26:45', NULL),
(189, 5, '2015-03-13', '13:38:18', NULL),
(190, 5, '2015-03-13', '13:45:06', NULL),
(191, 5, '2015-03-13', '15:27:23', NULL),
(192, 5, '2015-03-13', '17:00:56', NULL),
(193, 5, '2015-03-13', '17:03:52', NULL),
(194, 5, '2015-03-14', '08:16:06', NULL),
(195, 5, '2015-03-14', '10:12:09', NULL),
(196, 5, '2015-03-14', '10:20:31', NULL),
(197, 5, '2015-03-14', '11:02:23', NULL),
(198, 5, '2015-03-14', '11:22:44', NULL),
(199, 5, '2015-03-14', '11:26:01', NULL),
(200, 5, '2015-03-14', '11:40:53', NULL),
(201, 5, '2015-03-16', '08:18:00', NULL),
(202, 5, '2015-03-16', '08:39:41', NULL),
(203, 5, '2015-03-16', '10:41:18', NULL),
(204, 5, '2015-03-16', '10:42:04', NULL),
(205, 5, '2015-03-16', '11:49:25', NULL),
(206, 5, '2015-03-16', '14:42:15', NULL),
(207, 5, '2015-03-16', '14:45:23', NULL),
(208, 5, '2015-03-16', '14:49:15', NULL),
(209, 5, '2015-03-16', '14:50:33', NULL),
(210, 5, '2015-03-16', '14:53:27', NULL),
(211, 5, '2015-03-16', '14:57:37', NULL),
(212, 5, '2015-03-16', '14:58:20', NULL),
(213, 5, '2015-03-16', '15:19:10', NULL),
(214, 5, '2015-03-16', '15:25:33', NULL),
(215, 5, '2015-03-16', '15:29:47', NULL),
(216, 5, '2015-03-16', '15:31:31', NULL),
(217, 5, '2015-03-16', '15:41:13', NULL),
(218, 5, '2015-03-16', '15:42:10', NULL),
(219, 5, '2015-03-16', '15:44:08', NULL),
(220, 5, '2015-03-16', '15:58:30', NULL),
(221, 5, '2015-03-16', '16:01:39', NULL),
(222, 5, '2015-03-16', '16:02:38', NULL),
(223, 5, '2015-03-16', '16:05:21', NULL),
(224, 5, '2015-03-16', '16:13:46', NULL),
(225, 5, '2015-03-16', '16:53:40', NULL),
(226, 5, '2015-03-16', '16:55:27', NULL),
(227, 5, '2015-03-18', '08:13:47', NULL),
(228, 5, '2015-03-18', '08:57:13', NULL),
(229, 5, '2015-03-18', '09:02:31', NULL),
(230, 5, '2015-03-18', '09:03:23', NULL),
(231, 5, '2015-03-18', '09:03:49', NULL),
(232, 5, '2015-03-18', '09:32:44', NULL),
(233, 5, '2015-03-18', '10:13:02', NULL),
(234, 5, '2015-03-18', '12:11:14', NULL),
(235, 5, '2015-03-18', '14:24:31', NULL),
(236, 5, '2015-03-18', '14:28:38', NULL),
(237, 5, '2015-03-18', '14:34:40', NULL),
(238, 5, '2015-03-18', '14:37:42', NULL),
(239, 5, '2015-03-18', '14:40:49', NULL),
(240, 5, '2015-03-18', '14:43:00', NULL),
(241, 5, '2015-03-18', '14:45:57', NULL),
(242, 5, '2015-03-18', '14:51:38', NULL),
(243, 5, '2015-03-18', '14:53:58', NULL),
(244, 5, '2015-03-18', '14:59:14', NULL),
(245, 5, '2015-03-18', '15:03:30', NULL),
(246, 5, '2015-03-18', '15:18:17', NULL),
(247, 5, '2015-03-18', '15:21:19', NULL),
(248, 5, '2015-03-18', '15:28:37', NULL),
(249, 5, '2015-03-18', '15:33:40', NULL),
(250, 5, '2015-03-18', '15:42:21', NULL),
(251, 5, '2015-03-18', '15:45:52', NULL),
(252, 5, '2015-03-18', '15:58:24', NULL),
(253, 5, '2015-03-18', '16:11:12', NULL),
(254, 5, '2015-03-18', '16:31:26', NULL),
(255, 5, '2015-03-18', '16:44:51', NULL),
(256, 5, '2015-03-18', '16:48:41', NULL),
(257, 5, '2015-03-18', '16:51:32', NULL),
(258, 5, '2015-03-19', '08:05:15', NULL),
(259, 5, '2015-03-19', '08:56:14', NULL),
(260, 5, '2015-03-19', '08:57:12', NULL),
(261, 5, '2015-03-19', '09:05:42', NULL),
(262, 5, '2015-03-19', '09:13:32', NULL),
(263, 5, '2015-03-19', '09:26:31', NULL),
(264, 5, '2015-03-19', '09:28:08', NULL),
(265, 5, '2015-03-19', '09:52:13', NULL),
(266, 5, '2015-03-19', '09:58:42', NULL),
(267, 5, '2015-03-19', '10:00:55', NULL),
(268, 5, '2015-03-19', '10:04:58', NULL),
(269, 5, '2015-03-19', '10:07:00', NULL),
(270, 5, '2015-03-19', '14:46:14', NULL),
(271, 5, '2015-03-20', '08:07:36', NULL),
(272, 5, '2015-03-20', '08:58:54', NULL),
(273, 5, '2015-03-20', '10:22:59', NULL),
(274, 5, '2015-03-20', '10:59:11', NULL),
(275, 5, '2015-03-20', '11:37:09', NULL),
(276, 5, '2015-03-20', '11:46:36', NULL),
(277, 5, '2015-03-20', '11:53:11', NULL),
(278, 5, '2015-03-20', '12:02:13', NULL),
(279, 5, '2015-03-20', '12:07:26', NULL),
(280, 5, '2015-03-20', '12:10:11', NULL),
(281, 5, '2015-03-20', '12:12:30', NULL),
(282, 5, '2015-03-20', '12:16:04', NULL),
(283, 5, '2015-03-20', '12:20:47', NULL),
(284, 5, '2015-03-20', '12:21:51', NULL),
(285, 5, '2015-03-20', '12:24:10', NULL),
(286, 5, '2015-03-20', '13:08:47', NULL),
(287, 5, '2015-03-20', '14:17:07', NULL),
(288, 5, '2015-03-20', '14:25:51', NULL),
(289, 5, '2015-03-20', '14:39:59', NULL),
(290, 5, '2015-03-20', '15:10:39', NULL),
(291, 5, '2015-03-20', '15:14:48', NULL),
(292, 5, '2015-03-21', '08:20:15', NULL),
(293, 5, '2015-03-21', '09:07:07', NULL),
(294, 5, '2015-03-21', '10:36:53', NULL),
(295, 5, '2015-03-21', '10:43:24', NULL),
(296, 5, '2015-03-21', '10:59:07', NULL),
(297, 5, '2015-03-21', '11:13:13', NULL),
(298, 5, '2015-03-21', '11:26:34', NULL),
(299, 5, '2015-03-21', '13:52:26', NULL),
(300, 5, '2015-03-23', '08:44:09', NULL),
(301, 5, '2015-03-23', '10:02:40', NULL),
(302, 5, '2015-03-23', '10:13:39', NULL),
(303, 5, '2015-03-23', '11:19:16', NULL),
(304, 5, '2015-03-23', '11:45:55', NULL),
(305, 5, '2015-03-23', '11:47:56', NULL),
(306, 5, '2015-03-23', '12:14:52', NULL),
(307, 5, '2015-03-23', '12:17:23', NULL),
(308, 5, '2015-03-23', '13:59:12', NULL),
(309, 5, '2015-03-23', '15:26:41', NULL),
(310, 5, '2015-03-23', '15:29:56', NULL),
(311, 5, '2015-03-23', '15:38:09', NULL),
(312, 5, '2015-03-23', '15:41:01', NULL),
(313, 5, '2015-03-23', '15:45:45', NULL),
(314, 5, '2015-03-23', '15:49:47', NULL),
(315, 5, '2015-03-23', '15:53:44', NULL),
(316, 5, '2015-03-23', '15:55:24', NULL),
(317, 5, '2015-03-23', '15:57:31', NULL),
(318, 5, '2015-03-23', '15:59:49', NULL),
(319, 5, '2015-03-23', '16:01:43', NULL),
(320, 5, '2015-03-24', '08:18:32', NULL),
(321, 5, '2015-03-24', '08:35:18', NULL),
(322, 5, '2015-03-24', '08:43:48', NULL),
(323, 5, '2015-03-24', '09:16:56', NULL),
(324, 5, '2015-03-24', '09:18:07', NULL),
(325, 5, '2015-03-24', '10:45:56', NULL),
(326, 5, '2015-03-24', '10:47:42', NULL),
(327, 5, '2015-03-24', '10:49:18', NULL),
(328, 5, '2015-03-24', '12:58:36', NULL),
(329, 5, '2015-03-24', '13:55:23', NULL),
(330, 5, '2015-03-24', '14:09:30', NULL),
(331, 5, '2015-03-24', '14:30:20', NULL),
(332, 5, '2015-03-24', '16:29:27', NULL),
(333, 5, '2015-03-24', '16:34:40', NULL),
(334, 5, '2015-03-24', '16:44:41', NULL),
(335, 5, '2015-03-24', '16:46:11', NULL),
(336, 5, '2015-03-24', '16:48:44', NULL),
(337, 5, '2015-03-24', '16:49:36', NULL),
(338, 5, '2015-03-25', '08:12:18', NULL),
(339, 5, '2015-03-25', '08:59:07', NULL),
(340, 5, '2015-03-25', '09:03:12', NULL),
(341, 5, '2015-03-25', '10:03:33', NULL),
(342, 5, '2015-03-25', '10:10:15', NULL),
(343, 5, '2015-03-25', '10:51:23', NULL),
(344, 5, '2015-03-25', '11:15:52', NULL),
(345, 5, '2015-03-25', '11:18:47', NULL),
(346, 5, '2015-03-25', '11:47:09', NULL),
(347, 5, '2015-03-25', '12:00:57', NULL),
(348, 5, '2015-03-25', '12:02:46', NULL),
(349, 5, '2015-03-25', '12:15:51', NULL),
(350, 5, '2015-03-25', '13:15:06', NULL),
(351, 5, '2015-03-25', '13:18:49', NULL),
(352, 5, '2015-03-25', '13:34:28', NULL),
(353, 5, '2015-03-25', '15:07:19', NULL),
(354, 5, '2015-03-25', '15:31:48', NULL),
(355, 5, '2015-03-25', '15:52:02', NULL),
(356, 5, '2015-03-25', '16:12:26', NULL),
(357, 5, '2015-03-25', '16:19:21', NULL),
(358, 5, '2015-03-25', '16:30:02', NULL),
(359, 5, '2015-03-26', '08:06:45', NULL),
(360, 5, '2015-03-26', '09:24:18', NULL),
(361, 5, '2015-03-26', '09:24:53', NULL),
(362, 5, '2015-03-26', '09:25:41', NULL),
(363, 5, '2015-03-26', '09:26:59', NULL),
(364, 5, '2015-03-26', '09:27:34', NULL),
(365, 5, '2015-03-26', '09:38:33', NULL),
(366, 5, '2015-03-26', '09:40:07', NULL),
(367, 5, '2015-03-26', '09:42:37', NULL),
(368, 5, '2015-03-26', '10:03:05', NULL),
(369, 5, '2015-03-26', '11:53:11', NULL),
(370, 5, '2015-03-26', '13:46:17', NULL),
(371, 5, '2015-03-26', '13:52:45', NULL),
(372, 5, '2015-03-26', '14:02:02', NULL),
(373, 5, '2015-03-26', '14:20:16', NULL),
(374, 5, '2015-03-26', '14:20:54', NULL),
(375, 5, '2015-03-26', '14:21:49', NULL),
(376, 5, '2015-03-26', '14:55:38', NULL),
(377, 5, '2015-03-26', '15:00:13', NULL),
(378, 5, '2015-03-26', '15:15:53', NULL),
(379, 5, '2015-03-26', '15:18:26', NULL),
(380, 5, '2015-03-26', '15:24:53', NULL),
(381, 5, '2015-03-26', '15:28:37', NULL),
(382, 5, '2015-03-26', '15:29:47', NULL),
(383, 5, '2015-03-26', '15:31:07', NULL),
(384, 5, '2015-03-26', '15:38:48', NULL),
(385, 5, '2015-03-26', '15:40:17', NULL),
(386, 5, '2015-03-26', '15:41:24', NULL),
(387, 5, '2015-03-26', '15:42:51', NULL),
(388, 5, '2015-03-26', '15:45:32', NULL),
(389, 5, '2015-03-26', '15:51:31', NULL),
(390, 5, '2015-03-26', '15:53:04', NULL),
(391, 5, '2015-03-26', '16:04:10', NULL),
(392, 5, '2015-03-26', '16:04:13', NULL),
(393, 5, '2015-03-26', '16:21:26', NULL),
(394, 5, '2015-03-26', '16:40:18', NULL),
(395, 5, '2015-03-27', '08:14:24', NULL),
(396, 5, '2015-03-27', '09:03:04', NULL),
(397, 5, '2015-03-27', '11:00:48', NULL),
(398, 5, '2015-03-27', '11:12:50', NULL),
(399, 5, '2015-03-27', '11:18:21', NULL),
(400, 5, '2015-03-27', '11:46:04', NULL),
(401, 5, '2015-03-27', '11:59:31', NULL),
(402, 5, '2015-03-27', '12:13:51', NULL),
(403, 5, '2015-03-27', '12:15:54', NULL),
(404, 5, '2015-03-27', '12:19:50', NULL),
(405, 5, '2015-03-27', '12:23:04', NULL),
(406, 5, '2015-03-27', '12:24:47', NULL),
(407, 5, '2015-03-27', '12:29:47', NULL),
(408, 5, '2015-03-27', '12:30:50', NULL),
(409, 5, '2015-03-27', '13:59:36', NULL),
(410, 5, '2015-03-27', '14:23:02', NULL),
(411, 5, '2015-03-27', '14:52:39', NULL),
(412, 5, '2015-03-27', '14:55:11', NULL),
(413, 5, '2015-03-27', '15:08:29', NULL),
(414, 5, '2015-03-27', '15:53:19', NULL),
(415, 5, '2015-03-27', '16:16:41', NULL),
(416, 5, '2015-03-27', '16:27:24', NULL),
(417, 5, '2015-03-27', '16:29:12', NULL),
(418, 5, '2015-03-27', '16:31:43', NULL),
(419, 5, '2015-03-27', '16:37:17', NULL),
(420, 5, '2015-03-28', '08:34:11', NULL),
(421, 5, '2015-03-28', '08:42:35', NULL),
(422, 5, '2015-03-28', '08:44:35', NULL),
(423, 5, '2015-03-28', '08:45:32', NULL),
(424, 5, '2015-03-28', '08:47:18', NULL),
(425, 5, '2015-03-28', '09:05:29', NULL),
(426, 5, '2015-03-28', '09:07:05', NULL),
(427, 5, '2015-03-28', '09:11:58', NULL),
(428, 5, '2015-03-28', '09:18:24', NULL),
(429, 5, '2015-03-28', '09:21:46', NULL),
(430, 5, '2015-03-28', '09:22:42', NULL),
(431, 5, '2015-03-28', '09:25:15', NULL),
(432, 5, '2015-03-28', '09:33:55', NULL),
(433, 5, '2015-03-28', '09:36:49', NULL),
(434, 5, '2015-03-28', '09:47:24', NULL),
(435, 5, '2015-03-30', '08:09:58', NULL),
(436, 5, '2015-03-30', '08:28:13', NULL),
(437, 5, '2015-03-30', '08:45:52', NULL),
(438, 5, '2015-03-30', '08:49:50', NULL),
(439, 5, '2015-03-31', '08:10:31', NULL),
(440, 5, '2015-03-31', '09:23:19', NULL),
(441, 5, '2015-03-31', '10:08:44', NULL),
(442, 5, '2015-03-31', '14:12:56', NULL),
(443, 5, '2015-03-31', '14:43:13', NULL),
(444, 5, '2015-03-31', '14:53:38', NULL),
(445, 5, '2015-03-31', '18:23:20', NULL),
(446, 5, '2015-04-01', '08:07:03', NULL),
(447, 5, '2015-04-01', '08:54:55', NULL),
(448, 5, '2015-04-01', '09:04:38', NULL),
(449, 5, '2015-04-01', '09:33:31', NULL),
(450, 5, '2015-04-01', '09:40:37', NULL),
(451, 5, '2015-04-01', '09:41:02', NULL),
(452, 5, '2015-04-01', '09:42:27', NULL),
(453, 5, '2015-04-01', '09:44:16', NULL),
(454, 5, '2015-04-01', '09:48:24', NULL),
(455, 5, '2015-04-01', '09:49:33', NULL),
(456, 5, '2015-04-01', '09:52:06', NULL),
(457, 5, '2015-04-01', '09:55:18', NULL),
(458, 5, '2015-04-01', '09:57:13', NULL),
(459, 5, '2015-04-01', '09:58:13', NULL),
(460, 5, '2015-04-01', '09:59:24', NULL),
(461, 5, '2015-04-01', '09:59:51', NULL),
(462, 5, '2015-04-01', '10:02:09', NULL),
(463, 5, '2015-04-01', '10:43:20', NULL),
(464, 5, '2015-04-01', '10:51:35', NULL),
(465, 5, '2015-04-01', '10:54:27', NULL),
(466, 5, '2015-04-01', '11:06:11', NULL),
(467, 5, '2015-04-01', '11:07:17', NULL),
(468, 5, '2015-04-01', '11:20:59', NULL),
(469, 5, '2015-04-01', '11:22:34', NULL),
(470, 5, '2015-04-01', '11:33:07', NULL),
(471, 5, '2015-04-01', '11:41:51', NULL),
(472, 5, '2015-04-01', '11:56:45', NULL),
(473, 5, '2015-04-01', '11:59:11', NULL),
(474, 5, '2015-04-01', '12:09:48', NULL),
(475, 5, '2015-04-01', '12:13:03', NULL),
(476, 5, '2015-04-01', '12:49:20', NULL),
(477, 5, '2015-04-01', '12:54:53', NULL),
(478, 5, '2015-04-01', '12:56:21', NULL),
(479, 5, '2015-04-01', '12:59:30', NULL),
(480, 5, '2015-04-01', '13:10:11', NULL),
(481, 5, '2015-04-01', '13:12:18', NULL),
(482, 5, '2015-04-01', '13:17:03', NULL),
(483, 5, '2015-04-01', '13:24:17', NULL),
(484, 5, '2015-04-01', '13:40:48', NULL),
(485, 5, '2015-04-01', '14:03:16', NULL),
(486, 5, '2015-04-01', '14:13:16', NULL),
(487, 5, '2015-04-01', '14:23:22', NULL),
(488, 5, '2015-04-01', '14:25:38', NULL),
(489, 5, '2015-04-01', '14:32:41', NULL),
(490, 5, '2015-04-01', '14:34:04', NULL),
(491, 5, '2015-04-01', '14:57:28', NULL),
(492, 5, '2015-04-01', '14:59:39', NULL),
(493, 5, '2015-04-01', '15:01:48', NULL),
(494, 5, '2015-04-01', '15:22:18', NULL),
(495, 5, '2015-04-01', '15:31:53', NULL),
(496, 5, '2015-04-01', '15:54:58', NULL),
(497, 5, '2015-04-01', '16:04:56', NULL),
(498, 5, '2015-04-01', '16:10:51', NULL),
(499, 5, '2015-04-01', '16:17:07', NULL),
(500, 5, '2015-04-01', '16:24:37', NULL),
(501, 5, '2015-04-01', '16:26:07', NULL),
(502, 5, '2015-04-01', '19:49:08', NULL),
(503, 5, '2015-04-01', '20:22:14', NULL),
(504, 5, '2015-04-01', '20:30:56', NULL),
(505, 5, '2015-04-01', '20:36:41', NULL),
(506, 5, '2015-04-01', '20:48:30', NULL),
(507, 5, '2015-04-01', '20:54:40', NULL),
(508, 5, '2015-04-01', '21:01:23', NULL),
(509, 5, '2015-04-02', '08:37:12', NULL),
(510, 5, '2015-04-02', '08:45:50', NULL),
(511, 5, '2015-04-02', '09:16:45', NULL),
(512, 5, '2015-04-02', '09:33:00', NULL),
(513, 5, '2015-04-02', '09:38:02', NULL),
(514, 5, '2015-04-02', '09:39:21', NULL),
(515, 5, '2015-04-02', '09:49:50', NULL),
(516, 5, '2015-04-02', '09:52:10', NULL),
(517, 5, '2015-04-02', '09:58:47', NULL),
(518, 5, '2015-04-02', '10:11:40', NULL),
(519, 5, '2015-04-02', '10:14:37', NULL),
(520, 5, '2015-04-02', '10:20:02', NULL),
(521, 5, '2015-04-02', '10:21:45', NULL),
(522, 5, '2015-04-02', '10:25:29', NULL),
(523, 5, '2015-04-02', '10:33:30', NULL),
(524, 5, '2015-04-02', '10:36:15', NULL),
(525, 5, '2015-04-02', '10:38:12', NULL),
(526, 5, '2015-04-02', '10:41:10', NULL),
(527, 5, '2015-04-02', '10:42:51', NULL),
(528, 5, '2015-04-02', '10:43:33', NULL),
(529, 5, '2015-04-02', '10:49:57', NULL),
(530, 5, '2015-04-02', '11:39:37', NULL),
(531, 5, '2015-04-02', '12:19:23', NULL),
(532, 5, '2015-04-02', '12:19:56', NULL),
(533, 5, '2015-04-02', '13:20:12', NULL),
(534, 5, '2015-04-02', '13:36:30', NULL),
(535, 5, '2015-04-02', '13:42:57', NULL),
(536, 5, '2015-04-02', '14:27:48', NULL),
(537, 5, '2015-04-02', '16:20:36', NULL),
(538, 5, '2015-04-02', '16:23:31', NULL),
(539, 5, '2015-04-02', '16:25:32', NULL),
(540, 5, '2015-04-02', '16:27:30', NULL),
(541, 5, '2015-04-02', '16:28:21', NULL),
(542, 5, '2015-04-02', '16:33:29', NULL),
(543, 5, '2015-04-02', '16:36:36', NULL),
(544, 5, '2015-04-02', '16:39:40', NULL),
(545, 5, '2015-04-04', '08:13:54', NULL),
(546, 5, '2015-04-04', '08:16:36', NULL),
(547, 5, '2015-04-04', '08:50:47', NULL),
(548, 5, '2015-04-04', '11:12:16', NULL),
(549, 5, '2015-04-04', '11:18:04', NULL),
(550, 5, '2015-04-04', '12:14:47', NULL),
(551, 5, '2015-04-04', '12:57:50', NULL),
(552, 5, '2015-04-04', '13:13:59', NULL),
(553, 5, '2015-04-04', '13:55:27', NULL),
(554, 5, '2015-04-04', '14:01:47', NULL),
(555, 5, '2015-04-04', '14:02:46', NULL),
(556, 5, '2015-04-04', '14:05:55', NULL),
(557, 5, '2015-04-05', '08:19:20', NULL),
(558, 5, '2015-04-05', '08:22:38', NULL),
(559, 5, '2015-04-05', '08:27:59', NULL),
(560, 5, '2015-04-05', '08:44:54', NULL),
(561, 5, '2015-04-05', '09:04:30', NULL),
(562, 5, '2015-04-05', '09:14:49', NULL),
(563, 5, '2015-04-05', '11:04:15', NULL),
(564, 5, '2015-04-05', '11:08:12', NULL),
(565, 5, '2015-04-05', '11:15:13', NULL),
(566, 5, '2015-04-05', '11:17:48', NULL),
(567, 5, '2015-04-05', '11:23:32', NULL),
(568, 5, '2015-04-05', '11:27:18', NULL),
(569, 5, '2015-04-05', '11:31:15', NULL),
(570, 5, '2015-04-05', '11:44:19', NULL),
(571, 5, '2015-04-05', '11:46:32', NULL),
(572, 5, '2015-04-05', '11:50:06', NULL),
(573, 5, '2015-04-05', '12:04:19', NULL),
(574, 5, '2015-04-05', '12:13:42', NULL),
(575, 5, '2015-04-05', '12:15:37', NULL),
(576, 5, '2015-04-05', '12:19:28', NULL),
(577, 5, '2015-04-05', '13:29:03', NULL),
(578, 5, '2015-04-05', '13:40:30', NULL),
(579, 5, '2015-04-05', '13:41:07', NULL),
(580, 5, '2015-04-05', '13:59:34', NULL),
(581, 5, '2015-04-05', '14:18:09', NULL),
(582, 5, '2015-04-05', '15:22:58', NULL),
(583, 5, '2015-04-05', '18:48:35', NULL),
(584, 5, '2015-04-06', '08:12:01', NULL),
(585, 5, '2015-04-06', '08:36:34', NULL),
(586, 5, '2015-04-06', '08:49:43', NULL),
(587, 5, '2015-04-06', '09:55:30', NULL),
(588, 5, '2015-04-06', '10:04:36', NULL),
(589, 5, '2015-04-06', '10:21:39', NULL),
(590, 5, '2015-04-06', '10:43:47', NULL),
(591, 5, '2015-04-06', '11:03:36', NULL),
(592, 5, '2015-04-06', '11:06:06', NULL),
(593, 5, '2015-04-06', '11:10:08', NULL),
(594, 5, '2015-04-06', '11:25:21', NULL),
(595, 5, '2015-04-06', '11:35:49', NULL),
(596, 5, '2015-04-06', '11:38:38', NULL),
(597, 5, '2015-04-06', '11:48:15', NULL),
(598, 5, '2015-04-06', '11:51:58', NULL),
(599, 5, '2015-04-06', '12:01:10', NULL),
(600, 5, '2015-04-06', '12:08:40', NULL),
(601, 5, '2015-04-06', '12:33:59', NULL),
(602, 5, '2015-04-06', '12:37:08', NULL),
(603, 5, '2015-04-06', '12:52:15', NULL),
(604, 5, '2015-04-06', '13:14:48', NULL),
(605, 5, '2015-04-06', '13:33:34', NULL),
(606, 5, '2015-04-06', '13:37:26', NULL),
(607, 5, '2015-04-06', '13:56:28', NULL),
(608, 5, '2015-04-06', '14:15:18', NULL),
(609, 5, '2015-04-06', '15:43:05', NULL),
(610, 5, '2015-04-06', '16:01:00', NULL),
(611, 5, '2015-04-06', '16:10:45', NULL),
(612, 5, '2015-04-07', '08:25:45', NULL),
(613, 5, '2015-04-07', '08:34:59', NULL),
(614, 5, '2015-04-07', '11:28:30', NULL),
(615, 5, '2015-04-07', '16:27:50', NULL),
(616, 5, '2015-04-07', '17:00:14', NULL),
(617, 5, '2015-04-08', '08:51:24', NULL),
(618, 5, '2015-04-08', '08:53:02', NULL),
(619, 5, '2015-04-08', '09:04:13', NULL),
(620, 5, '2015-04-08', '09:17:07', NULL),
(621, 5, '2015-04-08', '09:29:52', NULL),
(622, 5, '2015-04-08', '09:34:00', NULL),
(623, 5, '2015-04-08', '09:37:49', NULL),
(624, 5, '2015-04-08', '09:49:52', NULL),
(625, 5, '2015-04-08', '09:52:53', NULL),
(626, 5, '2015-04-08', '10:02:45', NULL),
(627, 5, '2015-04-08', '10:05:09', NULL),
(628, 5, '2015-04-08', '10:11:45', NULL),
(629, 5, '2015-04-08', '10:13:45', NULL),
(630, 5, '2015-04-08', '10:20:56', NULL),
(631, 5, '2015-04-08', '10:23:56', NULL),
(632, 5, '2015-04-08', '10:27:48', NULL),
(633, 5, '2015-04-08', '10:34:21', NULL),
(634, 5, '2015-04-08', '10:38:14', NULL),
(635, 5, '2015-04-08', '11:34:23', NULL),
(636, 5, '2015-04-08', '11:35:08', NULL),
(637, 5, '2015-04-08', '15:36:25', NULL),
(638, 5, '2015-04-08', '16:19:30', NULL),
(639, 5, '2015-04-09', '08:00:41', NULL),
(640, 5, '2015-04-09', '08:26:11', NULL),
(641, 5, '2015-04-09', '09:25:19', NULL),
(642, 5, '2015-04-09', '09:47:58', NULL),
(643, 5, '2015-04-09', '10:04:28', NULL),
(644, 5, '2015-04-09', '10:12:43', NULL),
(645, 5, '2015-04-09', '10:16:01', NULL),
(646, 5, '2015-04-09', '10:21:54', NULL),
(647, 5, '2015-04-09', '10:28:17', NULL),
(648, 5, '2015-04-09', '10:31:47', NULL),
(649, 5, '2015-04-09', '11:02:05', NULL),
(650, 5, '2015-04-09', '11:09:18', NULL),
(651, 5, '2015-04-09', '11:18:04', NULL),
(652, 5, '2015-04-09', '12:21:28', NULL),
(653, 5, '2015-04-09', '13:15:02', NULL),
(654, 5, '2015-04-09', '13:30:16', NULL),
(655, 5, '2015-04-09', '13:31:26', NULL),
(656, 5, '2015-04-09', '14:08:11', NULL),
(657, 5, '2015-04-09', '14:31:36', NULL),
(658, 5, '2015-04-09', '17:15:35', NULL),
(659, 5, '2015-04-09', '17:40:57', NULL),
(660, 5, '2015-04-09', '18:14:51', NULL),
(661, 5, '2015-04-09', '19:30:04', NULL),
(662, 5, '2015-04-09', '19:31:42', NULL),
(663, 5, '2015-04-09', '19:34:04', NULL),
(664, 5, '2015-04-09', '19:36:08', NULL),
(665, 5, '2015-04-09', '19:37:33', NULL),
(666, 5, '2015-04-09', '19:43:06', NULL),
(667, 5, '2015-04-09', '19:45:51', NULL),
(668, 5, '2015-04-09', '19:52:39', NULL),
(669, 5, '2015-04-09', '20:16:27', NULL),
(670, 5, '2015-04-09', '20:23:29', NULL),
(671, 5, '2015-04-09', '20:25:20', NULL),
(672, 5, '2015-04-10', '08:13:54', NULL),
(673, 5, '2015-04-10', '08:50:09', NULL),
(674, 5, '2015-04-10', '09:04:58', NULL),
(675, 5, '2015-04-10', '09:06:23', NULL),
(676, 5, '2015-04-10', '09:11:25', NULL),
(677, 5, '2015-04-10', '09:12:59', NULL),
(678, 5, '2015-04-10', '09:19:16', NULL),
(679, 5, '2015-04-10', '09:20:42', NULL),
(680, 5, '2015-04-10', '09:22:31', NULL),
(681, 5, '2015-04-10', '09:24:10', NULL),
(682, 5, '2015-04-10', '09:25:50', NULL),
(683, 5, '2015-04-10', '09:28:01', NULL),
(684, 5, '2015-04-10', '09:28:02', NULL),
(685, 5, '2015-04-10', '09:30:33', NULL),
(686, 5, '2015-04-10', '09:31:38', NULL),
(687, 5, '2015-04-10', '09:34:00', NULL),
(688, 5, '2015-04-10', '09:44:16', NULL),
(689, 5, '2015-04-10', '09:46:56', NULL),
(690, 5, '2015-04-10', '09:48:37', NULL),
(691, 5, '2015-04-10', '09:55:47', NULL),
(692, 5, '2015-04-10', '13:24:52', NULL),
(693, 5, '2015-04-10', '13:53:14', NULL),
(694, 5, '2015-04-10', '14:25:57', NULL),
(695, 5, '2015-04-10', '14:32:55', NULL),
(696, 5, '2015-04-10', '15:28:19', NULL),
(697, 5, '2015-04-10', '16:01:13', NULL),
(698, 5, '2015-04-10', '16:04:57', NULL),
(699, 5, '2015-04-10', '16:19:25', NULL),
(700, 5, '2015-04-10', '16:23:21', NULL),
(701, 5, '2015-04-10', '16:29:20', NULL),
(702, 5, '2015-04-10', '16:42:01', NULL),
(703, 5, '2015-04-10', '17:06:56', NULL),
(704, 5, '2015-04-14', '14:44:49', NULL),
(705, 5, '2015-04-16', '08:19:02', NULL),
(706, 5, '2015-04-16', '08:34:15', NULL),
(707, 5, '2015-04-16', '09:34:42', NULL),
(708, 5, '2015-04-16', '09:39:11', NULL),
(709, 5, '2015-04-16', '09:42:02', NULL),
(710, 5, '2015-04-16', '09:44:43', NULL),
(711, 5, '2015-04-16', '09:48:13', NULL),
(712, 5, '2015-04-16', '10:15:17', NULL),
(713, 5, '2015-04-16', '10:19:36', NULL),
(714, 5, '2015-04-16', '10:26:46', NULL),
(715, 5, '2015-04-16', '10:32:49', NULL),
(716, 5, '2015-04-16', '10:36:18', NULL),
(717, 5, '2015-04-16', '11:13:43', NULL),
(718, 5, '2015-04-16', '14:24:04', NULL),
(719, 5, '2015-04-16', '15:07:23', NULL),
(720, 5, '2015-04-16', '15:57:56', NULL),
(721, 5, '2015-04-16', '15:59:16', NULL),
(722, 5, '2015-04-16', '16:03:02', NULL),
(723, 5, '2015-04-16', '16:15:27', NULL),
(724, 5, '2015-04-16', '16:21:12', NULL),
(725, 5, '2015-04-16', '16:24:57', NULL),
(726, 5, '2015-04-16', '16:26:08', NULL),
(727, 5, '2015-04-16', '16:27:22', NULL),
(728, 5, '2015-04-16', '16:54:07', NULL),
(729, 5, '2015-04-17', '10:10:46', NULL),
(730, 5, '2015-04-17', '11:20:31', NULL),
(731, 5, '2015-04-17', '11:31:11', NULL),
(732, 5, '2015-04-17', '11:35:06', NULL),
(733, 5, '2015-04-17', '11:37:39', NULL),
(734, 5, '2015-04-17', '11:50:22', NULL),
(735, 5, '2015-04-17', '12:07:58', NULL),
(736, 5, '2015-04-17', '12:33:28', NULL),
(737, 5, '2015-04-17', '12:42:26', NULL),
(738, 5, '2015-04-17', '13:27:42', NULL),
(739, 5, '2015-04-17', '13:36:18', NULL),
(740, 5, '2015-04-17', '16:22:16', NULL),
(741, 5, '2015-04-17', '16:45:12', NULL),
(742, 5, '2015-04-17', '17:03:38', NULL),
(743, 5, '2015-04-18', '08:33:33', NULL),
(744, 5, '2015-04-18', '09:04:45', NULL),
(745, 5, '2015-04-18', '09:23:26', NULL),
(746, 5, '2015-04-18', '09:25:18', NULL),
(747, 5, '2015-04-18', '09:26:53', NULL),
(748, 5, '2015-04-18', '09:42:08', NULL),
(749, 5, '2015-04-18', '10:17:00', NULL),
(750, 5, '2015-04-18', '10:52:25', NULL),
(751, 5, '2015-04-18', '10:56:35', NULL),
(752, 5, '2015-04-18', '11:03:33', NULL),
(753, 5, '2015-04-18', '11:28:52', NULL),
(754, 5, '2015-04-18', '11:34:10', NULL),
(755, 5, '2015-04-18', '11:41:32', NULL),
(756, 5, '2015-04-18', '11:44:05', NULL),
(757, 5, '2015-04-18', '11:49:45', NULL),
(758, 5, '2015-04-18', '11:54:41', NULL),
(759, 5, '2015-04-18', '12:08:23', NULL),
(760, 5, '2015-04-18', '12:57:56', NULL),
(761, 5, '2015-04-18', '13:18:34', NULL),
(762, 5, '2015-04-20', '08:29:35', NULL),
(763, 5, '2015-04-20', '09:21:08', NULL),
(764, 5, '2015-04-20', '10:34:52', NULL),
(765, 5, '2015-04-20', '10:37:22', NULL),
(766, 5, '2015-04-20', '10:41:24', NULL),
(767, 5, '2015-04-20', '11:01:27', NULL),
(768, 5, '2015-04-20', '12:53:02', NULL),
(769, 5, '2015-04-20', '12:58:50', NULL),
(770, 5, '2015-04-20', '14:17:56', NULL),
(771, 5, '2015-04-20', '14:37:25', NULL),
(772, 5, '2015-04-20', '14:45:43', NULL),
(773, 5, '2015-04-20', '15:10:44', NULL),
(774, 5, '2015-04-20', '15:19:02', NULL),
(775, 5, '2015-04-20', '15:23:28', NULL),
(776, 5, '2015-04-20', '15:28:47', NULL),
(777, 5, '2015-04-20', '15:32:19', NULL),
(778, 5, '2015-04-20', '15:36:30', NULL),
(779, 5, '2015-04-20', '15:40:53', NULL),
(780, 5, '2015-04-20', '15:50:29', NULL),
(781, 5, '2015-04-20', '15:56:24', NULL),
(782, 5, '2015-04-20', '16:00:03', NULL),
(783, 5, '2015-04-20', '16:04:00', NULL),
(784, 5, '2015-04-20', '16:17:02', NULL),
(785, 5, '2015-04-20', '16:21:50', NULL),
(786, 5, '2015-04-20', '16:24:28', NULL),
(787, 5, '2015-04-20', '16:28:36', NULL),
(788, 5, '2015-04-20', '16:40:58', NULL),
(789, 5, '2015-04-20', '16:42:56', NULL),
(790, 5, '2015-04-20', '16:49:24', NULL),
(791, 5, '2015-04-20', '16:56:17', NULL),
(792, 5, '2015-04-21', '08:10:48', NULL),
(793, 5, '2015-04-21', '08:12:37', NULL),
(794, 5, '2015-04-21', '08:23:45', NULL),
(795, 5, '2015-04-21', '08:27:57', NULL),
(796, 5, '2015-04-21', '08:37:35', NULL),
(797, 5, '2015-04-21', '08:43:18', NULL),
(798, 5, '2015-04-21', '08:44:48', NULL),
(799, 5, '2015-04-21', '08:51:45', NULL),
(800, 5, '2015-04-21', '09:02:08', NULL),
(801, 5, '2015-04-21', '09:06:22', NULL),
(802, 5, '2015-04-21', '09:11:53', NULL),
(803, 5, '2015-04-21', '09:44:28', NULL),
(804, 5, '2015-04-21', '09:54:49', NULL),
(805, 5, '2015-04-21', '10:01:11', NULL),
(806, 5, '2015-04-21', '10:06:41', NULL),
(807, 5, '2015-04-21', '10:11:20', NULL),
(808, 5, '2015-04-21', '10:13:47', NULL),
(809, 5, '2015-04-21', '10:17:22', NULL),
(810, 5, '2015-04-21', '10:24:04', NULL),
(811, 5, '2015-04-21', '10:26:51', NULL),
(812, 5, '2015-04-21', '10:38:41', NULL),
(813, 5, '2015-04-21', '10:43:05', NULL),
(814, 5, '2015-04-21', '10:45:15', NULL),
(815, 5, '2015-04-21', '10:46:54', NULL),
(816, 5, '2015-04-21', '10:52:27', NULL),
(817, 5, '2015-04-21', '11:26:28', NULL),
(818, 5, '2015-04-21', '12:16:57', NULL),
(819, 5, '2015-04-21', '12:44:07', NULL),
(820, 5, '2015-04-21', '13:10:28', NULL),
(821, 5, '2015-04-21', '13:15:16', NULL),
(822, 5, '2015-04-21', '13:22:36', NULL),
(823, 5, '2015-04-21', '13:32:04', NULL),
(824, 5, '2015-04-21', '13:54:35', NULL),
(825, 5, '2015-04-21', '14:08:00', NULL),
(826, 5, '2015-04-21', '14:16:14', NULL),
(827, 5, '2015-04-21', '14:22:12', NULL),
(828, 5, '2015-04-21', '14:31:56', NULL),
(829, 5, '2015-04-21', '14:36:05', NULL),
(830, 5, '2015-04-21', '14:41:43', NULL),
(831, 5, '2015-04-21', '14:44:21', NULL),
(832, 5, '2015-04-21', '14:48:49', NULL),
(833, 5, '2015-04-21', '14:55:44', NULL),
(834, 5, '2015-04-21', '15:30:44', NULL),
(835, 5, '2015-04-22', '08:19:30', NULL),
(836, 5, '2015-04-22', '08:26:34', NULL),
(837, 5, '2015-04-22', '08:30:54', NULL),
(838, 5, '2015-04-22', '08:49:46', NULL),
(839, 5, '2015-04-22', '09:01:51', NULL),
(840, 5, '2015-04-22', '09:11:34', NULL),
(841, 5, '2015-04-22', '09:37:31', NULL),
(842, 5, '2015-04-22', '09:39:29', NULL),
(843, 5, '2015-04-22', '09:43:35', NULL),
(844, 5, '2015-04-22', '09:45:36', NULL),
(845, 5, '2015-04-22', '09:47:13', NULL),
(846, 5, '2015-04-22', '09:53:24', NULL),
(847, 5, '2015-04-22', '09:59:57', NULL),
(848, 5, '2015-04-22', '10:11:59', NULL),
(849, 5, '2015-04-22', '10:24:59', NULL),
(850, 5, '2015-04-22', '10:35:37', NULL),
(851, 5, '2015-04-22', '10:41:53', NULL),
(852, 5, '2015-04-22', '11:02:14', NULL),
(853, 5, '2015-04-22', '11:05:03', NULL),
(854, 5, '2015-04-22', '11:32:38', NULL),
(855, 5, '2015-04-22', '11:33:34', NULL),
(856, 5, '2015-04-22', '11:34:49', NULL),
(857, 5, '2015-04-22', '11:56:16', NULL),
(858, 5, '2015-04-22', '12:08:55', NULL),
(859, 5, '2015-04-22', '12:11:35', NULL),
(860, 5, '2015-04-22', '12:17:23', NULL),
(861, 5, '2015-04-22', '12:23:26', NULL),
(862, 5, '2015-04-22', '12:31:41', NULL),
(863, 5, '2015-04-22', '13:04:38', NULL),
(864, 5, '2015-04-22', '13:10:14', NULL),
(865, 5, '2015-04-22', '13:18:20', NULL),
(866, 5, '2015-04-22', '13:23:39', NULL),
(867, 5, '2015-04-22', '13:30:42', NULL),
(868, 5, '2015-04-22', '14:12:53', NULL),
(869, 5, '2015-04-22', '14:18:22', NULL),
(870, 5, '2015-04-22', '14:33:38', NULL),
(871, 5, '2015-04-22', '14:54:42', NULL),
(872, 5, '2015-04-22', '14:56:01', NULL),
(873, 5, '2015-04-22', '15:11:42', NULL),
(874, 5, '2015-04-22', '15:13:31', NULL),
(875, 5, '2015-04-22', '15:22:26', NULL),
(876, 5, '2015-04-22', '16:08:53', NULL),
(877, 5, '2015-04-22', '16:10:39', NULL),
(878, 5, '2015-04-22', '16:13:07', NULL),
(879, 5, '2015-04-22', '16:16:14', NULL),
(880, 5, '2015-04-22', '16:17:46', NULL),
(881, 5, '2015-04-22', '16:20:39', NULL),
(882, 5, '2015-04-22', '16:24:10', NULL),
(883, 5, '2015-04-22', '16:28:08', NULL),
(884, 5, '2015-04-22', '16:30:08', NULL),
(885, 5, '2015-04-22', '16:35:15', NULL),
(886, 5, '2015-04-22', '16:36:59', NULL),
(887, 5, '2015-04-22', '16:39:09', NULL),
(888, 5, '2015-04-22', '16:43:49', NULL),
(889, 5, '2015-04-22', '16:46:09', NULL),
(890, 5, '2015-04-22', '16:52:28', NULL),
(891, 5, '2015-04-22', '16:54:57', NULL),
(892, 5, '2015-04-22', '16:57:42', NULL),
(893, 5, '2015-04-22', '16:58:52', NULL),
(894, 5, '2015-04-22', '17:01:22', NULL),
(895, 5, '2015-04-22', '17:02:49', NULL),
(896, 5, '2015-04-22', '17:03:46', NULL),
(897, 5, '2015-04-22', '19:44:24', NULL),
(898, 5, '2015-04-22', '20:48:06', NULL),
(899, 5, '2015-04-22', '20:51:08', NULL),
(900, 5, '2015-04-22', '21:03:13', NULL),
(901, 5, '2015-04-23', '08:57:58', NULL),
(902, 5, '2015-04-23', '09:24:07', NULL),
(903, 5, '2015-04-23', '09:37:01', NULL),
(904, 5, '2015-04-24', '05:37:42', NULL),
(905, 5, '2015-04-24', '09:51:36', NULL),
(906, 5, '2015-04-24', '10:10:05', NULL),
(907, 5, '2015-04-24', '10:39:11', NULL),
(908, 5, '2015-04-24', '12:43:53', NULL),
(909, 5, '2015-04-24', '13:32:47', NULL),
(910, 5, '2015-04-24', '13:34:15', NULL),
(911, 5, '2015-04-24', '13:40:31', NULL),
(912, 5, '2015-04-24', '14:02:29', NULL),
(913, 5, '2015-04-24', '14:05:37', NULL),
(914, 5, '2015-04-24', '14:34:30', NULL),
(915, 5, '2015-04-24', '14:42:25', NULL),
(916, 5, '2015-04-24', '14:47:41', NULL),
(917, 5, '2015-04-24', '15:03:10', NULL),
(918, 5, '2015-04-24', '15:09:21', NULL),
(919, 5, '2015-04-24', '15:15:16', NULL),
(920, 5, '2015-04-24', '15:18:19', NULL),
(921, 5, '2015-04-24', '15:24:13', NULL),
(922, 5, '2015-04-24', '15:26:18', NULL),
(923, 5, '2015-04-24', '16:27:49', NULL),
(924, 5, '2015-04-24', '16:29:45', NULL),
(925, 5, '2015-04-24', '16:41:48', NULL),
(926, 5, '2015-04-24', '16:42:52', NULL),
(927, 5, '2015-04-24', '16:55:46', NULL),
(928, 5, '2015-04-24', '17:31:21', NULL),
(929, 5, '2015-04-24', '17:32:09', NULL),
(930, 5, '2015-04-24', '17:35:09', NULL),
(931, 5, '2015-04-24', '17:36:19', NULL),
(932, 5, '2015-04-27', '08:26:42', NULL),
(933, 5, '2015-04-27', '08:38:51', NULL),
(934, 5, '2015-04-27', '09:04:32', NULL),
(935, 5, '2015-04-27', '09:52:54', NULL),
(936, 5, '2015-04-27', '10:12:47', NULL),
(937, 5, '2015-04-27', '10:13:55', NULL),
(938, 5, '2015-04-27', '10:15:38', NULL),
(939, 5, '2015-04-27', '10:45:48', NULL),
(940, 5, '2015-04-27', '10:49:07', NULL),
(941, 5, '2015-04-27', '11:01:38', NULL),
(942, 5, '2015-04-27', '11:03:28', NULL),
(943, 5, '2015-04-27', '11:25:28', NULL),
(944, 5, '2015-04-27', '13:08:35', NULL),
(945, 5, '2015-04-27', '13:32:43', NULL),
(946, 5, '2015-04-27', '13:39:17', NULL),
(947, 5, '2015-04-27', '13:44:03', NULL),
(948, 5, '2015-04-27', '15:07:59', NULL),
(949, 5, '2015-04-27', '15:58:49', NULL),
(950, 5, '2015-04-27', '16:00:09', NULL),
(951, 5, '2015-04-27', '16:03:33', NULL),
(952, 5, '2015-04-27', '16:05:24', NULL),
(953, 5, '2015-04-27', '16:07:06', NULL),
(954, 5, '2015-04-27', '16:15:27', NULL),
(955, 5, '2015-04-27', '16:21:53', NULL),
(956, 5, '2015-04-27', '16:22:42', NULL),
(957, 5, '2015-04-27', '16:24:51', NULL),
(958, 5, '2015-04-27', '16:29:15', NULL),
(959, 5, '2015-04-27', '16:38:15', NULL),
(960, 5, '2015-04-27', '16:39:04', NULL),
(961, 5, '2015-04-27', '16:41:16', NULL),
(962, 5, '2015-04-27', '16:43:21', NULL),
(963, 5, '2015-04-27', '16:45:32', NULL),
(964, 5, '2015-04-27', '16:56:52', NULL),
(965, 5, '2015-04-28', '08:01:14', NULL),
(966, 5, '2015-04-28', '08:53:17', NULL),
(967, 5, '2015-04-28', '09:13:50', NULL),
(968, 5, '2015-04-28', '09:14:42', NULL),
(969, 5, '2015-04-28', '09:24:33', NULL),
(970, 5, '2015-04-28', '09:30:00', NULL),
(971, 5, '2015-04-28', '09:32:56', NULL),
(972, 5, '2015-04-28', '09:34:42', NULL),
(973, 5, '2015-04-28', '10:10:30', NULL),
(974, 5, '2015-04-28', '10:11:14', NULL),
(975, 5, '2015-04-28', '10:14:31', NULL),
(976, 5, '2015-04-28', '10:23:18', NULL),
(977, 5, '2015-04-28', '10:25:03', NULL),
(978, 5, '2015-04-28', '10:27:09', NULL),
(979, 5, '2015-04-28', '10:28:42', NULL),
(980, 5, '2015-04-28', '10:32:21', NULL),
(981, 5, '2015-04-28', '10:34:55', NULL),
(982, 5, '2015-04-28', '10:39:13', NULL),
(983, 5, '2015-04-28', '10:45:17', NULL),
(984, 5, '2015-04-28', '10:49:45', NULL),
(985, 5, '2015-04-28', '10:59:19', NULL),
(986, 5, '2015-04-28', '11:16:58', NULL),
(987, 5, '2015-04-28', '11:24:31', NULL),
(988, 5, '2015-04-28', '11:58:12', NULL),
(989, 5, '2015-04-28', '12:09:02', NULL),
(990, 5, '2015-04-28', '12:13:47', NULL),
(991, 5, '2015-04-28', '12:22:55', NULL),
(992, 5, '2015-04-28', '13:20:14', NULL),
(993, 5, '2015-04-28', '13:22:57', NULL),
(994, 5, '2015-04-28', '13:45:28', NULL),
(995, 5, '2015-04-28', '14:16:33', NULL),
(996, 5, '2015-04-28', '14:24:58', NULL),
(997, 5, '2015-04-28', '14:27:07', NULL),
(998, 5, '2015-04-28', '14:53:50', NULL),
(999, 5, '2015-04-28', '15:34:52', NULL),
(1000, 5, '2015-04-28', '15:39:39', NULL),
(1001, 5, '2015-04-28', '16:02:02', NULL),
(1002, 5, '2015-04-28', '16:07:40', NULL),
(1003, 5, '2015-04-28', '16:09:51', NULL),
(1004, 5, '2015-04-28', '16:12:52', NULL),
(1005, 5, '2015-04-28', '16:15:50', NULL),
(1006, 5, '2015-04-28', '16:17:58', NULL),
(1007, 5, '2015-04-28', '16:20:09', NULL),
(1008, 5, '2015-04-28', '16:21:17', NULL),
(1009, 5, '2015-04-28', '16:23:15', NULL),
(1010, 5, '2015-04-28', '16:35:16', NULL),
(1011, 5, '2015-04-28', '16:38:18', NULL),
(1012, 5, '2015-04-28', '16:42:22', NULL),
(1013, 5, '2015-04-28', '16:43:35', NULL),
(1014, 5, '2015-04-28', '16:45:31', NULL),
(1015, 5, '2015-04-29', '08:10:17', NULL),
(1016, 5, '2015-04-29', '08:17:54', NULL),
(1017, 5, '2015-04-29', '08:57:19', NULL),
(1018, 5, '2015-04-29', '09:01:45', NULL),
(1019, 5, '2015-04-29', '09:05:02', NULL),
(1020, 5, '2015-04-29', '09:06:31', NULL),
(1021, 5, '2015-04-29', '09:07:19', NULL),
(1022, 5, '2015-04-29', '09:08:41', NULL),
(1023, 5, '2015-04-29', '09:10:29', NULL),
(1024, 5, '2015-04-29', '09:26:04', NULL),
(1025, 5, '2015-04-29', '09:45:02', NULL),
(1026, 5, '2015-04-29', '10:01:09', NULL),
(1027, 5, '2015-04-29', '10:35:11', NULL),
(1028, 5, '2015-04-29', '10:40:01', NULL),
(1029, 5, '2015-04-29', '10:54:18', NULL),
(1030, 5, '2015-04-29', '10:59:19', NULL),
(1031, 5, '2015-04-29', '11:04:03', NULL),
(1032, 5, '2015-04-29', '11:20:34', NULL),
(1033, 5, '2015-04-29', '11:38:04', NULL),
(1034, 5, '2015-04-29', '11:41:46', NULL),
(1035, 5, '2015-04-29', '11:44:00', NULL),
(1036, 5, '2015-04-29', '12:40:15', NULL),
(1037, 5, '2015-04-29', '13:29:48', NULL),
(1038, 5, '2015-04-29', '13:32:28', NULL),
(1039, 5, '2015-04-29', '13:35:03', NULL),
(1040, 5, '2015-04-29', '13:38:32', NULL),
(1041, 5, '2015-04-29', '13:41:22', NULL),
(1042, 5, '2015-04-29', '14:01:03', NULL),
(1043, 5, '2015-04-29', '14:43:41', NULL),
(1044, 5, '2015-04-29', '15:19:30', NULL),
(1045, 5, '2015-04-29', '15:37:11', NULL),
(1046, 5, '2015-04-29', '15:43:29', NULL),
(1047, 5, '2015-04-29', '15:47:18', NULL),
(1048, 5, '2015-04-29', '15:49:44', NULL),
(1049, 5, '2015-04-29', '15:52:43', NULL),
(1050, 5, '2015-04-29', '16:20:52', NULL),
(1051, 5, '2015-04-29', '16:29:04', NULL),
(1052, 5, '2015-04-29', '16:29:53', NULL),
(1053, 5, '2015-04-29', '16:32:38', NULL),
(1054, 5, '2015-04-29', '16:58:03', NULL),
(1055, 5, '2015-04-29', '18:13:05', NULL),
(1056, 5, '2015-04-29', '18:20:39', NULL),
(1057, 5, '2015-04-29', '18:25:33', NULL),
(1058, 5, '2015-04-29', '18:28:09', NULL),
(1059, 5, '2015-04-29', '18:48:06', NULL),
(1060, 5, '2015-04-29', '18:50:28', NULL),
(1061, 5, '2015-04-29', '18:54:03', NULL),
(1062, 5, '2015-04-29', '20:42:19', NULL),
(1063, 5, '2015-04-29', '20:47:09', NULL),
(1064, 5, '2015-04-29', '20:51:02', NULL),
(1065, 5, '2015-04-29', '20:59:55', NULL),
(1066, 5, '2015-04-29', '21:07:22', NULL),
(1067, 5, '2015-04-29', '21:11:27', NULL),
(1068, 5, '2015-04-29', '21:20:33', NULL),
(1069, 5, '2015-04-29', '21:29:05', NULL),
(1070, 5, '2015-04-30', '08:09:03', NULL),
(1071, 5, '2015-04-30', '10:29:59', NULL),
(1072, 5, '2015-04-30', '10:35:16', NULL),
(1073, 5, '2015-04-30', '11:07:16', NULL),
(1074, 5, '2015-04-30', '12:01:56', NULL),
(1075, 5, '2015-04-30', '12:17:53', NULL),
(1076, 5, '2015-04-30', '12:20:22', NULL),
(1077, 5, '2015-04-30', '13:21:39', NULL),
(1078, 5, '2015-04-30', '13:27:37', NULL),
(1079, 5, '2015-04-30', '14:06:31', NULL),
(1080, 5, '2015-04-30', '14:08:34', NULL),
(1081, 5, '2015-04-30', '14:17:08', NULL),
(1082, 5, '2015-04-30', '14:44:10', NULL),
(1083, 5, '2015-04-30', '14:46:08', NULL),
(1084, 5, '2015-04-30', '16:03:55', NULL),
(1085, 5, '2015-04-30', '16:09:06', NULL),
(1086, 5, '2015-04-30', '16:16:33', NULL),
(1087, 5, '2015-04-30', '16:21:26', NULL),
(1088, 5, '2015-05-05', '08:15:36', NULL),
(1089, 5, '2015-05-05', '08:43:21', NULL),
(1090, 5, '2015-05-05', '08:45:49', NULL),
(1091, 5, '2015-05-05', '08:46:47', NULL),
(1092, 5, '2015-05-05', '09:03:01', NULL),
(1093, 5, '2015-05-05', '09:07:25', NULL),
(1094, 5, '2015-05-05', '09:12:54', NULL),
(1095, 5, '2015-05-05', '09:13:54', NULL),
(1096, 5, '2015-05-05', '09:16:22', NULL),
(1097, 5, '2015-05-05', '09:18:22', NULL),
(1098, 5, '2015-05-05', '09:19:35', NULL),
(1099, 5, '2015-05-05', '09:49:40', NULL),
(1100, 5, '2015-05-05', '10:12:34', NULL),
(1101, 5, '2015-05-05', '10:19:55', NULL),
(1102, 5, '2015-05-05', '10:31:44', NULL),
(1103, 5, '2015-05-05', '10:33:01', NULL),
(1104, 5, '2015-05-05', '10:52:55', NULL),
(1105, 5, '2015-05-05', '10:56:44', NULL),
(1106, 5, '2015-05-05', '11:50:40', NULL),
(1107, 5, '2015-05-05', '12:08:32', NULL),
(1108, 5, '2015-05-05', '12:12:12', NULL),
(1109, 5, '2015-05-05', '12:41:27', NULL),
(1110, 5, '2015-05-05', '12:43:59', NULL),
(1111, 5, '2015-05-05', '12:44:31', NULL),
(1112, 5, '2015-05-05', '12:46:18', NULL),
(1113, 5, '2015-05-05', '13:00:16', NULL),
(1114, 5, '2015-05-05', '13:05:40', NULL),
(1115, 5, '2015-05-05', '13:10:01', NULL),
(1116, 5, '2015-05-05', '13:43:28', NULL),
(1117, 5, '2015-05-05', '13:45:37', NULL),
(1118, 5, '2015-05-05', '13:49:26', NULL),
(1119, 5, '2015-05-05', '13:58:06', NULL),
(1120, 5, '2015-05-05', '14:00:10', NULL),
(1121, 5, '2015-05-05', '14:21:31', NULL),
(1122, 5, '2015-05-05', '14:43:38', NULL),
(1123, 5, '2015-05-05', '14:45:52', NULL),
(1124, 5, '2015-05-05', '14:54:17', NULL),
(1125, 5, '2015-05-05', '15:03:17', NULL),
(1126, 5, '2015-05-05', '15:06:04', NULL),
(1127, 5, '2015-05-05', '15:06:39', NULL),
(1128, 5, '2015-05-05', '15:12:58', NULL),
(1129, 5, '2015-05-05', '15:17:06', NULL),
(1130, 5, '2015-05-05', '16:33:19', NULL),
(1131, 5, '2015-05-05', '16:57:59', NULL),
(1132, 5, '2015-05-06', '08:37:30', NULL),
(1133, 5, '2015-05-06', '10:29:33', NULL),
(1134, 5, '2015-05-06', '10:56:19', NULL),
(1135, 5, '2015-05-06', '11:41:03', NULL),
(1136, 5, '2015-05-06', '12:45:04', NULL),
(1137, 5, '2015-05-06', '13:17:15', NULL),
(1138, 5, '2015-05-06', '13:18:08', NULL),
(1139, 5, '2015-05-06', '13:18:49', NULL),
(1140, 5, '2015-05-06', '14:29:01', NULL),
(1141, 5, '2015-05-06', '14:48:16', NULL),
(1142, 5, '2015-05-06', '16:24:32', NULL),
(1143, 5, '2015-05-06', '16:55:58', NULL),
(1144, 5, '2015-05-07', '08:19:27', NULL),
(1145, 5, '2015-05-07', '08:44:31', NULL),
(1146, 5, '2015-05-07', '09:46:05', NULL),
(1147, 5, '2015-05-07', '10:35:54', NULL),
(1148, 5, '2015-05-07', '10:40:43', NULL),
(1149, 5, '2015-05-07', '12:15:15', NULL),
(1150, 5, '2015-05-07', '12:16:20', NULL),
(1151, 5, '2015-05-07', '12:42:16', NULL),
(1152, 5, '2015-05-07', '12:46:54', NULL),
(1153, 5, '2015-05-07', '12:48:04', NULL),
(1154, 5, '2015-05-07', '12:52:41', NULL),
(1155, 5, '2015-05-07', '14:30:31', NULL),
(1156, 5, '2015-05-07', '17:38:25', NULL),
(1157, 5, '2015-05-07', '18:31:33', NULL),
(1158, 5, '2015-05-07', '18:33:54', NULL),
(1159, 5, '2015-05-08', '07:36:26', NULL),
(1160, 5, '2015-05-08', '07:47:12', NULL),
(1161, 5, '2015-05-08', '08:13:37', NULL),
(1162, 5, '2015-05-08', '08:15:48', NULL),
(1163, 5, '2015-05-08', '08:16:32', NULL),
(1164, 5, '2015-05-08', '08:53:55', NULL),
(1165, 5, '2015-05-08', '08:54:40', NULL),
(1166, 5, '2015-05-08', '08:57:28', NULL),
(1167, 5, '2015-05-08', '09:14:48', NULL),
(1168, 5, '2015-05-08', '09:21:00', NULL),
(1169, 5, '2015-05-08', '09:28:23', NULL),
(1170, 5, '2015-05-08', '09:29:40', NULL),
(1171, 5, '2015-05-08', '09:56:26', NULL),
(1172, 5, '2015-05-08', '09:58:47', NULL),
(1173, 5, '2015-05-08', '09:59:59', NULL),
(1174, 5, '2015-05-08', '10:01:09', NULL),
(1175, 5, '2015-05-08', '10:11:50', NULL),
(1176, 5, '2015-05-08', '10:16:53', NULL),
(1177, 5, '2015-05-08', '10:42:17', NULL),
(1178, 5, '2015-05-08', '11:11:15', NULL),
(1179, 5, '2015-05-08', '11:13:51', NULL),
(1180, 5, '2015-05-08', '11:17:26', NULL),
(1181, 5, '2015-05-08', '11:24:27', NULL),
(1182, 5, '2015-05-08', '11:28:36', NULL),
(1183, 5, '2015-05-08', '12:24:36', NULL),
(1184, 5, '2015-05-08', '13:24:26', NULL),
(1185, 5, '2015-05-08', '13:58:47', NULL),
(1186, 5, '2015-05-08', '14:05:14', NULL),
(1187, 5, '2015-05-08', '14:06:41', NULL),
(1188, 5, '2015-05-08', '14:07:58', NULL),
(1189, 5, '2015-05-08', '14:09:55', NULL),
(1190, 5, '2015-05-08', '16:08:09', NULL),
(1191, 5, '2015-05-08', '16:11:26', NULL),
(1192, 5, '2015-05-08', '18:44:31', NULL),
(1193, 5, '2015-05-09', '08:20:38', NULL),
(1194, 5, '2015-05-09', '16:14:50', NULL),
(1195, 5, '2015-05-09', '16:15:05', NULL),
(1196, 5, '2015-05-11', '09:07:01', NULL),
(1197, 5, '2015-05-11', '09:09:41', NULL),
(1198, 5, '2015-05-11', '11:44:21', NULL),
(1199, 5, '2015-05-11', '11:46:57', NULL),
(1200, 5, '2015-05-11', '12:00:03', NULL),
(1201, 5, '2015-05-11', '14:05:36', NULL),
(1202, 5, '2015-05-11', '14:09:35', NULL),
(1203, 5, '2015-05-11', '14:13:14', NULL),
(1204, 5, '2015-05-11', '14:16:47', NULL),
(1205, 5, '2015-05-11', '14:23:42', NULL),
(1206, 5, '2015-05-11', '14:30:18', NULL),
(1207, 5, '2015-05-11', '14:47:57', NULL),
(1208, 5, '2015-05-11', '15:01:00', NULL),
(1209, 5, '2015-05-11', '15:04:24', NULL),
(1210, 5, '2015-05-11', '15:05:35', NULL),
(1211, 5, '2015-05-11', '15:06:56', NULL),
(1212, 5, '2015-05-11', '15:16:15', NULL),
(1213, 5, '2015-05-11', '15:25:07', NULL),
(1214, 5, '2015-05-11', '15:36:02', NULL),
(1215, 5, '2015-05-11', '15:37:24', NULL),
(1216, 5, '2015-05-11', '15:39:34', NULL),
(1217, 5, '2015-05-11', '15:58:16', NULL),
(1218, 5, '2015-05-11', '16:01:06', NULL),
(1219, 5, '2015-05-11', '16:10:09', NULL),
(1220, 5, '2015-05-11', '16:19:44', NULL),
(1221, 5, '2015-05-11', '16:46:31', NULL),
(1222, 5, '2015-05-12', '08:13:15', NULL),
(1223, 5, '2015-05-12', '08:14:18', NULL),
(1224, 5, '2015-05-12', '08:35:59', NULL),
(1225, 5, '2015-05-12', '08:49:57', NULL),
(1226, 5, '2015-05-12', '08:52:59', NULL),
(1227, 5, '2015-05-12', '08:55:48', NULL),
(1228, 5, '2015-05-12', '08:59:30', NULL),
(1229, 5, '2015-05-12', '09:19:30', NULL),
(1230, 5, '2015-05-12', '09:21:16', NULL),
(1231, 5, '2015-05-12', '09:23:11', NULL),
(1232, 5, '2015-05-12', '09:36:43', NULL),
(1233, 5, '2015-05-12', '09:39:56', NULL),
(1234, 5, '2015-05-12', '09:47:01', NULL),
(1235, 5, '2015-05-12', '09:51:31', NULL),
(1236, 5, '2015-05-12', '09:54:29', NULL),
(1237, 5, '2015-05-12', '09:59:00', NULL),
(1238, 5, '2015-05-12', '10:00:27', NULL),
(1239, 5, '2015-05-12', '10:01:23', NULL),
(1240, 5, '2015-05-12', '10:05:42', NULL),
(1241, 5, '2015-05-12', '10:35:55', NULL),
(1242, 5, '2015-05-12', '10:46:42', NULL),
(1243, 5, '2015-05-12', '11:03:59', NULL),
(1244, 5, '2015-05-12', '12:09:47', NULL);
INSERT INTO `loginhistroy` (`id`, `lid`, `date`, `time`, `logouttime`) VALUES
(1245, 5, '2015-05-12', '12:12:00', NULL),
(1246, 5, '2015-05-12', '12:18:25', NULL),
(1247, 5, '2015-05-12', '12:53:49', NULL),
(1248, 5, '2015-05-12', '12:58:35', NULL),
(1249, 5, '2015-05-12', '13:13:44', NULL),
(1250, 5, '2015-05-12', '13:16:36', NULL),
(1251, 5, '2015-05-12', '13:22:42', NULL),
(1252, 5, '2015-05-12', '13:25:47', NULL),
(1253, 5, '2015-05-12', '13:28:31', NULL),
(1254, 5, '2015-05-12', '13:33:04', NULL),
(1255, 5, '2015-05-12', '13:43:27', NULL),
(1256, 5, '2015-05-12', '13:45:53', NULL),
(1257, 5, '2015-05-12', '13:59:32', NULL),
(1258, 5, '2015-05-12', '14:11:58', NULL),
(1259, 5, '2015-05-12', '14:12:25', NULL),
(1260, 5, '2015-05-12', '14:13:19', NULL),
(1261, 5, '2015-05-12', '14:26:25', NULL),
(1262, 5, '2015-05-12', '14:27:27', NULL),
(1263, 5, '2015-05-12', '14:29:06', NULL),
(1264, 5, '2015-05-12', '14:33:04', NULL),
(1265, 5, '2015-05-12', '14:33:29', NULL),
(1266, 5, '2015-05-12', '14:38:45', NULL),
(1267, 5, '2015-05-12', '14:54:59', NULL),
(1268, 5, '2015-05-12', '15:00:37', NULL),
(1269, 5, '2015-05-12', '15:01:33', NULL),
(1270, 5, '2015-05-12', '15:04:07', NULL),
(1271, 5, '2015-05-12', '15:16:13', NULL),
(1272, 5, '2015-05-12', '15:19:05', NULL),
(1273, 5, '2015-05-12', '15:21:26', NULL),
(1274, 5, '2015-05-12', '15:23:51', NULL),
(1275, 5, '2015-05-12', '15:31:05', NULL),
(1276, 5, '2015-05-12', '15:50:32', NULL),
(1277, 5, '2015-05-12', '15:53:09', NULL),
(1278, 5, '2015-05-12', '15:55:26', NULL),
(1279, 5, '2015-05-12', '16:04:40', NULL),
(1280, 5, '2015-05-12', '16:06:18', NULL),
(1281, 5, '2015-05-12', '16:16:38', NULL),
(1282, 5, '2015-05-12', '16:19:52', NULL),
(1283, 5, '2015-05-12', '16:24:16', NULL),
(1284, 5, '2015-05-12', '16:26:20', NULL),
(1285, 5, '2015-05-13', '08:15:42', NULL),
(1286, 5, '2015-05-13', '08:57:32', NULL),
(1287, 5, '2015-05-13', '09:27:13', NULL),
(1288, 5, '2015-05-13', '09:52:51', NULL),
(1289, 5, '2015-05-13', '10:37:44', NULL),
(1290, 5, '2015-05-13', '10:54:18', NULL),
(1291, 5, '2015-05-13', '11:07:13', NULL),
(1292, 5, '2015-05-13', '13:39:09', NULL),
(1293, 5, '2015-05-13', '15:45:59', NULL),
(1294, 5, '2015-05-14', '08:23:12', NULL),
(1295, 5, '2015-05-14', '08:54:57', NULL),
(1296, 5, '2015-05-14', '08:59:17', NULL),
(1297, 5, '2015-05-14', '09:24:27', NULL),
(1298, 5, '2015-05-14', '09:32:41', NULL),
(1299, 5, '2015-05-14', '10:02:34', NULL),
(1300, 5, '2015-05-14', '10:07:32', NULL),
(1301, 5, '2015-05-14', '10:10:35', NULL),
(1302, 5, '2015-05-14', '10:13:13', NULL),
(1303, 5, '2015-05-14', '10:32:59', NULL),
(1304, 5, '2015-05-14', '10:39:47', NULL),
(1305, 5, '2015-05-14', '10:40:57', NULL),
(1306, 5, '2015-05-14', '10:42:11', NULL),
(1307, 5, '2015-05-14', '10:47:26', NULL),
(1308, 5, '2015-05-14', '11:06:40', NULL),
(1309, 5, '2015-05-14', '11:40:56', NULL),
(1310, 5, '2015-05-14', '13:16:24', NULL),
(1311, 5, '2015-05-14', '13:21:08', NULL),
(1312, 5, '2015-05-14', '13:25:49', NULL),
(1313, 5, '2015-05-14', '13:29:37', NULL),
(1314, 5, '2015-05-14', '13:32:25', NULL),
(1315, 5, '2015-05-14', '13:35:01', NULL),
(1316, 5, '2015-05-14', '13:35:56', NULL),
(1317, 5, '2015-05-14', '13:39:08', NULL),
(1318, 5, '2015-05-14', '13:41:15', NULL),
(1319, 5, '2015-05-14', '13:43:15', NULL),
(1320, 5, '2015-05-14', '13:59:24', NULL),
(1321, 5, '2015-05-14', '14:03:02', NULL),
(1322, 5, '2015-05-14', '14:04:45', NULL),
(1323, 5, '2015-05-14', '14:14:23', NULL),
(1324, 5, '2015-05-14', '14:16:31', NULL),
(1325, 5, '2015-05-14', '14:35:22', NULL),
(1326, 5, '2015-05-14', '14:43:53', NULL),
(1327, 5, '2015-05-14', '14:47:07', NULL),
(1328, 5, '2015-05-14', '14:53:11', NULL),
(1329, 5, '2015-05-14', '15:00:13', NULL),
(1330, 5, '2015-05-14', '15:17:03', NULL),
(1331, 5, '2015-05-14', '15:47:33', NULL),
(1332, 5, '2015-05-14', '16:03:35', NULL),
(1333, 5, '2015-05-14', '16:05:38', NULL),
(1334, 5, '2015-05-14', '16:12:17', NULL),
(1335, 5, '2015-05-14', '16:22:25', NULL),
(1336, 5, '2015-05-14', '16:23:58', NULL),
(1337, 5, '2015-05-14', '16:24:53', NULL),
(1338, 5, '2015-05-14', '16:29:29', NULL),
(1339, 5, '2015-05-14', '16:31:52', NULL),
(1340, 5, '2015-05-14', '16:33:55', NULL),
(1341, 5, '2015-05-14', '16:47:28', NULL),
(1342, 5, '2015-05-14', '16:53:24', NULL),
(1343, 5, '2015-05-15', '08:21:26', NULL),
(1344, 5, '2015-05-15', '08:24:19', NULL),
(1345, 5, '2015-05-15', '08:30:25', NULL),
(1346, 5, '2015-05-15', '08:38:09', NULL),
(1347, 5, '2015-05-15', '08:39:24', NULL),
(1348, 5, '2015-05-15', '08:43:06', NULL),
(1349, 5, '2015-05-15', '08:52:15', NULL),
(1350, 5, '2015-05-15', '08:53:08', NULL),
(1351, 5, '2015-05-15', '08:56:03', NULL),
(1352, 5, '2015-05-15', '09:00:47', NULL),
(1353, 5, '2015-05-15', '09:05:33', NULL),
(1354, 5, '2015-05-15', '09:09:36', NULL),
(1355, 5, '2015-05-15', '09:26:23', NULL),
(1356, 5, '2015-05-15', '09:37:05', NULL),
(1357, 5, '2015-05-15', '09:40:46', NULL),
(1358, 5, '2015-05-15', '09:43:35', NULL),
(1359, 5, '2015-05-15', '09:50:25', NULL),
(1360, 5, '2015-05-15', '09:51:41', NULL),
(1361, 5, '2015-05-15', '09:55:56', NULL),
(1362, 5, '2015-05-15', '10:16:11', NULL),
(1363, 5, '2015-05-15', '10:18:23', NULL),
(1364, 5, '2015-05-15', '10:23:10', NULL),
(1365, 5, '2015-05-15', '10:28:40', NULL),
(1366, 5, '2015-05-15', '10:31:55', NULL),
(1367, 5, '2015-05-15', '10:53:36', NULL),
(1368, 5, '2015-05-15', '13:09:55', NULL),
(1369, 5, '2015-05-16', '08:36:43', NULL),
(1370, 5, '2015-05-16', '08:42:36', NULL),
(1371, 5, '2015-05-16', '08:44:04', NULL),
(1372, 5, '2015-05-16', '08:45:16', NULL),
(1373, 5, '2015-05-16', '08:46:18', NULL),
(1374, 5, '2015-05-16', '09:02:12', NULL),
(1375, 5, '2015-05-16', '09:07:08', NULL),
(1376, 5, '2015-05-16', '09:15:25', NULL),
(1377, 5, '2015-05-16', '09:18:30', NULL),
(1378, 5, '2015-05-16', '10:01:59', NULL),
(1379, 5, '2015-05-16', '10:02:26', NULL),
(1380, 5, '2015-05-16', '10:05:08', NULL),
(1381, 5, '2015-05-16', '10:08:12', NULL),
(1382, 5, '2015-05-16', '10:10:06', NULL),
(1383, 5, '2015-05-16', '10:16:08', NULL),
(1384, 5, '2015-05-16', '10:16:48', NULL),
(1385, 5, '2015-05-16', '10:21:44', NULL),
(1386, 5, '2015-05-16', '11:39:48', NULL),
(1387, 5, '2015-05-16', '11:50:40', NULL),
(1388, 5, '2015-05-16', '11:53:29', NULL),
(1389, 5, '2015-05-16', '11:56:05', NULL),
(1390, 5, '2015-05-16', '11:58:07', NULL),
(1391, 5, '2015-05-16', '11:59:05', NULL),
(1392, 5, '2015-05-16', '12:01:49', NULL),
(1393, 5, '2015-05-16', '12:32:36', NULL),
(1394, 5, '2015-05-16', '12:43:18', NULL),
(1395, 5, '2015-05-18', '08:23:53', NULL),
(1396, 5, '2015-05-18', '09:39:37', NULL),
(1397, 5, '2015-05-18', '10:35:30', NULL),
(1398, 5, '2015-05-18', '14:29:21', NULL),
(1399, 5, '2015-05-19', '08:18:30', NULL),
(1400, 5, '2015-05-19', '09:34:31', NULL),
(1401, 5, '2015-05-19', '09:47:04', NULL),
(1402, 5, '2015-05-19', '09:54:57', NULL),
(1403, 5, '2015-05-19', '11:05:59', NULL),
(1404, 5, '2015-05-19', '12:15:31', NULL),
(1405, 5, '2015-05-19', '12:24:10', NULL),
(1406, 5, '2015-05-19', '13:35:01', NULL),
(1407, 5, '2015-05-19', '13:42:41', NULL),
(1408, 5, '2015-05-19', '13:47:46', NULL),
(1409, 5, '2015-05-19', '13:54:52', NULL),
(1410, 5, '2015-05-19', '14:04:40', NULL),
(1411, 5, '2015-05-19', '14:07:41', NULL),
(1412, 5, '2015-05-19', '14:09:46', NULL),
(1413, 5, '2015-05-19', '14:12:02', NULL),
(1414, 5, '2015-05-19', '14:15:46', NULL),
(1415, 5, '2015-05-19', '14:25:38', NULL),
(1416, 5, '2015-05-19', '14:34:01', NULL),
(1417, 5, '2015-05-19', '14:42:47', NULL),
(1418, 5, '2015-05-19', '14:49:16', NULL),
(1419, 5, '2015-05-19', '15:01:03', NULL),
(1420, 5, '2015-05-19', '15:20:18', NULL),
(1421, 5, '2015-05-19', '15:54:58', NULL),
(1422, 5, '2015-05-20', '08:15:35', NULL),
(1423, 5, '2015-05-20', '11:43:49', NULL),
(1424, 5, '2015-05-20', '11:58:51', NULL),
(1425, 5, '2015-05-20', '12:11:38', NULL),
(1426, 5, '2015-05-20', '16:17:55', NULL),
(1427, 5, '2015-05-20', '16:21:17', NULL),
(1428, 5, '2015-05-21', '08:30:44', NULL),
(1429, 5, '2015-05-21', '10:05:16', NULL),
(1430, 5, '2015-05-21', '10:06:22', NULL),
(1431, 5, '2015-05-21', '10:07:23', NULL),
(1432, 5, '2015-05-21', '15:01:25', NULL),
(1433, 5, '2015-05-21', '15:04:04', NULL),
(1434, 5, '2015-05-21', '15:12:49', NULL),
(1435, 5, '2015-05-21', '15:29:20', NULL),
(1436, 5, '2015-05-21', '16:08:36', NULL),
(1437, 5, '2015-05-21', '16:10:38', NULL),
(1438, 5, '2015-05-21', '16:15:31', NULL),
(1439, 5, '2015-05-22', '08:34:46', NULL),
(1440, 5, '2015-05-22', '08:49:55', NULL),
(1441, 5, '2015-05-22', '08:55:53', NULL),
(1442, 5, '2015-05-22', '09:13:24', NULL),
(1443, 5, '2015-05-22', '09:17:57', NULL),
(1444, 5, '2015-05-22', '09:31:24', NULL),
(1445, 5, '2015-05-22', '09:51:24', NULL),
(1446, 5, '2015-05-22', '10:05:09', NULL),
(1447, 5, '2015-05-22', '10:09:42', NULL),
(1448, 5, '2015-05-22', '10:12:58', NULL),
(1449, 5, '2015-05-22', '10:16:26', NULL),
(1450, 5, '2015-05-22', '10:24:49', NULL),
(1451, 5, '2015-05-22', '10:31:08', NULL),
(1452, 5, '2015-05-22', '10:38:04', NULL),
(1453, 5, '2015-05-22', '10:51:11', NULL),
(1454, 5, '2015-05-22', '11:47:54', NULL),
(1455, 5, '2015-05-22', '11:52:46', NULL),
(1456, 5, '2015-05-22', '11:56:56', NULL),
(1457, 5, '2015-05-22', '11:59:18', NULL),
(1458, 5, '2015-05-22', '12:04:22', NULL),
(1459, 5, '2015-05-22', '13:21:32', NULL),
(1460, 5, '2015-05-22', '15:12:14', NULL),
(1461, 5, '2015-05-22', '15:21:41', NULL),
(1462, 5, '2015-05-22', '16:00:03', NULL),
(1463, 5, '2015-05-22', '16:08:41', NULL),
(1464, 5, '2015-05-22', '16:15:32', NULL),
(1465, 5, '2015-05-22', '16:17:44', NULL),
(1466, 5, '2015-05-22', '16:45:23', NULL),
(1467, 5, '2015-05-22', '20:36:00', NULL),
(1468, 5, '2015-05-22', '20:42:23', NULL),
(1469, 5, '2015-05-22', '20:57:41', NULL),
(1470, 5, '2015-05-22', '21:18:13', NULL),
(1471, 5, '2015-05-22', '21:25:08', NULL),
(1472, 5, '2015-05-22', '21:34:50', NULL),
(1473, 5, '2015-05-23', '08:35:27', NULL),
(1474, 5, '2015-05-23', '08:45:08', NULL),
(1475, 5, '2015-05-23', '08:48:28', NULL),
(1476, 5, '2015-05-23', '08:55:52', NULL),
(1477, 5, '2015-05-23', '09:01:48', NULL),
(1478, 5, '2015-05-23', '10:26:24', NULL),
(1479, 5, '2015-05-23', '10:27:27', NULL),
(1480, 5, '2015-05-23', '10:36:08', NULL),
(1481, 5, '2015-05-23', '10:42:35', NULL),
(1482, 5, '2015-05-23', '10:45:34', NULL),
(1483, 5, '2015-05-23', '10:47:33', NULL),
(1484, 5, '2015-05-23', '10:53:16', NULL),
(1485, 5, '2015-05-23', '11:06:10', NULL),
(1486, 5, '2015-05-23', '11:16:19', NULL),
(1487, 5, '2015-05-23', '11:18:19', NULL),
(1488, 5, '2015-05-23', '11:32:12', NULL),
(1489, 5, '2015-05-23', '11:33:56', NULL),
(1490, 5, '2015-05-23', '11:40:41', NULL),
(1491, 5, '2015-05-23', '11:46:06', NULL),
(1492, 5, '2015-05-23', '13:18:01', NULL),
(1493, 5, '2015-05-24', '10:10:08', NULL),
(1494, 5, '2015-05-24', '10:12:01', NULL),
(1495, 5, '2015-05-24', '10:13:27', NULL),
(1496, 5, '2015-05-24', '10:14:43', NULL),
(1497, 5, '2015-05-24', '10:28:15', NULL),
(1498, 5, '2015-05-24', '10:48:46', NULL),
(1499, 5, '2015-05-24', '10:59:41', NULL),
(1500, 5, '2015-05-24', '12:21:23', NULL),
(1501, 5, '2015-05-24', '12:28:37', NULL),
(1502, 5, '2015-05-24', '12:37:21', NULL),
(1503, 5, '2015-05-24', '12:43:58', NULL),
(1504, 5, '2015-05-24', '12:45:20', NULL),
(1505, 5, '2015-05-24', '12:46:55', NULL),
(1506, 5, '2015-05-24', '12:51:48', NULL),
(1507, 5, '2015-05-24', '12:54:10', NULL),
(1508, 5, '2015-05-24', '19:20:21', NULL),
(1509, 5, '2015-05-24', '19:24:20', NULL),
(1510, 5, '2015-05-25', '08:53:38', NULL),
(1511, 5, '2015-05-25', '08:54:58', NULL),
(1512, 5, '2015-05-25', '08:55:52', NULL),
(1513, 5, '2015-05-25', '09:38:34', NULL),
(1514, 5, '2015-05-25', '10:04:07', NULL),
(1515, 5, '2015-05-25', '10:05:38', NULL),
(1516, 5, '2015-05-25', '10:10:28', NULL),
(1517, 5, '2015-05-25', '10:50:51', NULL),
(1518, 5, '2015-05-25', '10:58:35', NULL),
(1519, 5, '2015-05-25', '11:06:14', NULL),
(1520, 5, '2015-05-25', '11:08:54', NULL),
(1521, 5, '2015-05-25', '11:10:55', NULL),
(1522, 5, '2015-05-25', '11:24:39', NULL),
(1523, 5, '2015-05-25', '11:35:43', NULL),
(1524, 5, '2015-05-25', '11:36:55', NULL),
(1525, 5, '2015-05-25', '11:39:11', NULL),
(1526, 5, '2015-05-25', '11:40:56', NULL),
(1527, 5, '2015-05-25', '11:42:11', NULL),
(1528, 5, '2015-05-25', '11:45:22', NULL),
(1529, 5, '2015-05-25', '11:49:24', NULL),
(1530, 5, '2015-05-25', '11:53:11', NULL),
(1531, 5, '2015-05-25', '11:54:37', NULL),
(1532, 5, '2015-05-25', '11:59:47', NULL),
(1533, 5, '2015-05-25', '12:30:28', NULL),
(1534, 5, '2015-05-25', '12:32:16', NULL),
(1535, 5, '2015-05-25', '12:38:22', NULL),
(1536, 5, '2015-05-25', '12:42:10', NULL),
(1537, 5, '2015-05-25', '13:08:04', NULL),
(1538, 5, '2015-05-25', '13:37:14', NULL),
(1539, 5, '2015-05-25', '13:42:58', NULL),
(1540, 5, '2015-05-25', '14:20:04', NULL),
(1541, 5, '2015-05-25', '14:20:43', NULL),
(1542, 5, '2015-05-25', '14:22:54', NULL),
(1543, 5, '2015-05-25', '14:25:56', NULL),
(1544, 5, '2015-05-25', '14:27:02', NULL),
(1545, 5, '2015-05-25', '16:28:58', NULL),
(1546, 5, '2015-05-25', '16:48:23', NULL),
(1547, 5, '2015-05-25', '17:03:31', NULL),
(1548, 5, '2015-05-26', '09:54:26', NULL),
(1549, 5, '2015-05-26', '11:09:05', NULL),
(1550, 5, '2015-05-26', '11:10:17', NULL),
(1551, 5, '2015-05-26', '11:14:45', NULL),
(1552, 5, '2015-05-26', '11:21:01', NULL),
(1553, 5, '2015-05-26', '13:23:38', NULL),
(1554, 5, '2015-05-26', '13:24:55', NULL),
(1555, 5, '2015-05-26', '13:27:21', NULL),
(1556, 5, '2015-05-26', '14:15:57', NULL),
(1557, 5, '2015-05-26', '14:46:57', NULL),
(1558, 5, '2015-05-26', '14:49:53', NULL),
(1559, 5, '2015-05-26', '14:52:54', NULL),
(1560, 5, '2015-05-26', '14:54:21', NULL),
(1561, 5, '2015-05-26', '16:53:09', NULL),
(1562, 5, '2015-05-27', '08:16:25', NULL),
(1563, 5, '2015-05-27', '09:03:42', NULL),
(1564, 5, '2015-05-27', '10:31:26', NULL),
(1565, 5, '2015-05-27', '10:42:05', NULL),
(1566, 5, '2015-05-27', '11:53:07', NULL),
(1567, 5, '2015-05-27', '11:54:57', NULL),
(1568, 5, '2015-05-27', '11:59:24', NULL),
(1569, 5, '2015-05-27', '12:14:47', NULL),
(1570, 5, '2015-05-27', '12:18:48', NULL),
(1571, 5, '2015-05-27', '12:23:52', NULL),
(1572, 5, '2015-05-27', '12:27:04', NULL),
(1573, 5, '2015-05-27', '12:29:00', NULL),
(1574, 5, '2015-05-27', '13:07:11', NULL),
(1575, 5, '2015-05-27', '13:09:45', NULL),
(1576, 5, '2015-05-27', '13:17:27', NULL),
(1577, 5, '2015-05-27', '13:24:06', NULL),
(1578, 5, '2015-05-27', '13:44:30', NULL),
(1579, 5, '2015-05-27', '14:09:31', NULL),
(1580, 5, '2015-05-27', '14:20:17', NULL),
(1581, 5, '2015-05-27', '14:39:46', NULL),
(1582, 5, '2015-05-27', '14:40:44', NULL),
(1583, 5, '2015-05-27', '15:05:19', NULL),
(1584, 5, '2015-05-27', '15:08:27', NULL),
(1585, 5, '2015-05-27', '15:10:53', NULL),
(1586, 5, '2015-05-27', '15:14:58', NULL),
(1587, 5, '2015-05-27', '15:25:02', NULL),
(1588, 5, '2015-05-27', '15:35:17', NULL),
(1589, 5, '2015-05-27', '16:06:24', NULL),
(1590, 5, '2015-05-28', '08:31:15', NULL),
(1591, 5, '2015-05-28', '08:43:04', NULL),
(1592, 5, '2015-05-28', '08:58:52', NULL),
(1593, 5, '2015-05-28', '09:27:46', NULL),
(1594, 5, '2015-05-28', '09:35:45', NULL),
(1595, 5, '2015-05-28', '09:39:03', NULL),
(1596, 5, '2015-05-28', '09:42:32', NULL),
(1597, 5, '2015-05-28', '09:45:59', NULL),
(1598, 5, '2015-05-28', '09:47:25', NULL),
(1599, 5, '2015-05-28', '10:01:32', NULL),
(1600, 5, '2015-05-28', '10:03:25', NULL),
(1601, 5, '2015-05-28', '10:07:08', NULL),
(1602, 5, '2015-05-28', '10:12:00', NULL),
(1603, 5, '2015-05-28', '10:30:39', NULL),
(1604, 5, '2015-05-28', '10:32:46', NULL),
(1605, 5, '2015-05-28', '10:38:32', NULL),
(1606, 5, '2015-05-28', '10:40:34', NULL),
(1607, 5, '2015-05-28', '10:43:55', NULL),
(1608, 5, '2015-05-28', '10:54:20', NULL),
(1609, 5, '2015-05-28', '10:58:30', NULL),
(1610, 5, '2015-05-28', '11:10:16', NULL),
(1611, 5, '2015-05-28', '11:12:15', NULL),
(1612, 5, '2015-05-28', '11:18:22', NULL),
(1613, 5, '2015-05-28', '11:25:08', NULL),
(1614, 5, '2015-05-28', '11:27:15', NULL),
(1615, 5, '2015-05-28', '11:30:53', NULL),
(1616, 5, '2015-05-28', '11:33:15', NULL),
(1617, 5, '2015-05-28', '11:35:03', NULL),
(1618, 5, '2015-05-28', '11:36:27', NULL),
(1619, 5, '2015-05-28', '11:38:56', NULL),
(1620, 5, '2015-05-28', '11:40:41', NULL),
(1621, 5, '2015-05-28', '11:42:21', NULL),
(1622, 5, '2015-05-28', '11:44:02', NULL),
(1623, 5, '2015-05-28', '11:47:13', NULL),
(1624, 5, '2015-05-28', '11:48:55', NULL),
(1625, 5, '2015-05-28', '11:51:09', NULL),
(1626, 5, '2015-05-28', '12:13:09', NULL),
(1627, 5, '2015-05-28', '12:23:37', NULL),
(1628, 5, '2015-05-28', '13:14:45', NULL),
(1629, 5, '2015-05-28', '13:39:04', NULL),
(1630, 5, '2015-05-28', '13:41:40', NULL),
(1631, 5, '2015-05-28', '13:43:40', NULL),
(1632, 5, '2015-05-28', '13:46:19', NULL),
(1633, 5, '2015-05-28', '13:55:45', NULL),
(1634, 5, '2015-05-28', '14:00:45', NULL),
(1635, 5, '2015-05-28', '14:03:26', NULL),
(1636, 5, '2015-05-28', '14:14:31', NULL),
(1637, 5, '2015-05-28', '14:46:34', NULL),
(1638, 5, '2015-05-28', '14:48:28', NULL),
(1639, 5, '2015-05-28', '14:51:07', NULL),
(1640, 5, '2015-05-28', '15:06:07', NULL),
(1641, 5, '2015-05-28', '15:07:40', NULL),
(1642, 5, '2015-05-28', '15:10:33', NULL),
(1643, 5, '2015-05-28', '15:12:31', NULL),
(1644, 5, '2015-05-28', '15:25:05', NULL),
(1645, 5, '2015-05-28', '15:26:34', NULL),
(1646, 5, '2015-05-28', '15:28:47', NULL),
(1647, 5, '2015-05-28', '15:32:42', NULL),
(1648, 5, '2015-05-28', '15:47:05', NULL),
(1649, 5, '2015-05-28', '15:55:23', NULL),
(1650, 5, '2015-05-28', '15:57:00', NULL),
(1651, 5, '2015-05-28', '15:58:24', NULL),
(1652, 5, '2015-05-28', '16:01:45', NULL),
(1653, 5, '2015-05-28', '16:03:21', NULL),
(1654, 5, '2015-05-28', '16:04:36', NULL),
(1655, 5, '2015-05-28', '16:06:51', NULL),
(1656, 5, '2015-05-28', '16:09:02', NULL),
(1657, 5, '2015-05-28', '16:11:02', NULL),
(1658, 5, '2015-05-28', '16:12:51', NULL),
(1659, 5, '2015-05-28', '16:14:26', NULL),
(1660, 5, '2015-05-28', '16:16:20', NULL),
(1661, 5, '2015-05-28', '16:17:44', NULL),
(1662, 5, '2015-05-28', '16:23:30', NULL),
(1663, 5, '2015-05-28', '16:25:01', NULL),
(1664, 5, '2015-05-28', '16:26:31', NULL),
(1665, 5, '2015-05-28', '16:29:24', NULL),
(1666, 5, '2015-05-28', '16:36:49', NULL),
(1667, 5, '2015-05-28', '16:54:17', NULL),
(1668, 5, '2015-05-28', '16:57:16', NULL),
(1669, 5, '2015-05-29', '08:21:47', NULL),
(1670, 5, '2015-05-29', '08:32:32', NULL),
(1671, 5, '2015-05-29', '08:37:00', NULL),
(1672, 5, '2015-05-29', '08:42:59', NULL),
(1673, 5, '2015-05-29', '08:46:58', NULL),
(1674, 5, '2015-05-29', '08:48:27', NULL),
(1675, 5, '2015-05-29', '08:50:02', NULL),
(1676, 5, '2015-05-29', '08:52:13', NULL),
(1677, 5, '2015-05-29', '08:54:53', NULL),
(1678, 5, '2015-05-29', '08:56:59', NULL),
(1679, 5, '2015-05-29', '08:59:22', NULL),
(1680, 5, '2015-05-29', '09:00:37', NULL),
(1681, 5, '2015-05-29', '09:02:15', NULL),
(1682, 5, '2015-05-29', '09:06:01', NULL),
(1683, 5, '2015-05-29', '09:09:43', NULL),
(1684, 5, '2015-05-29', '09:49:26', NULL),
(1685, 5, '2015-05-29', '09:57:05', NULL),
(1686, 5, '2015-05-29', '10:00:01', NULL),
(1687, 5, '2015-05-29', '10:28:00', NULL),
(1688, 5, '2015-05-29', '10:31:19', NULL),
(1689, 5, '2015-05-29', '10:34:05', NULL),
(1690, 5, '2015-05-29', '10:36:01', NULL),
(1691, 5, '2015-05-29', '10:39:59', NULL),
(1692, 5, '2015-05-29', '10:46:37', NULL),
(1693, 5, '2015-05-29', '10:48:56', NULL),
(1694, 5, '2015-05-29', '10:54:49', NULL),
(1695, 5, '2015-05-29', '12:16:11', NULL),
(1696, 5, '2015-05-29', '12:38:37', NULL),
(1697, 5, '2015-06-03', '08:55:17', NULL),
(1698, 5, '2015-06-03', '09:42:01', NULL),
(1699, 5, '2015-06-03', '10:37:54', NULL),
(1700, 5, '2015-06-03', '10:40:17', NULL),
(1701, 5, '2015-06-03', '10:45:40', NULL),
(1702, 5, '2015-06-03', '11:07:35', NULL),
(1703, 5, '2015-06-03', '11:28:26', NULL),
(1704, 5, '2015-06-03', '14:16:16', NULL),
(1705, 5, '2015-06-03', '14:31:38', NULL),
(1706, 5, '2015-06-04', '08:11:34', NULL),
(1707, 5, '2015-06-04', '09:57:24', NULL),
(1708, 5, '2015-06-04', '14:17:46', NULL),
(1709, 5, '2015-06-04', '14:19:21', NULL),
(1710, 5, '2015-06-04', '14:21:03', NULL),
(1711, 5, '2015-06-04', '14:23:18', NULL),
(1712, 5, '2015-06-04', '15:01:50', NULL),
(1713, 5, '2015-06-04', '15:42:03', NULL),
(1714, 5, '2015-06-05', '08:15:59', NULL),
(1715, 5, '2015-06-05', '11:20:21', NULL),
(1716, 5, '2015-06-05', '16:06:46', NULL),
(1717, 5, '2015-06-06', '10:55:01', NULL),
(1718, 5, '2015-06-06', '11:02:54', NULL),
(1719, 5, '2015-06-06', '11:08:14', NULL),
(1720, 5, '2015-06-06', '11:10:46', NULL),
(1721, 5, '2015-06-06', '11:27:33', NULL),
(1722, 5, '2015-06-06', '11:29:25', NULL),
(1723, 5, '2015-06-06', '12:49:35', NULL),
(1724, 5, '2015-06-08', '09:32:19', NULL),
(1725, 5, '2015-06-11', '13:48:28', NULL),
(1726, 7, '2015-06-11', '14:58:24', NULL),
(1727, 5, '2015-06-11', '15:09:31', NULL),
(1728, 6, '2015-06-11', '15:27:20', NULL),
(1729, 6, '2015-06-11', '15:31:12', NULL),
(1730, 5, '2015-06-11', '15:51:08', NULL),
(1731, 5, '2015-06-11', '16:03:12', NULL),
(1732, 5, '2015-06-12', '08:26:36', NULL),
(1733, 5, '2015-06-16', '09:32:26', NULL),
(1734, 5, '2015-06-16', '11:57:03', NULL),
(1735, 5, '2015-06-16', '12:53:52', NULL),
(1736, 5, '2015-06-17', '08:46:15', NULL),
(1737, 5, '2015-06-17', '10:06:09', NULL),
(1738, 5, '2015-06-17', '11:00:29', NULL),
(1739, 6, '2015-06-17', '11:04:03', NULL),
(1740, 5, '2015-06-17', '11:11:55', NULL),
(1741, 5, '2015-06-17', '11:16:04', NULL),
(1742, 5, '2015-06-17', '11:18:41', NULL),
(1743, 5, '2015-06-17', '11:21:01', NULL),
(1744, 5, '2015-06-17', '11:30:21', NULL),
(1745, 5, '2015-06-17', '11:43:35', NULL),
(1746, 5, '2015-06-19', '13:01:16', NULL),
(1747, 5, '2015-06-19', '13:40:18', NULL),
(1748, 5, '2015-06-19', '15:20:04', NULL),
(1749, 5, '2015-06-19', '15:44:33', NULL),
(1750, 5, '2015-06-19', '16:19:28', NULL),
(1751, 5, '2015-06-19', '16:36:13', NULL),
(1752, 5, '2015-06-19', '16:39:00', NULL),
(1753, 5, '2015-06-19', '16:50:27', NULL),
(1754, 5, '2015-06-20', '09:15:39', NULL),
(1755, 5, '2015-06-20', '10:40:54', NULL),
(1756, 5, '2015-06-20', '10:41:43', NULL),
(1757, 5, '2015-06-20', '11:59:58', NULL),
(1758, 5, '2015-06-20', '12:06:58', NULL),
(1759, 5, '2015-06-20', '12:17:01', NULL),
(1760, 5, '2015-06-20', '12:47:23', NULL),
(1761, 5, '2015-06-20', '13:35:17', NULL),
(1762, 5, '2015-06-22', '08:11:24', NULL),
(1763, 5, '2015-06-23', '08:37:32', NULL),
(1764, 5, '2015-06-23', '10:20:05', NULL),
(1765, 5, '2015-06-23', '10:24:47', NULL),
(1766, 5, '2015-06-23', '10:26:19', NULL),
(1767, 5, '2015-06-23', '10:31:55', NULL),
(1768, 5, '2015-06-23', '10:40:21', NULL),
(1769, 5, '2015-06-23', '10:44:41', NULL),
(1770, 5, '2015-06-23', '10:49:14', NULL),
(1771, 5, '2015-06-23', '10:56:34', NULL),
(1772, 5, '2015-06-23', '11:17:38', NULL),
(1773, 5, '2015-06-23', '11:38:12', NULL),
(1774, 5, '2015-06-23', '11:41:19', NULL),
(1775, 5, '2015-06-23', '11:42:53', NULL),
(1776, 5, '2015-06-23', '11:58:36', NULL),
(1777, 5, '2015-06-23', '12:06:49', NULL),
(1778, 5, '2015-06-23', '13:07:29', NULL),
(1779, 5, '2015-06-23', '13:18:21', NULL),
(1780, 5, '2015-06-23', '13:44:49', NULL),
(1781, 5, '2015-06-23', '13:52:02', NULL),
(1782, 5, '2015-06-23', '14:01:47', NULL),
(1783, 5, '2015-06-23', '14:07:31', NULL),
(1784, 5, '2015-06-23', '14:49:38', NULL),
(1785, 5, '2015-06-23', '15:16:55', NULL),
(1786, 5, '2015-06-23', '15:43:23', NULL),
(1787, 5, '2015-06-23', '15:50:28', NULL),
(1788, 5, '2015-06-23', '15:52:59', NULL),
(1789, 5, '2015-06-23', '15:55:07', NULL),
(1790, 5, '2015-06-23', '15:56:42', NULL),
(1791, 5, '2015-06-23', '16:20:22', NULL),
(1792, 5, '2015-06-24', '08:25:09', NULL),
(1793, 5, '2015-06-24', '08:50:40', NULL),
(1794, 5, '2015-06-24', '09:09:04', NULL),
(1795, 5, '2015-06-24', '09:23:24', NULL),
(1796, 5, '2015-06-24', '09:29:28', NULL),
(1797, 5, '2015-06-24', '09:54:59', NULL),
(1798, 5, '2015-06-24', '10:02:09', NULL),
(1799, 5, '2015-06-24', '10:18:55', NULL),
(1800, 5, '2015-06-24', '10:57:28', NULL),
(1801, 5, '2015-06-24', '11:00:51', NULL),
(1802, 5, '2015-06-24', '12:08:27', NULL),
(1803, 5, '2015-06-24', '13:07:51', NULL),
(1804, 5, '2015-06-24', '13:11:05', NULL),
(1805, 5, '2015-06-24', '13:12:25', NULL),
(1806, 5, '2015-06-24', '13:14:21', NULL),
(1807, 5, '2015-06-24', '13:17:24', NULL),
(1808, 5, '2015-06-24', '13:40:10', NULL),
(1809, 5, '2015-06-24', '13:46:05', NULL),
(1810, 5, '2015-06-24', '13:55:03', NULL),
(1811, 5, '2015-06-24', '14:08:56', NULL),
(1812, 5, '2015-06-24', '14:15:06', NULL),
(1813, 5, '2015-06-24', '14:43:14', NULL),
(1814, 5, '2015-06-24', '15:17:49', NULL),
(1815, 5, '2015-06-24', '15:27:10', NULL),
(1816, 5, '2015-06-24', '15:38:01', NULL),
(1817, 5, '2015-06-24', '15:52:31', NULL),
(1818, 5, '2015-06-24', '16:32:09', NULL),
(1819, 5, '2015-06-24', '17:05:59', NULL),
(1820, 5, '2015-06-24', '17:12:15', NULL),
(1821, 5, '2015-06-25', '08:27:12', NULL),
(1822, 5, '2015-06-25', '09:09:47', NULL),
(1823, 5, '2015-06-25', '09:34:42', NULL),
(1824, 5, '2015-07-04', '11:02:20', NULL),
(1825, 5, '2015-07-07', '09:05:12', NULL),
(1826, 5, '2015-07-08', '14:30:15', NULL),
(1827, 5, '2015-07-08', '14:48:52', NULL),
(1828, 5, '2015-07-08', '14:58:16', NULL),
(1829, 5, '2015-07-08', '15:11:51', NULL),
(1830, 5, '2015-07-17', '12:59:25', NULL),
(1831, 5, '2015-07-17', '13:12:00', NULL),
(1832, 5, '2015-07-18', '09:10:19', NULL),
(1833, 5, '2015-07-18', '09:12:55', NULL),
(1834, 5, '2015-07-18', '09:14:24', NULL),
(1835, 5, '2015-07-18', '09:45:17', NULL),
(1836, 5, '2015-07-18', '09:51:34', NULL),
(1837, 5, '2015-07-18', '10:14:17', NULL),
(1838, 5, '2015-07-18', '10:29:27', NULL),
(1839, 5, '2015-07-18', '10:30:42', NULL),
(1840, 5, '2015-07-18', '10:32:02', NULL),
(1841, 5, '2015-07-18', '10:34:06', NULL),
(1842, 5, '2015-07-18', '10:41:18', NULL),
(1843, 5, '2015-07-18', '10:46:42', NULL),
(1844, 5, '2015-07-18', '10:47:41', NULL),
(1845, 5, '2015-07-18', '10:52:42', NULL),
(1846, 5, '2015-07-18', '11:18:50', NULL),
(1847, 5, '2015-07-18', '11:24:29', NULL),
(1848, 5, '2015-07-18', '11:29:48', NULL),
(1849, 5, '2015-07-18', '11:36:05', NULL),
(1850, 5, '2015-07-18', '11:38:10', NULL),
(1851, 5, '2015-07-18', '12:26:48', NULL),
(1852, 5, '2015-07-18', '12:28:31', NULL),
(1853, 5, '2015-07-18', '12:52:19', NULL),
(1854, 5, '2015-07-18', '12:56:02', NULL),
(1855, 5, '2015-07-18', '12:59:07', NULL),
(1856, 5, '2015-07-18', '13:03:01', NULL),
(1857, 5, '2015-07-22', '12:00:31', NULL),
(1858, 5, '2015-08-03', '13:53:05', NULL),
(1859, 5, '2015-08-15', '12:33:49', NULL),
(1860, 5, '2015-09-02', '12:46:19', NULL),
(1861, 5, '2015-09-15', '11:42:13', NULL),
(1862, 5, '2015-09-15', '11:57:19', NULL),
(1863, 5, '2015-09-17', '08:11:24', NULL),
(1864, 5, '2015-09-17', '08:52:04', NULL),
(1865, 5, '2015-09-17', '13:46:39', NULL),
(1866, 5, '2015-09-17', '13:48:13', NULL),
(1867, 5, '2015-09-17', '14:13:35', NULL),
(1868, 5, '2015-09-17', '14:36:42', NULL),
(1869, 5, '2015-09-17', '14:43:15', NULL),
(1870, 5, '2015-09-17', '14:44:51', NULL),
(1871, 5, '2015-09-17', '14:46:45', NULL),
(1872, 5, '2015-09-17', '14:48:09', NULL),
(1873, 5, '2015-09-17', '14:51:28', NULL),
(1874, 5, '2015-09-18', '09:29:11', NULL),
(1875, 5, '2015-09-18', '15:13:03', NULL),
(1876, 5, '2015-09-18', '15:32:59', NULL),
(1877, 6, '2015-09-18', '16:05:51', NULL),
(1878, 5, '2015-09-19', '10:03:41', NULL),
(1879, 5, '2015-09-19', '10:07:34', NULL),
(1880, 5, '2015-09-19', '10:09:25', NULL),
(1881, 5, '2015-09-19', '10:18:50', NULL),
(1882, 5, '2015-09-19', '10:38:48', NULL),
(1883, 5, '2015-09-19', '12:27:22', NULL),
(1884, 5, '2015-09-21', '08:52:29', NULL),
(1885, 5, '2015-09-21', '09:46:58', NULL),
(1886, 5, '2015-09-21', '09:50:31', NULL),
(1887, 5, '2015-09-21', '09:59:43', NULL),
(1888, 5, '2015-09-21', '11:32:28', NULL),
(1889, 5, '2015-09-22', '13:09:13', NULL),
(1890, 5, '2015-09-25', '09:26:59', NULL),
(1891, 5, '2015-09-25', '11:39:50', NULL),
(1892, 5, '2015-09-25', '11:45:41', NULL),
(1893, 5, '2015-09-25', '11:46:59', NULL),
(1894, 5, '2015-09-25', '11:48:13', NULL),
(1895, 5, '2015-09-25', '11:52:08', NULL),
(1896, 5, '2015-09-25', '11:55:14', NULL),
(1897, 5, '2015-09-25', '11:56:41', NULL),
(1898, 5, '2015-09-25', '11:59:54', NULL),
(1899, 5, '2015-09-25', '12:03:08', NULL),
(1900, 5, '2015-09-25', '12:51:16', NULL),
(1901, 5, '2015-09-25', '12:59:14', NULL),
(1902, 5, '2015-09-29', '15:48:44', NULL),
(1903, 5, '2015-09-30', '08:30:46', NULL),
(1904, 5, '2015-09-30', '08:33:28', NULL),
(1905, 5, '2015-10-01', '08:29:16', NULL),
(1906, 5, '2015-10-01', '10:12:34', NULL),
(1907, 5, '2015-10-08', '09:21:17', NULL),
(1908, 5, '2015-10-08', '10:17:07', NULL),
(1909, 5, '2015-10-10', '07:56:25', NULL),
(1910, 5, '2015-10-10', '10:31:51', NULL),
(1911, 5, '2015-10-10', '10:38:36', NULL),
(1912, 5, '2015-10-10', '11:07:09', NULL),
(1913, 5, '2015-10-10', '11:10:56', NULL),
(1914, 5, '2015-10-10', '12:04:50', NULL),
(1915, 5, '2015-10-10', '12:32:24', NULL),
(1916, 5, '2015-10-12', '08:18:29', NULL),
(1917, 5, '2015-10-12', '08:35:21', NULL),
(1918, 5, '2015-10-12', '08:58:43', NULL),
(1919, 5, '2015-10-12', '09:45:07', NULL),
(1920, 5, '2015-10-12', '09:51:37', NULL),
(1921, 5, '2015-10-12', '10:22:41', NULL),
(1922, 5, '2015-10-12', '10:23:11', NULL),
(1923, 5, '2015-10-12', '10:29:49', NULL),
(1924, 5, '2015-10-12', '10:53:26', NULL),
(1925, 5, '2015-10-12', '11:36:35', NULL),
(1926, 5, '2015-10-12', '12:25:48', NULL),
(1927, 5, '2015-10-12', '14:17:27', NULL),
(1928, 5, '2015-10-12', '17:22:22', NULL),
(1929, 5, '2015-10-13', '08:04:00', NULL),
(1930, 5, '2015-10-13', '09:03:36', NULL),
(1931, 5, '2015-10-13', '09:25:57', NULL),
(1932, 5, '2015-10-13', '09:27:37', NULL),
(1933, 5, '2015-10-13', '09:52:53', NULL),
(1934, 5, '2015-10-13', '09:54:16', NULL),
(1935, 5, '2015-10-13', '10:43:58', NULL),
(1936, 5, '2015-10-13', '10:45:32', NULL),
(1937, 5, '2015-10-13', '11:00:18', NULL),
(1938, 5, '2015-10-13', '11:01:30', NULL),
(1939, 5, '2015-10-13', '11:07:02', NULL),
(1940, 5, '2015-10-13', '11:23:13', NULL),
(1941, 5, '2015-10-13', '11:47:51', NULL),
(1942, 5, '2015-10-13', '11:50:26', NULL),
(1943, 5, '2015-10-13', '11:52:09', NULL),
(1944, 5, '2015-10-13', '12:00:46', NULL),
(1945, 5, '2015-10-13', '12:15:11', NULL),
(1946, 5, '2015-10-13', '12:19:49', NULL),
(1947, 5, '2015-10-13', '12:28:39', NULL),
(1948, 5, '2015-10-13', '14:45:16', NULL),
(1949, 5, '2015-10-13', '14:47:08', NULL),
(1950, 5, '2015-10-13', '14:53:52', NULL),
(1951, 5, '2015-10-13', '15:03:41', NULL),
(1952, 5, '2015-10-13', '15:05:54', NULL),
(1953, 5, '2015-10-13', '15:07:48', NULL),
(1954, 5, '2015-10-13', '15:10:38', NULL),
(1955, 5, '2015-10-13', '15:12:51', NULL),
(1956, 5, '2015-10-13', '15:16:03', NULL),
(1957, 5, '2015-10-13', '15:17:32', NULL),
(1958, 5, '2015-10-13', '15:25:53', NULL),
(1959, 5, '2015-10-13', '15:46:50', NULL),
(1960, 5, '2015-10-13', '16:03:21', NULL),
(1961, 5, '2015-10-13', '16:22:07', NULL),
(1962, 5, '2015-10-14', '08:02:18', NULL),
(1963, 5, '2015-10-14', '08:07:21', NULL),
(1964, 5, '2015-10-14', '08:23:18', NULL),
(1965, 5, '2015-10-14', '09:10:24', NULL),
(1966, 5, '2015-10-14', '09:11:28', NULL),
(1967, 5, '2015-10-14', '09:41:34', NULL),
(1968, 5, '2015-10-14', '11:29:09', NULL),
(1969, 5, '2015-10-14', '11:38:29', NULL),
(1970, 5, '2015-10-14', '11:40:12', NULL),
(1971, 5, '2015-10-14', '11:41:08', NULL),
(1972, 5, '2015-10-14', '11:45:45', NULL),
(1973, 5, '2015-10-14', '12:42:44', NULL),
(1974, 5, '2015-10-14', '13:44:25', NULL),
(1975, 5, '2015-10-14', '13:57:07', NULL),
(1976, 5, '2015-10-14', '14:00:37', NULL),
(1977, 5, '2015-10-14', '14:09:50', NULL),
(1978, 5, '2015-10-14', '14:23:59', NULL),
(1979, 5, '2015-10-14', '14:31:40', NULL),
(1980, 5, '2015-10-14', '14:52:48', NULL),
(1981, 5, '2015-10-14', '16:21:56', NULL),
(1982, 5, '2015-10-14', '16:32:16', NULL),
(1983, 5, '2015-10-14', '16:36:45', NULL),
(1984, 5, '2015-10-14', '16:44:25', NULL),
(1985, 5, '2015-10-15', '08:47:44', NULL),
(1986, 5, '2015-10-15', '09:11:29', NULL),
(1987, 5, '2015-10-15', '09:55:29', NULL),
(1988, 5, '2015-10-15', '10:02:28', NULL),
(1989, 5, '2015-10-15', '10:20:38', NULL),
(1990, 5, '2015-10-15', '11:02:35', NULL),
(1991, 5, '2015-10-15', '11:50:10', NULL),
(1992, 5, '2015-10-16', '12:31:53', NULL),
(1993, 5, '2015-10-16', '13:32:28', NULL),
(1994, 5, '2015-10-16', '14:15:44', NULL),
(1995, 5, '2015-10-16', '14:27:39', NULL),
(1996, 5, '2015-10-16', '14:45:27', NULL),
(1997, 5, '2015-10-16', '16:10:31', NULL),
(1998, 5, '2015-10-16', '16:15:22', NULL),
(1999, 5, '2015-10-16', '16:18:38', NULL),
(2000, 5, '2015-10-17', '08:04:06', NULL),
(2001, 5, '2015-10-17', '08:31:59', NULL),
(2002, 5, '2015-10-17', '09:54:01', NULL),
(2003, 5, '2015-10-17', '09:55:30', NULL),
(2004, 5, '2015-10-17', '12:35:33', NULL),
(2005, 5, '2015-10-19', '08:14:07', NULL),
(2006, 5, '2015-10-19', '08:49:55', NULL),
(2007, 5, '2015-10-19', '08:58:25', NULL),
(2008, 5, '2015-10-19', '09:13:37', NULL),
(2009, 5, '2015-10-19', '09:31:20', NULL),
(2010, 5, '2015-10-19', '10:07:46', NULL),
(2011, 5, '2015-10-19', '11:39:03', NULL),
(2012, 5, '2015-10-19', '11:44:04', NULL),
(2013, 5, '2015-10-19', '11:45:00', NULL),
(2014, 5, '2015-10-19', '11:49:43', NULL),
(2015, 5, '2015-10-19', '11:57:07', NULL),
(2016, 5, '2015-10-19', '12:02:24', NULL),
(2017, 5, '2015-10-19', '12:13:15', NULL),
(2018, 5, '2015-10-19', '14:09:16', NULL),
(2019, 5, '2015-10-19', '14:13:51', NULL),
(2020, 5, '2015-10-19', '14:16:03', NULL),
(2021, 5, '2015-10-19', '14:38:28', NULL),
(2022, 5, '2015-10-19', '15:04:41', NULL),
(2023, 5, '2015-10-19', '15:06:05', NULL),
(2024, 5, '2015-10-19', '15:25:29', NULL),
(2025, 5, '2015-10-19', '15:46:53', NULL),
(2026, 5, '2015-10-19', '16:06:57', NULL),
(2027, 5, '2015-10-20', '08:53:20', NULL),
(2028, 5, '2015-10-21', '08:50:42', NULL),
(2029, 5, '2015-10-21', '09:32:23', NULL),
(2030, 5, '2015-10-21', '09:55:30', NULL),
(2031, 5, '2015-10-21', '10:03:18', NULL),
(2032, 5, '2015-10-30', '08:47:40', NULL),
(2033, 5, '2015-10-30', '09:16:34', NULL),
(2034, 5, '2015-10-30', '10:26:29', NULL),
(2035, 5, '2015-10-30', '11:17:35', NULL),
(2036, 5, '2015-10-30', '14:49:03', NULL),
(2037, 5, '2015-11-02', '08:29:26', NULL),
(2038, 5, '2015-11-03', '12:55:13', NULL),
(2039, 5, '2015-11-09', '09:31:06', NULL),
(2040, 5, '2015-11-09', '10:37:55', NULL),
(2041, 5, '2015-11-09', '10:53:46', NULL),
(2042, 5, '2015-11-09', '13:45:22', NULL),
(2043, 5, '2015-11-10', '09:56:36', NULL),
(2044, 5, '2015-11-18', '08:38:04', NULL),
(2045, 5, '2015-11-18', '10:30:42', NULL),
(2046, 5, '2015-11-18', '10:47:15', NULL),
(2047, 5, '2015-11-18', '12:14:27', NULL),
(2048, 5, '2015-11-18', '13:33:10', NULL),
(2049, 5, '2015-11-19', '08:44:22', NULL),
(2050, 5, '2015-11-19', '09:04:18', NULL),
(2051, 5, '2015-11-19', '09:47:52', NULL),
(2052, 5, '2015-11-19', '11:46:14', NULL),
(2053, 5, '2015-11-19', '12:27:20', NULL),
(2054, 5, '2015-11-19', '12:48:16', NULL),
(2055, 5, '2015-11-19', '12:51:22', NULL),
(2056, 5, '2015-11-19', '13:52:05', NULL),
(2057, 5, '2015-11-19', '14:09:24', NULL),
(2058, 5, '2015-11-19', '14:15:11', NULL),
(2059, 5, '2015-11-20', '09:19:47', NULL),
(2060, 5, '2015-11-20', '10:50:47', NULL),
(2061, 5, '2015-11-20', '16:51:18', NULL),
(2062, 5, '2015-11-23', '08:22:24', NULL),
(2063, 5, '2015-11-23', '11:26:04', NULL),
(2064, 5, '2015-11-23', '11:35:26', NULL),
(2065, 5, '2015-11-23', '12:52:36', NULL),
(2066, 5, '2015-11-23', '12:53:44', NULL),
(2067, 5, '2015-11-23', '12:55:24', NULL),
(2068, 5, '2015-11-23', '13:02:23', NULL),
(2069, 5, '2015-11-23', '13:03:51', NULL),
(2070, 5, '2015-11-23', '13:05:01', NULL),
(2071, 5, '2015-11-23', '13:11:07', NULL),
(2072, 5, '2015-11-23', '13:14:30', NULL),
(2073, 5, '2015-11-23', '13:42:06', NULL),
(2074, 5, '2015-11-23', '13:57:12', NULL),
(2075, 5, '2015-11-23', '14:02:37', NULL),
(2076, 5, '2015-12-02', '16:04:21', NULL),
(2077, 5, '2015-12-02', '16:06:33', NULL),
(2078, 5, '2015-12-03', '09:03:43', NULL),
(2079, 5, '2015-12-03', '09:09:29', NULL),
(2080, 5, '2015-12-03', '09:16:56', NULL),
(2081, 5, '2015-12-03', '09:17:50', NULL),
(2082, 5, '2015-12-11', '09:11:45', NULL),
(2083, 5, '2015-12-11', '09:21:04', NULL),
(2084, 5, '2015-12-14', '09:31:21', NULL),
(2085, 5, '2016-01-11', '11:51:20', NULL),
(2086, 5, '2016-01-11', '12:08:16', NULL),
(2087, 5, '2016-01-11', '12:13:28', NULL),
(2088, 5, '2016-01-11', '16:07:25', NULL),
(2089, 5, '2016-01-12', '08:14:00', NULL),
(2090, 5, '2016-01-12', '08:35:16', NULL),
(2091, 5, '2016-01-13', '15:44:48', NULL),
(2092, 5, '2016-01-18', '12:15:38', NULL),
(2093, 5, '2016-01-18', '12:36:09', NULL),
(2094, 5, '2016-01-18', '13:30:59', NULL),
(2095, 5, '2016-01-18', '13:33:39', NULL),
(2096, 5, '2016-01-18', '13:37:21', NULL),
(2097, 5, '2016-01-18', '14:00:51', NULL),
(2098, 5, '2016-01-18', '14:03:39', NULL),
(2099, 5, '2016-01-18', '14:35:47', NULL),
(2100, 5, '2016-01-18', '14:42:38', NULL),
(2101, 5, '2016-01-18', '14:46:42', NULL),
(2102, 5, '2016-01-18', '15:01:43', NULL),
(2103, 5, '2016-01-18', '15:22:17', NULL),
(2104, 5, '2016-01-19', '09:02:28', NULL),
(2105, 5, '2016-01-19', '11:18:55', NULL),
(2106, 5, '2016-01-19', '11:55:41', NULL),
(2107, 5, '2016-01-19', '11:59:23', NULL),
(2108, 5, '2016-01-20', '10:54:48', NULL),
(2109, 5, '2016-01-20', '12:01:34', NULL),
(2110, 5, '2016-01-20', '12:03:26', NULL),
(2111, 5, '2016-01-20', '12:29:44', NULL),
(2112, 5, '2016-01-20', '12:31:08', NULL),
(2113, 5, '2016-01-20', '12:32:28', NULL),
(2114, 5, '2016-01-20', '13:51:31', NULL),
(2115, 5, '2016-01-20', '14:11:38', NULL),
(2116, 5, '2016-01-21', '08:35:58', NULL),
(2117, 5, '2016-01-21', '08:38:10', NULL),
(2118, 5, '2016-01-21', '09:17:56', NULL),
(2119, 5, '2016-01-21', '09:18:53', NULL),
(2120, 5, '2016-01-21', '09:26:05', NULL),
(2121, 5, '2016-01-21', '09:42:33', NULL),
(2122, 5, '2016-01-21', '09:44:01', NULL),
(2123, 5, '2016-01-21', '09:52:00', NULL),
(2124, 5, '2016-01-21', '09:54:03', NULL),
(2125, 5, '2016-01-21', '10:08:16', NULL),
(2126, 5, '2016-01-21', '10:32:14', NULL),
(2127, 5, '2016-01-21', '11:07:42', NULL),
(2128, 5, '2016-01-21', '11:20:59', NULL),
(2129, 5, '2016-01-21', '11:35:26', NULL),
(2130, 5, '2016-01-21', '11:39:49', NULL),
(2131, 5, '2016-01-21', '11:46:45', NULL),
(2132, 5, '2016-01-21', '11:52:35', NULL),
(2133, 5, '2016-01-21', '11:57:00', NULL),
(2134, 5, '2016-01-22', '09:13:44', NULL),
(2135, 5, '2016-01-22', '09:48:19', NULL),
(2136, 5, '2016-01-22', '12:13:47', NULL);

-- --------------------------------------------------------

--
-- Table structure for table `other_supplier_returns`
--

CREATE TABLE IF NOT EXISTS `other_supplier_returns` (
  `other_supReturn_id` int(50) NOT NULL AUTO_INCREMENT,
  `StockID` int(50) NOT NULL,
  `ItemID` int(50) NOT NULL,
  `partNo` varchar(150) NOT NULL,
  `description` varchar(150) NOT NULL,
  `quantity` int(50) NOT NULL,
  `buying_price` double NOT NULL,
  `return_quantity` int(50) NOT NULL,
  `return_date` varchar(200) NOT NULL,
  `return_time` varchar(200) NOT NULL,
  `other_returnStatus` int(50) NOT NULL DEFAULT '0' COMMENT '0=return',
  `status` int(50) NOT NULL,
  PRIMARY KEY (`other_supReturn_id`)
) ENGINE=InnoDB DEFAULT CHARSET=latin1 AUTO_INCREMENT=1 ;

-- --------------------------------------------------------

--
-- Table structure for table `purcheorder`
--

CREATE TABLE IF NOT EXISTS `purcheorder` (
  `id` int(11) NOT NULL AUTO_INCREMENT,
  `date` varchar(45) DEFAULT NULL,
  `purchase_order_number` varchar(45) DEFAULT NULL,
  `status` int(11) DEFAULT NULL,
  `total` double DEFAULT NULL,
  `complete` int(11) DEFAULT NULL,
  `time` varchar(45) DEFAULT NULL,
  `accepttodatabasetime` varchar(45) DEFAULT NULL,
  `accepttodatabasedate` date DEFAULT NULL,
  `accepttodatabase` int(11) DEFAULT NULL,
  `name` varchar(45) DEFAULT NULL,
  `admin_purchase_order_id` int(11) DEFAULT NULL,
  `current_discount` double DEFAULT NULL,
  `current_vat` double DEFAULT NULL,
  `final_amount` double DEFAULT '0',
  PRIMARY KEY (`id`)
) ENGINE=InnoDB  DEFAULT CHARSET=latin1 AUTO_INCREMENT=69 ;

--
-- Dumping data for table `purcheorder`
--

INSERT INTO `purcheorder` (`id`, `date`, `purchase_order_number`, `status`, `total`, `complete`, `time`, `accepttodatabasetime`, `accepttodatabasedate`, `accepttodatabase`, `name`, `admin_purchase_order_id`, `current_discount`, `current_vat`, `final_amount`) VALUES
(1, '2015-03-07', NULL, 2, 111, NULL, '09:26:45', NULL, NULL, NULL, '', NULL, 12, 12, 97.68),
(2, '2015-03-07', '2731PLC00012', 1, 4160.21, NULL, '09:27:08', NULL, NULL, NULL, '', 12, 12, 12, 3660.98),
(3, '2015-03-07', NULL, 2, 111, NULL, '09:27:26', NULL, NULL, NULL, '', NULL, 12, 12, 97.68),
(4, '2015-03-07', '2731PLC00014', 1, 4368.22, NULL, '10:35:50', NULL, NULL, NULL, '', 14, 12, 12, 3844.03),
(5, '2015-03-09', '2731PLC00015', 1, 6304.09, NULL, '14:43:36', NULL, NULL, NULL, '', 15, 12, 12, 5547.6),
(6, '2015-03-09', NULL, 2, 666, NULL, '14:44:09', NULL, NULL, NULL, '', NULL, 12, 12, 586.08),
(7, '2015-03-09', '2731PLC00017', 1, 3744.18, NULL, '14:44:28', NULL, NULL, NULL, '', 17, 12, 12, 3294.88),
(8, '2015-03-14', '2731PLC00018', 1, 19730.27, NULL, '09:07:21', NULL, NULL, NULL, '', 18, 12, 12, 17362.64),
(9, '2015-03-14', '2731PLC00019', 1, 3596.4, NULL, '09:07:56', NULL, NULL, NULL, '', 19, 12, 12, 3164.83),
(10, '2015-03-20', '2731PLC00020', 1, 19730.27, NULL, '08:30:04', NULL, NULL, NULL, '', 20, 12, 12, 17362.64),
(11, '2015-03-20', '2731PLC00021', 1, 469.96, NULL, '08:30:24', NULL, NULL, NULL, '', 21, 12, 12, 413.56),
(12, '2015-03-25', '2731PLC00022', 1, 4368.18, NULL, '16:04:14', NULL, NULL, NULL, '', 22, 12, 12, 3844),
(13, '2015-03-25', NULL, 2, 4000, NULL, '16:05:38', NULL, NULL, NULL, '', NULL, 12, 12, 3520),
(14, '2015-04-09', '2731PLC00024', 1, 21150.35, NULL, '09:51:11', NULL, NULL, NULL, '', 24, 12, 12, 18612.31),
(15, '2015-04-09', '2731PLC01893', 1, 2000, NULL, '10:40:07', NULL, NULL, NULL, '', 1893, 12, 12, 1760),
(16, '2015-04-30', '2731PLC01963', 1, 611.15, NULL, '08:35:45', NULL, NULL, NULL, '', 1963, 12, 12, 537.81),
(17, '2015-04-30', '2731PLC02054', 1, 789.17, NULL, '16:24:09', NULL, NULL, NULL, '', 2054, 12, 12, 694.47),
(18, '2015-05-05', '2731PLC02133', 1, 7390.59, NULL, '10:35:13', NULL, NULL, NULL, '', 2133, 12, 12, 6503.72),
(19, '2015-05-05', '2731PLC02224', 1, 749.16, NULL, '14:22:01', NULL, NULL, NULL, '', 2224, 12, 12, 659.26),
(20, '2015-05-05', '2731PLC02262', 1, 9147.84, NULL, '15:19:18', NULL, NULL, NULL, '', 2262, 12, 12, 8050.1),
(21, '2015-05-06', '2731PLC02288', 1, 425342.5, NULL, '10:13:39', NULL, NULL, NULL, '', 2288, 12, 12, 374301.4),
(22, '2015-05-06', '2731PLC02289', 1, 2725.86, NULL, '10:19:42', NULL, NULL, NULL, 'TE207430100106', 2289, 12, 12, 2398.76),
(23, '2015-05-06', NULL, 1, 222, NULL, '10:36:39', NULL, NULL, NULL, 'TE207', NULL, 12, 12, 195.36),
(24, '2015-05-23', '2731PLC04815', 1, 3041.39, NULL, '09:49:24', NULL, NULL, NULL, '', 4815, 12, 12, 2676.42),
(25, '2015-06-04', '2731PLC06500', 1, 6300.1, NULL, '10:14:07', NULL, NULL, NULL, '', 6500, 12, 12, 5544.09),
(26, '2015-06-04', '2731PLC01886', 1, 1425342.5, NULL, '14:22:12', NULL, NULL, NULL, '', 1886, 12, 12, 1254301.4),
(27, '2015-06-04', '2731PLC06527', 1, 425342.5, NULL, '14:24:17', NULL, NULL, NULL, '', 6527, 12, 12, 374301.4),
(28, '2015-06-04', '2731PLC06528', 1, 4764803.28, NULL, '14:27:03', NULL, NULL, NULL, '', 6528, 12, 12, 4193026.89),
(29, '2015-06-04', '2731PLC06529', 1, 3041.39, NULL, '14:28:35', NULL, NULL, NULL, '', 6529, 12, 12, 2676.42),
(30, '2015-06-11', '2731PLC06680', 1, 3258.71, NULL, '14:04:03', NULL, NULL, NULL, '', 6680, 12, 12, 2867.66),
(31, '2015-06-19', '2731PLC00236', 1, 332817, NULL, '13:41:31', NULL, NULL, NULL, '', 236, 12, 12, 292878.96),
(32, '2015-06-19', '2731PLC00237', 1, 332817, NULL, '13:42:26', NULL, NULL, NULL, '', 237, 12, 12, 292878.96),
(33, '2015-06-19', NULL, 1, 1000000, NULL, '16:20:07', NULL, NULL, NULL, '', NULL, 12, 12, 880000),
(34, '2015-06-19', NULL, 1, 3258.71, NULL, '16:21:40', NULL, NULL, NULL, '', NULL, 12, 12, 2867.66),
(35, '2015-06-19', '2731PLC06855', 1, 425342.5, NULL, '16:47:28', NULL, NULL, NULL, '', 6855, 12, 12, 374301.4),
(36, '2015-06-20', '2731PLC00390', 1, 332817, NULL, '10:42:24', NULL, NULL, NULL, '', 390, 12, 12, 292878.96),
(37, '2015-06-20', '2731PLC00391', 1, 2912.14, NULL, '10:46:09', NULL, NULL, NULL, '', 391, 12, 12, 2562.68),
(38, '2015-06-20', '2731PLC06909', 1, 428601.21, NULL, '12:49:03', NULL, NULL, NULL, '', 6909, 12, 12, 377169.06),
(39, '2015-06-20', '2731PLC06910', 1, 425342.5, NULL, '12:51:21', NULL, NULL, NULL, '', 6910, 12, 12, 374301.4),
(40, '2015-06-20', '2731PLC06906', 1, 3258.71, NULL, '13:35:41', NULL, NULL, NULL, '', 6906, 12, 12, 2867.66),
(41, '2015-06-20', '2731PLC06911', 1, 3041.39, NULL, '13:40:42', NULL, NULL, NULL, '', 6911, 12, 12, 2676.42),
(42, '2015-06-24', NULL, 1, 425342.5, NULL, '08:51:18', NULL, NULL, NULL, '', NULL, 12, 12, 374301.4),
(43, '2015-06-24', NULL, 1, 425342.5, NULL, '09:09:24', NULL, NULL, NULL, '', NULL, 12, 12, 374301.4),
(44, '2015-06-24', '2731PLC07152', 1, -34126.72, NULL, '09:24:42', NULL, NULL, NULL, '', 7152, 12, 12, -30031.51),
(45, '2015-06-24', '2731PLC07153', 1, 3041.39, NULL, '09:30:29', NULL, NULL, NULL, '', 7153, 12, 12, 2676.42),
(46, '2015-06-24', '2731PLC00485', 1, 12813417, NULL, '15:30:07', NULL, NULL, NULL, '', 485, 12, 12, 11275806.96),
(47, '2015-06-24', '2731PLC00248', 1, 332817, NULL, '15:39:29', NULL, NULL, NULL, '', 248, 12, 12, 292878.96),
(48, '2015-06-24', '2731PLC00249', 1, 2704.14, NULL, '15:53:23', NULL, NULL, NULL, '', 249, 12, 12, 2379.64),
(49, '2015-10-10', NULL, 1, 1000000, NULL, '08:54:59', NULL, NULL, NULL, '', NULL, 12, 12, 880000),
(50, '2015-10-13', '2731PLC01887', 1, 2217.78, NULL, '10:01:21', NULL, NULL, NULL, '', 1887, 12, 12, 1951.65),
(51, '2015-10-13', '2731PLC01888', 1, 2288.11, NULL, '10:06:21', NULL, NULL, NULL, '', 1888, 12, 12, 2013.54),
(52, '2015-10-13', '2731PLC01910', 1, 1798.2, NULL, '11:01:55', NULL, NULL, NULL, '', 1910, 12, 12, 1582.42),
(53, '2015-10-13', '2731PLC01911', 1, 1798.2, NULL, '11:04:09', NULL, NULL, NULL, '', 1911, 12, 12, 1582.42),
(54, '2015-10-13', '2731PLC01916', 1, 1798.2, NULL, '11:08:40', NULL, NULL, NULL, '', 1916, 12, 12, 1582.42),
(55, '2015-10-14', NULL, 1, 2217.78, NULL, '09:04:01', NULL, NULL, NULL, '', NULL, 12, 12, 1951.65),
(56, '2015-10-14', NULL, 1, 2217.78, NULL, '09:04:33', NULL, NULL, NULL, '', NULL, 12, 12, 1951.65),
(57, '2015-10-14', NULL, 1, 624.03, NULL, '09:10:45', NULL, NULL, NULL, '', NULL, 12, 12, 549.15),
(58, '2015-10-14', '2731PLC01985', 1, 1664.08, NULL, '09:11:46', NULL, NULL, NULL, '', 1985, 12, 12, 1464.39),
(59, '2016-01-13', '2731PLC02702', 1, 3328.16, NULL, '16:15:37', NULL, NULL, NULL, '', 2702, 12, 12, 2928.78),
(60, '2016-01-18', '2731PLC02723', 1, 14145354.02, NULL, '13:10:33', NULL, NULL, NULL, '', 2723, 12, 12, 12447911.54),
(61, '2016-01-18', '2731PLC02774', 1, 312.01, NULL, '14:36:35', NULL, NULL, NULL, '', 2774, 12, 12, 274.57),
(62, '2016-01-18', '2731PLC02775', 1, 3120.15, NULL, '14:37:03', NULL, NULL, NULL, '', 2775, 12, 12, 2745.73),
(63, '2016-01-18', '2731PLC02780', 1, 3120.15, NULL, '14:37:35', NULL, NULL, NULL, '', 2780, 12, 12, 2745.73),
(64, '2016-01-18', '2731PLC02787', 1, 832.03, NULL, '14:43:00', NULL, NULL, NULL, '', 2787, 12, 12, 732.19),
(65, '2016-01-18', NULL, 2, 832.03, NULL, '14:43:14', NULL, NULL, NULL, '', NULL, 12, 12, 732.19),
(66, '2016-01-18', '2731PLC02781', 1, 832.03, NULL, '14:43:32', NULL, NULL, NULL, '', 2781, 12, 12, 732.19),
(67, '2016-01-18', '2731PLC02782', 1, 832.03, NULL, '14:43:33', NULL, NULL, NULL, '', 2782, 12, 12, 732.19),
(68, '2016-01-18', '2731PLC02792', 1, 3328.16, NULL, '14:50:16', NULL, NULL, NULL, '', 2792, 12, 12, 2928.78);

-- --------------------------------------------------------

--
-- Table structure for table `purchesorderdetail`
--

CREATE TABLE IF NOT EXISTS `purchesorderdetail` (
  `id` int(11) NOT NULL AUTO_INCREMENT,
  `itemid` int(11) DEFAULT NULL,
  `quantity` int(11) DEFAULT NULL,
  `status` varchar(45) DEFAULT NULL,
  `unitprice` varchar(45) DEFAULT NULL,
  `orderId` int(11) NOT NULL,
  PRIMARY KEY (`id`),
  KEY `fk_purchesorderdetail_purcheOrder1_idx` (`orderId`)
) ENGINE=InnoDB  DEFAULT CHARSET=latin1 AUTO_INCREMENT=89 ;

--
-- Dumping data for table `purchesorderdetail`
--

INSERT INTO `purchesorderdetail` (`id`, `itemid`, `quantity`, `status`, `unitprice`, `orderId`) VALUES
(1, 657, 1, '1', '111.0', 1),
(2, 8, 1, '1', '4160.21', 2),
(3, 657, 1, '1', '111.0', 3),
(4, 722, 1, '1', '4368.22', 4),
(5, 22, 1, '1', '624.03', 5),
(6, 79, 4, '1', '416.02', 5),
(7, 137, 2, '1', '899.1', 5),
(8, 144, 2, '1', '1108.89', 5),
(9, 657, 6, '1', '111.0', 6),
(10, 13, 6, '1', '624.03', 7),
(11, 510, 1, '1', '2704.14', 8),
(12, 22, 2, '1', '624.03', 8),
(13, 68, 4, '1', '117.49', 8),
(14, 79, 7, '1', '416.02', 8),
(15, 137, 4, '1', '899.1', 8),
(16, 144, 5, '1', '1108.89', 8),
(17, 173, 2, '1', '1248.06', 8),
(18, 204, 1, '1', '759.0', 8),
(19, 137, 4, '1', '899.1', 9),
(20, 22, 2, '1', '624.03', 10),
(21, 68, 4, '1', '117.49', 10),
(22, 79, 7, '1', '416.02', 10),
(23, 137, 4, '1', '899.1', 10),
(24, 144, 5, '1', '1108.89', 10),
(25, 173, 2, '1', '1248.06', 10),
(26, 204, 1, '1', '759.0', 10),
(27, 510, 1, '1', '2704.14', 10),
(28, 68, 4, '1', '117.49', 11),
(29, 14, 3, '1', '1456.06', 12),
(30, 728, 2, '1', '2000.0', 13),
(31, 23, 5, '1', '4230.07', 14),
(32, 730, 1, '1', '2000.0', 15),
(33, 520, 5, '1', '122.23', 16),
(34, 204, 1, '1', '789.17', 17),
(35, 156, 23, '1', '321.33', 18),
(36, 68, 4, '1', '187.29', 19),
(37, 2, 4, '1', '2286.96', 20),
(38, 318, 50, '1', '8506.85', 21),
(39, 1, 2, '1', '1362.93', 22),
(40, 657, 2, '1', '111.0', 23),
(41, 510, 1, '1', '3041.39', 24),
(42, 79, 7, '1', '465.53', 25),
(43, 510, 1, '1', '3041.39', 25),
(44, 318, 50, '1', '8506.85', 26),
(45, 730, 500, '1', '2000.0', 26),
(46, 318, 50, '1', '8506.85', 27),
(47, 1, 3496, '1', '1362.93', 28),
(48, 510, 1, '1', '3041.39', 29),
(49, 79, 7, '1', '465.53', 30),
(50, 318, 50, '1', '6656.34', 31),
(51, 318, 50, '1', '6656.34', 32),
(52, 730, 500, '1', '2000.0', 33),
(53, 79, 7, '1', '465.53', 34),
(54, 318, 50, '1', '8506.85', 35),
(55, 318, 50, '1', '6656.34', 36),
(56, 79, 7, '1', '416.02', 37),
(57, 79, 7, '1', '465.53', 38),
(58, 318, 50, '1', '8506.85', 38),
(59, 318, 50, '1', '8506.85', 39),
(60, 79, 7, '1', '465.53', 40),
(61, 510, 1, '1', '3041.39', 41),
(62, 318, 50, '1', '8506.85', 42),
(63, 318, 50, '1', '8506.85', 43),
(64, 7, -8, '1', '4265.84', 44),
(65, 510, 1, '1', '3041.39', 45),
(66, 318, 50, '1', '6656.34', 46),
(67, 22, 20000, '1', '624.03', 46),
(68, 318, 50, '1', '6656.34', 47),
(69, 510, 1, '1', '2704.14', 48),
(70, 730, 500, '1', '2000.0', 49),
(71, 144, 2, '1', '1108.89', 50),
(72, 79, 4, '1', '416.02', 51),
(73, 22, 1, '1', '624.03', 51),
(74, 137, 2, '1', '899.1', 52),
(75, 137, 2, '1', '899.1', 53),
(76, 137, 2, '1', '899.1', 54),
(77, 144, 2, '1', '1108.89', 55),
(78, 144, 2, '1', '1108.89', 56),
(79, 22, 1, '1', '624.03', 57),
(80, 79, 4, '1', '416.02', 58),
(81, 79, 8, '1', '416.02', 59),
(82, 771, 1000, '1', '14144.73', 60),
(83, 6, 2, '1', '312.01', 60),
(84, 6, 1, '1', '312.01', 61),
(85, 7, 1, '1', '3120.15', 62),
(86, 7, 1, '1', '3120.15', 63),
(87, 9, 1, '1', '832.03', 64),
(88, 79, 8, '1', '416.02', 68);

-- --------------------------------------------------------

--
-- Table structure for table `salesorder`
--

CREATE TABLE IF NOT EXISTS `salesorder` (
  `OrderID` int(11) NOT NULL AUTO_INCREMENT,
  `sales_order_no` varchar(45) DEFAULT NULL,
  `OrderDate` varchar(20) DEFAULT NULL,
  `CustomerID` int(11) DEFAULT NULL,
  `vehicle_id` int(11) DEFAULT '0',
  `time` varchar(20) DEFAULT NULL,
  `userid` int(11) DEFAULT NULL,
  `amount` double DEFAULT NULL,
  `labour_amount` double DEFAULT NULL,
  `paid_amount` double DEFAULT NULL,
  `current_meter_reading` double DEFAULT NULL,
  `next_service_due` double DEFAULT NULL,
  `employee_id` int(11) DEFAULT NULL,
  `total_discount` double DEFAULT NULL,
  `other_comments` varchar(1000) NOT NULL,
  `status` int(11) DEFAULT NULL,
  `garge_commission` double NOT NULL,
  PRIMARY KEY (`OrderID`),
  KEY `userid_idx` (`userid`)
) ENGINE=InnoDB  DEFAULT CHARSET=latin1 AUTO_INCREMENT=37 ;

--
-- Dumping data for table `salesorder`
--

INSERT INTO `salesorder` (`OrderID`, `sales_order_no`, `OrderDate`, `CustomerID`, `vehicle_id`, `time`, `userid`, `amount`, `labour_amount`, `paid_amount`, `current_meter_reading`, `next_service_due`, `employee_id`, `total_discount`, `other_comments`, `status`, `garge_commission`) VALUES
(1, '00001', '2015-10-30', 1, 1, '08:54:40', 5, 33634, 33434, 33634, 0, 0, 1, 0, '', 1, 0),
(2, '00002', '2015-10-30', 13, 1, '08:55:18', 5, 45000, 0, 5000, 0, 0, 1, 0, '', 1, 20),
(3, '00003', '2015-10-30', 15, 0, '08:55:59', 5, 1200000, 0, 20000, 0, 0, 1, 0, '', 1, 855),
(4, '00004', '2015-10-30', 18, 0, '08:57:34', 5, 1950000, 0, 1950000, 0, 0, 1, 0, '', 1, 20),
(5, '00005', '2015-10-30', 26, 0, '10:38:57', 5, 5500000, 0, 5000000, 0, 0, 1, 0, '', 1, 0),
(6, '00006', '2015-11-02', 13, 19, '08:30:37', 5, 4800, 1000, 800, 0, 0, 1, 0, '', 1, 20),
(7, '00007', '2015-11-02', 13, 19, '11:22:00', 5, 100000, 0, 0, 0, 0, 1, 0, '', 1, 0),
(8, '00008', '2015-11-02', 13, 19, '11:52:01', 5, 79418, 33427, 418, 0, 0, 1, 16, '', 1, 0),
(9, '00009', '2015-11-09', 24, 0, '10:39:28', 5, 25400, 15000, 5400, 100, 200, 1, 0, 'jj', 1, 20),
(10, '00010', '2015-11-09', 24, 0, '10:43:54', 5, 19600, 0, 0, 0, 0, 1, 0, 'jj', 1, 0),
(11, '00011', '2015-11-09', 24, 0, '10:51:31', 5, 12519000, 12510000, 12000000, 0, 0, 1, 0, 'jj', 1, 0),
(12, '00012', '2015-11-10', 26, 0, '10:01:29', 5, 825000, 25000, 25000, 0, 0, 1, 0, '', 1, 40),
(13, '00013', '2015-11-16', 18, 0, '13:27:06', 5, 8000, 0, 0, 0, 0, 1, 0, '', 1, 0),
(14, '00014', '2015-11-18', 26, 0, '14:16:29', 5, 3720000, 0, 3000000, 0, 0, 1, 0, '', 1, 33),
(15, '00015', '2015-11-18', 15, 0, '14:22:24', 5, 200000, 0, 0, 0, 0, 1, 0, '', 1, 0),
(16, '00016', '2015-11-19', 13, 1, '09:05:53', 5, 400, 0, 0, 0, 0, 1, 0, '', 1, 0),
(17, '00017', '2015-11-19', 18, 0, '09:13:23', 5, 32000, 0, 0, 0, 0, 1, 0, '', 1, 0),
(18, '00018', '2015-11-19', 18, 0, '09:53:05', 5, 40000, 0, 0, 0, 0, 1, 0, '', 1, 0),
(19, '00019', '2015-11-19', 18, 0, '11:11:08', 5, 4000, 0, 0, 0, 0, 1, 0, '', 1, 0),
(20, '00020', '2015-11-19', 15, 0, '11:47:56', 5, 90000, 0, 0, 0, 0, 1, 0, '', 1, 0),
(21, '00021', '2015-11-23', 25, 23, '08:31:09', 5, 6000, 0, 0, 0, 0, 1, 0, '', 1, 0),
(22, '00022', '2015-11-23', 25, 23, '09:50:26', 5, 12000, 0, 0, 0, 0, 1, 0, '', 1, 0),
(23, '00023', '2015-11-23', 15, 0, '10:14:44', 5, 9000, 0, 0, 0, 0, 1, 0, '', 1, 0),
(24, '00024', '2015-11-23', 13, 1, '13:47:54', 5, 4000, 0, 0, 0, 0, 9, 0, '', 1, 0),
(25, '00025', '2015-11-23', 13, 1, '13:48:31', 5, 2000, 0, 0, 0, 0, 9, 0, '', 1, 0),
(26, '00026', '2015-11-23', 15, 0, '14:03:34', 5, 133736, 133736, 0, 0, 0, 8, 0, '', 1, 0),
(27, '00027', '2015-11-23', 26, 0, '14:05:09', 5, 2307200, 0, 0, 0, 0, 1, 0, '', 1, 0),
(28, '00028', '2015-11-23', 18, 0, '14:05:44', 5, 40000, 0, 0, 0, 0, 1, 0, '', 1, 0),
(29, '00029', '2015-12-11', 14, 0, '09:22:15', 5, 588, 0, 0, 0, 0, 1, 12, '', 1, 0),
(30, '00030', '2016-01-13', 26, 0, '16:02:58', 5, 37594.15, 33434, 20000, 0, 0, 11, 0, '', 1, 0),
(31, '00031', '2016-01-18', 28, 0, '13:18:59', 5, 70868, 0, 20000, 100, 200, 1, 0, '', 1, 20),
(32, '00032', '2016-01-19', 1, 1, '11:36:03', 5, 14000, 0, 14000, 0, 0, 1, 0, '', 1, 0),
(33, '00033', '2016-01-19', 1, 1, '11:39:50', 5, 14000, 0, 14000, 0, 0, 1, 0, '', 1, 0),
(34, '00034', '2016-01-21', 15, 0, '08:44:52', 5, 96289.92, 96289.92, 0, 0, 0, 1, 4012.08, '', 2, 0),
(35, '00035', '2016-01-21', 28, 0, '10:10:26', 5, 9248.06, 0, 100, 0, 0, 1, 0, '', 2, 10),
(36, '00036', '2016-01-21', 28, 0, '11:37:09', 5, 16218.33, 0, 0, 0, 0, 1, 0, '', 2, 0);

-- --------------------------------------------------------

--
-- Table structure for table `salesorderdetail`
--

CREATE TABLE IF NOT EXISTS `salesorderdetail` (
  `detailid` int(11) NOT NULL AUTO_INCREMENT,
  `orderid` int(11) NOT NULL,
  `itemid` int(11) NOT NULL,
  `quantity` int(11) DEFAULT NULL,
  `discount` double DEFAULT NULL,
  `time` varchar(20) DEFAULT NULL,
  `date` varchar(20) DEFAULT NULL,
  `unit_price` double DEFAULT NULL,
  `buying_price` double DEFAULT NULL,
  `amount` double DEFAULT NULL,
  `discount_amount` double NOT NULL DEFAULT '0',
  `stock_id` int(11) NOT NULL,
  `status` int(11) DEFAULT NULL,
  `salesComi_Status` int(11) NOT NULL,
  PRIMARY KEY (`detailid`),
  KEY `oid_idx` (`orderid`),
  KEY `iid_idx` (`itemid`),
  KEY `orderid_idx` (`orderid`)
) ENGINE=InnoDB  DEFAULT CHARSET=latin1 AUTO_INCREMENT=42 ;

--
-- Dumping data for table `salesorderdetail`
--

INSERT INTO `salesorderdetail` (`detailid`, `orderid`, `itemid`, `quantity`, `discount`, `time`, `date`, `unit_price`, `buying_price`, `amount`, `discount_amount`, `stock_id`, `status`, `salesComi_Status`) VALUES
(1, 1, 1, 1, 0, '08:54:40', '2015-10-30', 200, 200, 200, 0, 7, 1, 1),
(2, 2, 6, 50, 0, '08:55:18', '2015-10-30', 900, 0, 45000, 0, 4, 1, 1),
(3, 3, 770, 200, 0, '08:55:59', '2015-10-30', 6000, 5000, 1200000, 0, 30, 1, 1),
(4, 4, 725, 13000, 0, '08:57:34', '2015-10-30', 150, 200, 1950000, 0, 9, 1, 1),
(5, 5, 771, 1000, 0, '10:38:57', '2015-10-30', 5500, 4500, 5500000, 0, 60, 1, 0),
(6, 6, 1, 19, 0, '08:30:37', '2015-11-02', 200, 200, 3800, 0, 7, 1, 0),
(7, 7, 1, 500, 0, '11:22:01', '2015-11-02', 200, 200, 100000, 0, 7, 1, 0),
(8, 8, 1, 50, 2, '11:52:01', '2015-11-02', 200, 200, 9998, 2, 7, 1, 0),
(9, 8, 6, 40, 7, '11:52:02', '2015-11-02', 900, 0, 35993, 7, 4, 1, 0),
(10, 9, 1, 52, 0, '10:39:28', '2015-11-09', 200, 200, 10400, 0, 7, 1, 0),
(11, 10, 1, 98, 0, '10:43:54', '2015-11-09', 200, 200, 19600, 0, 7, 1, 0),
(12, 11, 6, 10, 0, '10:51:31', '2015-11-09', 900, 0, 9000, 0, 4, 1, 0),
(13, 12, 22, 1000, 0, '10:01:29', '2015-11-10', 800, 377.06, 800000, 0, 3, 1, 0),
(14, 13, 2, 2, 0, '13:27:06', '2015-11-16', 4000, 200, 8000, 0, 61, 1, 0),
(15, 14, 1, 9300, 0, '14:16:30', '2015-11-18', 400, 200, 3720000, 0, 7, 1, 0),
(16, 15, 2, 50, 0, '14:22:24', '2015-11-18', 4000, 200, 200000, 0, 61, 1, 0),
(17, 16, 1, 1, 0, '09:05:53', '2015-11-19', 400, 100, 400, 0, 8, 1, 0),
(18, 17, 2, 8, 0, '09:13:23', '2015-11-19', 4000, 200, 32000, 0, 61, 1, 0),
(19, 18, 2, 10, 0, '09:53:05', '2015-11-19', 4000, 200, 40000, 0, 61, 1, 0),
(20, 19, 2, 2, 0, '11:11:08', '2015-11-19', 2000, 200, 4000, 0, 61, 1, 0),
(21, 20, 6, 100, 0, '11:47:56', '2015-11-19', 900, 0, 90000, 0, 4, 1, 0),
(22, 21, 1, 15, 0, '08:31:09', '2015-11-23', 400, 100, 6000, 0, 8, 1, 0),
(23, 22, 6, 40, 0, '09:50:26', '2015-11-23', 300, 0, 12000, 0, 4, 1, 0),
(24, 23, 6, 10, 0, '10:14:44', '2015-11-23', 900, 0, 9000, 0, 4, 1, 0),
(25, 24, 1, 20, 0, '13:47:54', '2015-11-23', 200, 200, 4000, 0, 19, 1, 0),
(26, 25, 1, 20, 0, '13:48:32', '2015-11-23', 100, 100, 2000, 0, 18, 1, 0),
(27, 26, 1, 100, 0, '14:03:34', '2015-11-23', 0, 100, 0, 0, 8, 1, 0),
(28, 27, 1, 5768, 0, '14:05:09', '2015-11-23', 400, 100, 2307200, 0, 8, 1, 0),
(29, 28, 1, 100, 0, '14:05:44', '2015-11-23', 400, 0, 40000, 0, 63, 1, 0),
(30, 29, 6, 1, 2, '09:22:16', '2015-12-11', 300, 0, 294, 6, 4, 1, 0),
(31, 29, 6, 1, 2, '09:22:16', '2015-12-11', 300, 0, 294, 6, 4, 1, 0),
(32, 30, 51, 5, 0, '16:02:59', '2016-01-13', 832.03, 632.35, 4160.15, 0, 37, 1, 0),
(33, 31, 2, 2, 0, '13:18:32', '2016-01-18', 2000, 200, 4000, 0, 61, 1, 0),
(34, 32, 727, 70, 0, '11:36:03', '2016-01-19', 200, 0, 14000, 0, 13, 1, 0),
(35, 33, 727, 70, 0, '11:39:50', '2016-01-19', 200, 100, 14000, 0, 15, 1, 0),
(36, 35, 2, 4, 0, '10:10:26', '2016-01-21', 2000, 200, 8000, 0, 61, 1, 0),
(37, 35, 19, 2, 0, '10:10:26', '2016-01-21', 624.03, 474.26, 1248.06, 0, 49, 1, 0),
(38, 36, 2, 4, 0, '11:37:09', '2016-01-21', 2000, 200, 8000, 0, 61, 1, 0),
(39, 36, 3, 1, 0, '11:37:09', '2016-01-21', 1422.36, 1137.88, 1422.36, 0, 67, 1, 0),
(40, 36, 8, 1, 0, '11:37:09', '2016-01-21', 5339.91, 4271.93, 5339.91, 0, 27, 1, 0),
(41, 36, 12, 1, 0, '11:37:09', '2016-01-21', 1456.06, 1106.61, 1456.06, 0, 43, 1, 0);

-- --------------------------------------------------------

--
-- Table structure for table `stock`
--

CREATE TABLE IF NOT EXISTS `stock` (
  `StockID` int(11) NOT NULL AUTO_INCREMENT,
  `SupplierID` int(11) NOT NULL,
  `StockDate` varchar(20) NOT NULL,
  `DeliverdTime` varchar(10) NOT NULL,
  `deliver_order_id` int(11) DEFAULT NULL,
  `Status` int(11) NOT NULL,
  PRIMARY KEY (`StockID`),
  KEY `Supplier_idx` (`SupplierID`)
) ENGINE=InnoDB  DEFAULT CHARSET=latin1 AUTO_INCREMENT=74 ;

--
-- Dumping data for table `stock`
--

INSERT INTO `stock` (`StockID`, `SupplierID`, `StockDate`, `DeliverdTime`, `deliver_order_id`, `Status`) VALUES
(1, 1, '2015-03-05', '22:32:55', 1, 1),
(2, 1, '2015-03-05', '22:56:28', 4, 1),
(3, 1, '2015-03-05', '23:39:37', 16, 1),
(4, 1, '2015-05-19', '09:44:36', 0, 1),
(5, 1, '2015-07-17', '13:49:45', 0, 1),
(6, 1, '2015-07-17', '13:53:32', 0, 1),
(7, 1, '2015-07-18', '09:24:21', 0, 1),
(8, 1, '2015-07-18', '09:26:06', 0, 1),
(9, 1, '2015-07-18', '09:33:19', 0, 1),
(10, 1, '2015-07-18', '10:37:56', 0, 1),
(12, 1, '2015-10-12', '09:00:33', 0, 1),
(13, 1, '2015-10-12', '09:18:15', 0, 1),
(14, 1, '2015-10-12', '09:26:29', 0, 1),
(15, 1, '2015-10-12', '09:31:28', 0, 1),
(16, 1, '2015-10-12', '11:37:51', 0, 1),
(17, 1, '2015-10-12', '14:14:34', 0, 1),
(18, 1, '2015-10-13', '09:05:21', 0, 1),
(19, 1, '2015-10-13', '09:05:55', 0, 1),
(20, 1, '2015-10-13', '09:15:01', 0, 1),
(21, 1, '2015-10-13', '09:19:09', 0, 1),
(22, 1, '2015-10-13', '12:26:15', 0, 1),
(23, 1, '2015-10-13', '12:30:00', 0, 1),
(24, 1, '2015-10-13', '12:50:20', 0, 1),
(25, 1, '2015-10-13', '16:01:34', 15, 1),
(26, 1, '2015-10-13', '16:24:11', 64, 1),
(27, 1, '2015-10-14', '11:16:59', 11, 1),
(28, 1, '2015-10-14', '15:40:30', 0, 1),
(29, 1, '2015-10-14', '15:42:33', 0, 1),
(30, 2, '2015-10-15', '10:04:33', 0, 1),
(31, 1, '2015-10-16', '13:33:34', 76, 1),
(32, 1, '2015-10-16', '14:02:49', 72, 1),
(33, 1, '2015-10-16', '14:26:06', 70, 1),
(34, 1, '2015-10-16', '16:25:02', 67, 1),
(35, 1, '2015-10-17', '09:16:55', 78, 1),
(36, 1, '2015-10-19', '08:55:42', 69, 1),
(37, 1, '2015-10-19', '09:01:20', 75, 1),
(38, 1, '2015-10-19', '09:16:10', 75, 1),
(39, 1, '2015-10-19', '09:21:49', 77, 1),
(40, 1, '2015-10-19', '10:16:00', 73, 1),
(41, 1, '2015-10-19', '11:41:34', 74, 1),
(42, 1, '2015-10-19', '14:32:50', 68, 1),
(43, 1, '2015-10-19', '15:08:02', 66, 1),
(44, 1, '2015-10-19', '15:36:44', 65, 1),
(45, 1, '2015-10-19', '15:39:20', 52, 1),
(46, 1, '2015-10-19', '15:44:16', 37, 1),
(47, 1, '2015-10-20', '08:56:06', 0, 1),
(48, 1, '2015-10-21', '10:17:54', 81, 1),
(49, 1, '2015-10-30', '08:57:55', 82, 1),
(50, 1, '2015-10-30', '09:06:05', 63, 1),
(51, 1, '2015-10-30', '09:18:06', 49, 1),
(52, 1, '2015-10-30', '09:23:29', 43, 1),
(53, 1, '2015-10-30', '09:24:00', 39, 1),
(54, 1, '2015-10-30', '10:28:47', 50, 1),
(55, 1, '2015-10-30', '10:30:44', 45, 1),
(56, 1, '2015-10-30', '10:31:29', 22, 1),
(57, 1, '2015-10-30', '10:32:37', 30, 1),
(58, 1, '2015-10-30', '10:33:13', 14, 1),
(59, 1, '2015-10-30', '10:34:09', 55, 1),
(60, 1, '2015-10-30', '10:38:18', 0, 1),
(61, 1, '2015-11-10', '09:58:23', 0, 1),
(62, 1, '2015-11-10', '09:59:39', 51, 1),
(63, 1, '2015-11-19', '08:57:32', 0, 1),
(64, 1, '2015-11-19', '09:12:41', 0, 1),
(65, 1, '2015-11-23', '11:38:11', 0, 1),
(66, 1, '2016-01-13', '16:30:42', 13, 1),
(67, 1, '2016-01-13', '16:33:38', 18, 1),
(68, 1, '2016-01-13', '16:36:11', 62, 1),
(69, 1, '2016-01-13', '16:38:27', 19, 1),
(70, 1, '2016-01-18', '12:45:01', 42, 1),
(71, 1, '2016-01-18', '13:04:12', 20, 1),
(72, 2, '2016-01-19', '11:46:07', 0, 1),
(73, 2, '2016-01-19', '11:46:54', 0, 1);

-- --------------------------------------------------------

--
-- Table structure for table `stockdetail`
--

CREATE TABLE IF NOT EXISTS `stockdetail` (
  `DetailID` int(11) NOT NULL AUTO_INCREMENT,
  `StockID` int(11) NOT NULL,
  `ItemID` int(11) NOT NULL,
  `StockQuantity` int(11) NOT NULL,
  `remainingquantity` int(11) DEFAULT NULL,
  `buying_price` double DEFAULT NULL,
  `selling_price` double DEFAULT NULL,
  `status` int(11) DEFAULT NULL,
  PRIMARY KEY (`DetailID`),
  KEY `SID_idx` (`StockID`),
  KEY `Iid_idx` (`ItemID`)
) ENGINE=InnoDB  DEFAULT CHARSET=latin1 AUTO_INCREMENT=621 ;

--
-- Dumping data for table `stockdetail`
--

INSERT INTO `stockdetail` (`DetailID`, `StockID`, `ItemID`, `StockQuantity`, `remainingquantity`, `buying_price`, `selling_price`, `status`) VALUES
(1, 1, 79, 11, 3, 332.524, 415.654, 2),
(2, 2, 363, 2, 0, 3257.53, 3924.74, 1),
(3, 2, 509, 2, 1, 17.46, 21.035, 1),
(4, 2, 325, 1, 0, 14081.32, 16965.45, 1),
(5, 2, 510, 1, 1, 2253.89, 2715.53, 1),
(6, 2, 511, 2, 2, 1481.745, 1481.745, 1),
(7, 3, 543, 5, 5, 454.084, 567.604, 1),
(8, 3, 318, 2, 2, 6076.325, 7595.405, 1),
(9, 3, 204, 5, 5, 563.692, 704.614, 1),
(10, 3, 520, 10, 10, 87.306, 109.133, 1),
(11, 3, 505, 2, 2, 4013.04, 5016.3, 1),
(12, 3, 342, 2, 2, 1695.815, 2119.77, 1),
(13, 3, 544, 2, 2, 341.135, 426.42, 1),
(14, 3, 522, 4, 4, 1136.5575, 1420.6975, 1),
(15, 3, 545, 6, 6, 928.2283333333334, 1160.2866666666666, 1),
(16, 3, 546, 6, 6, 639.9583333333334, 799.9483333333333, 1),
(17, 3, 111, 3, 3, 885.7033333333334, 1107.1299999999999, 1),
(18, 3, 187, 1, 1, 3433.36, 4291.69, 1),
(19, 3, 547, 1, 1, 7265.97, 9082.46, 1),
(20, 3, 22, 2, -999, 377.055, 471.32, 2),
(21, 3, 137, 10, 8, 664.339, 830.424, 2),
(22, 3, 144, 10, -192, 761.851, 952.314, 2),
(23, 3, 68, 5, 5, 133.78199999999998, 167.228, 1),
(24, 4, 6, 700, 340, 0, 300, 2),
(25, 5, 724, 50, 50, 200, 0, 1),
(26, 6, 724, 20, 20, 200, 0, 1),
(27, 7, 1, 4000, -6180, 200, 500, 2),
(28, 8, 1, 3000, -2884, 100, 200, 2),
(29, 8, 1, 20, -5864, 100, 200, 2),
(30, 8, 1, 3000, -2884, 100, 200, 2),
(31, 8, 1, 20, -5864, 100, 200, 2),
(32, 8, 1, 100, -5784, 100, 200, 2),
(33, 9, 725, 1000, -12000, 200, 100, 2),
(34, 9, 725, 50, -12950, 200, 100, 2),
(35, 9, 725, 200, -12800, 200, 100, 2),
(36, 9, 725, 1000, -12000, 200, 100, 2),
(37, 9, 725, 50, -12950, 200, 100, 2),
(38, 9, 725, 200, -12800, 200, 100, 2),
(39, 9, 725, 50, -12950, 200, 100, 2),
(40, 9, 725, 50, -12950, 200, 100, 2),
(41, 9, 725, 100, -12900, 200, 100, 2),
(42, 9, 18, 10000, 10000, 200, 100, 0),
(43, 9, 725, 10000, -3000, 200, 100, 2),
(44, 9, 725, 300, -12700, 200, 100, 2),
(45, 10, 726, 100, 120, 300, 120, 1),
(46, 10, 726, 100, 120, 300, 120, 1),
(48, 12, 6, 20, 42, 0, 900, 1),
(49, 13, 727, 20, -60, 0, 0, 2),
(50, 14, 727, 40, 0, 0, 0, 2),
(51, 15, 727, 300, 230, 100, 200, 2),
(52, 16, 725, 500, 500, 0, 150, 1),
(53, 17, 727, 70, 70, 0, 200, 1),
(54, 18, 1, 20, 0, 100, 200, 2),
(55, 19, 1, 20, 768, 200, 400, 2),
(56, 20, 728, 100, 100, 1500, 4500, 1),
(57, 21, 728, 200, 200, 4500, 5000, 1),
(58, 22, 728, 200, 200, 5500, 6000, 1),
(59, 23, 728, 200, 200, 7000, 8000, 1),
(60, 24, 728, 200, 200, 9000, 9500, 1),
(61, 25, 542, 1, 1, 9311.36, 11639.2, 1),
(62, 25, 88, 5, 3, 347.308, 434.134, 1),
(63, 25, 87, 5, 5, 466.754, 583.442, 1),
(64, 25, 219, 1, 1, 1201.05, 1501.32, 1),
(65, 25, 363, 2, 1, 3139.79, 3924.74, 1),
(66, 25, 119, 1, 0, 3595.65, 4494.56, 1),
(67, 25, 502, 1, 1, 7881.66, 9852.07, 1),
(68, 25, 115, 1, 1, 4883.96, 6104.95, 1),
(69, 26, 623, 21, 1, 9900.9, 17625.268, 1),
(70, 27, 232, 2, 2, 2620.995, 3276.245, 1),
(71, 27, 8, 1, 1, 4271.93, 5339.91, 2),
(72, 27, 529, 1, 1, 5008.41, 6260.51, 1),
(73, 27, 318, 4, 4, 6076.3225, 7595.4025, 1),
(74, 27, 137, 10, 10, 664.339, 830.424, 1),
(75, 28, 22, 1000, 1000, 700, 800, 1),
(76, 29, 144, 200, 200, 0, 0, 1),
(77, 30, 667, 20, 20, 1000, 1500, 1),
(78, 30, 662, 5, 20, 1500, 2000, 1),
(79, 30, 770, 200, 100, 5000, 6000, 2),
(80, 31, 120, 14, 14, 800.3100000000001, 1248.0621428571428, 1),
(81, 32, 729, 2, 2, 89.295, 117.495, 1),
(82, 32, 289, 2, 2, 316.175, 416.015, 1),
(83, 32, 198, 1, 1, 89.3, 117.49, 1),
(84, 32, 732, 1, 1, 2321.83, 3055.04, 1),
(85, 32, 733, 1, 1, 1580.88, 2080.11, 1),
(86, 32, 168, 10, 3, 158.082, 208.00300000000001, 1),
(87, 32, 734, 3, 3, 178.6, 234.99666666666667, 1),
(88, 32, 735, 1, 1, 158.08, 208, 1),
(89, 33, 611, 1, 1, 7300, 11648.6, 1),
(90, 33, 120, 2, 2, 799.999, 1248.0620000000001, 1),
(91, 33, 561, 1, 1, 1500, 2288.11, 1),
(92, 34, 640, 4, 2, 714.411, 940.015, 1),
(93, 34, 209, 2, 2, 89.295, 117.4925, 1),
(94, 34, 260, 2, 2, 948.525, 1248.06, 1),
(95, 34, 756, 1, 1, 2321.83, 3055.04, 1),
(96, 34, 762, 2, 2, 948.525, 1248.06, 1),
(97, 34, 753, 2, 2, 948.525, 1248.06, 1),
(98, 34, 763, 1, 1, 948.53, 1248.06, 1),
(99, 34, 754, 2, 2, 632.345, 832.035, 1),
(100, 34, 751, 2, 2, 357.205, 470.005, 1),
(101, 34, 764, 2, 2, 3636.025, 4784.245, 1),
(102, 34, 765, 1, 1, 9485.29, 12480.64, 1),
(103, 34, 766, 1, 1, 78727.87, 103589.31, 1),
(104, 34, 552, 5, 5, 535.804, 535.804, 1),
(105, 34, 638, 1, 1, 1264.7, 1264.7, 1),
(106, 26, 113, 75, 5, 468.024, 468.024, 1),
(107, 26, 321, 15, 3, 2800.53, 2800.53, 1),
(108, 35, 188, 3, 3, 948.5260000000001, 1248.0620000000001, 1),
(109, 35, 187, 2, 2, 2687.4900000000002, 3536.172, 1),
(110, 35, 760, 2, 2, 1659.92, 2184.105, 1),
(111, 35, 761, 2, 2, 7.8790000000000004, 10.367, 1),
(112, 35, 762, 5, 4, 158.082, 208.002, 1),
(113, 35, 274, 1, 1, 474.2633333333333, 624.0316666666666, 1),
(114, 35, 750, 1, 1, 5216.91, 6864.35, 1),
(115, 35, 764, 2, 2, 316.175, 416.015, 1),
(116, 35, 765, 2, 2, 316.175, 416.015, 1),
(117, 35, 766, 2, 2, 474.265, 624.03, 1),
(118, 35, 450, 1, 1, 1738.96, 2288.11, 1),
(119, 35, 302, 2, 2, 790.4375, 1040.0475, 1),
(120, 35, 479, 2, 2, 2845.58, 3744.185, 1),
(121, 35, 134, 1, 1, 316.17, 416.02, 1),
(122, 35, 59, 5, 5, 632.346, 832.034, 1),
(123, 35, 45, 5, 5, 632.346, 832.034, 1),
(124, 35, 767, 2, 2, 632.345, 832.035, 1),
(125, 35, 74, 5, 5, 632.346, 832.034, 1),
(126, 35, 768, 2, 2, 316.175, 416.015, 1),
(127, 35, 23, 2, 2, 2520, 2520, 1),
(128, 36, 769, 1, 1, 79.04, 104, 1),
(129, 36, 22, 5, 5, 474.263, 624.0311, 1),
(130, 36, 175, 5, 5, 893.01, 1175.013, 1),
(131, 36, 770, 1, 1, 2115.07, 2782.98, 1),
(132, 37, 745, 1, 1, 1493.44, 2590.53, 1),
(133, 37, 120, 6, 6, 800.31, 1248.0616666666667, 1),
(134, 37, 110, 1, 1, 384.556, 505.99399999999997, 1),
(135, 37, 243, 1, 1, 632.345, 832.0333333333333, 1),
(136, 37, 289, 4, 4, 316.1725, 416.0175, 1),
(137, 37, 262, 3, 3, 3161.763333333334, 4160.213333333333, 1),
(138, 37, 484, 4, 4, 2213.2275, 2912.14, 1),
(139, 37, 198, 10, 10, 89.295, 117.494, 1),
(140, 37, 750, 1, 1, 5216.91, 6864.35, 1),
(141, 37, 257, 20, 20, 178.5985, 234.998, 1),
(142, 37, 163, 2, 2, 2118.37, 2787.33, 1),
(143, 37, 312, 13, 13, 158.0823076923077, 208.00307692307692, 1),
(144, 37, 138, 5, 5, 316.17199999999997, 416.01599999999996, 1),
(145, 37, 26, 5, 5, 680.71, 895.6700000000001, 1),
(146, 37, 293, 1, 1, 316.17, 416.02, 1),
(147, 37, 146, 5, 5, 316.17199999999997, 416.01599999999996, 1),
(148, 37, 172, 5, 5, 178.598, 234.998, 1),
(149, 37, 274, 10, 10, 474.26300000000003, 624.0310000000001, 1),
(150, 37, 165, 3, 3, 893.0100000000001, 1175.0133333333333, 1),
(151, 37, 203, 10, 10, 79.037, 103.99600000000001, 1),
(152, 37, 376, 30, 30, 79.037, 103.99600000000001, 1),
(153, 37, 229, 5, 5, 948.5260000000001, 1248.0620000000001, 1),
(154, 37, 375, 10, 10, 714.411, 940.015, 1),
(155, 37, 343, 2, 2, 714.41, 940.015, 1),
(156, 37, 318, 5, 5, 5058.816000000001, 6656.336, 1),
(157, 37, 137, 5, 5, 683.316, 899.1, 1),
(158, 37, 144, 5, 5, 842.756, 1108.8899999999999, 1),
(159, 37, 135, 10, 10, 948.527, 1248.0620000000001, 1),
(160, 37, 51, 10, 5, 632.346, 832.034, 2),
(161, 37, 218, 10, 10, 790.4359999999999, 1040.048, 1),
(162, 37, 280, 6, 6, 961.3916666666668, 1264.99, 1),
(163, 37, 359, 2, 2, 7113.96, 9360.475, 1),
(164, 37, 434, 20, 20, 158.082, 208.00300000000001, 1),
(165, 37, 453, 2, 2, 393.76, 518.105, 1),
(166, 37, 751, 3, 3, 1149.7766666666666, 1512.8633333333335, 1),
(167, 37, 407, 5, 5, 421.454, 554.544, 1),
(168, 37, 481, 3, 3, 17863.95666666667, 23505.203333333335, 1),
(169, 38, 745, 1, 1, 1493.44, 2590.53, 1),
(170, 38, 746, 1, 1, 2441.31, 3212.25, 1),
(171, 38, 747, 1, 1, 919.53, 1209.91, 1),
(172, 38, 748, 1, 1, 1302.68, 1714.05, 1),
(173, 38, 749, 1, 1, 919.53, 1209.91, 1),
(174, 38, 120, 6, 6, 800.31, 1248.0616666666667, 1),
(175, 38, 110, 5, 5, 384.556, 505.99399999999997, 1),
(176, 38, 627, 5, 5, 158.082, 208.00300000000001, 1),
(177, 38, 211, 5, 5, 1422.79, 1872.0919999999999, 1),
(178, 38, 243, 2, 2, 632.345, 832.0333333333333, 1),
(179, 38, 220, 2, 2, 961.3916666666668, 1264.99, 1),
(180, 38, 95, 4, 4, 474.2625, 624.03, 1),
(181, 38, 100, 5, 5, 357.206, 470.008, 1),
(182, 38, 262, 3, 3, 3161.763333333334, 4160.213333333333, 1),
(183, 38, 484, 4, 4, 2213.2275, 2912.14, 1),
(184, 38, 198, 10, 10, 89.295, 117.494, 1),
(185, 38, 750, 1, 1, 5216.91, 6864.35, 1),
(186, 38, 257, 20, 20, 178.5985, 234.998, 1),
(187, 38, 163, 2, 2, 2118.37, 2787.33, 1),
(188, 38, 312, 13, 13, 158.0823076923077, 208.00307692307692, 1),
(189, 38, 138, 5, 5, 316.17199999999997, 416.01599999999996, 1),
(190, 38, 26, 5, 5, 680.71, 895.6700000000001, 1),
(191, 38, 293, 1, 1, 316.17, 416.02, 1),
(192, 38, 146, 5, 5, 316.17199999999997, 416.01599999999996, 1),
(193, 38, 172, 5, 5, 178.598, 234.998, 1),
(194, 38, 274, 10, 10, 474.26300000000003, 624.0310000000001, 1),
(195, 38, 165, 3, 3, 893.0100000000001, 1175.0133333333333, 1),
(196, 38, 203, 10, 10, 79.037, 103.99600000000001, 1),
(197, 38, 376, 30, 30, 79.037, 103.99600000000001, 1),
(198, 38, 229, 5, 5, 948.5260000000001, 1248.0620000000001, 1),
(199, 38, 375, 10, 10, 714.411, 940.015, 1),
(200, 38, 343, 2, 2, 714.41, 940.015, 1),
(201, 38, 318, 5, 5, 5058.816000000001, 6656.336, 1),
(202, 38, 137, 5, 5, 683.316, 899.1, 1),
(203, 38, 144, 5, 5, 842.756, 1108.8899999999999, 1),
(204, 38, 135, 10, 10, 948.527, 1248.0620000000001, 1),
(205, 38, 51, 10, 10, 632.346, 832.034, 1),
(206, 38, 218, 10, 10, 790.4359999999999, 1040.048, 1),
(207, 38, 280, 6, 6, 961.3916666666668, 1264.99, 1),
(208, 38, 359, 2, 2, 7113.96, 9360.475, 1),
(209, 38, 434, 20, 20, 158.082, 208.00300000000001, 1),
(210, 38, 453, 2, 2, 393.76, 518.105, 1),
(211, 38, 751, 3, 3, 1149.7766666666666, 1512.8633333333335, 1),
(212, 38, 407, 5, 5, 421.454, 554.544, 1),
(213, 38, 116, 20, 20, 2950.38, 4576.2305, 1),
(214, 38, 118, 20, 20, 2749.4700000000003, 3952.1995, 1),
(215, 38, 481, 3, 3, 17863.95666666667, 23505.203333333335, 1),
(216, 39, 199, 1, 1, 790.44, 1040.05, 1),
(217, 39, 188, 5, 5, 948.5260000000001, 1248.0620000000001, 1),
(218, 39, 187, 5, 5, 2687.4900000000002, 3536.172, 1),
(219, 39, 130, 3, 3, 3161.763333333334, 4160.213333333333, 1),
(220, 39, 163, 2, 2, 2118.37, 2787.33, 1),
(221, 39, 363, 5, 5, 2529.4080000000004, 3328.168, 1),
(222, 39, 755, 3, 3, 3799.53, 6240.32, 1),
(223, 39, 756, 1, 1, 1343.75, 1768.09, 1),
(224, 39, 412, 3, 3, 195.74, 257.55333333333334, 1),
(225, 39, 748, 1, 1, 1302.68, 1714.05, 1),
(226, 39, 747, 3, 3, 919.5333333333333, 1209.91, 1),
(227, 39, 147, 2, 2, 1897.055, 2496.125, 1),
(228, 39, 97, 1, 1, 632.35, 832.03, 1),
(229, 39, 695, 1, 1, 79.04, 104, 1),
(230, 39, 273, 5, 5, 2213.2259999999997, 2912.1400000000003, 1),
(231, 39, 757, 2, 2, 18500.37, 29121.495, 1),
(232, 39, 154, 2, 2, 3599.995, 5616.28, 1),
(233, 39, 758, 3, 3, 2299.92, 3735.273333333333, 1),
(234, 40, 254, 2, 2, 2845.58, 3744.185, 1),
(235, 40, 738, 1, 1, 2371.32, 3120.15, 1),
(236, 40, 739, 1, 1, 3319.84, 4368.22, 1),
(237, 40, 386, 2, 2, 1897.055, 2496.125, 1),
(238, 40, 105, 20, 20, 158.082, 208.00300000000001, 1),
(239, 40, 387, 3, 3, 1422.79, 1872.0933333333332, 1),
(240, 40, 150, 6, 6, 1264.7, 1664.0783333333331, 1),
(241, 40, 355, 10, 10, 79.037, 103.99600000000001, 1),
(242, 40, 102, 10, 10, 79.037, 103.99600000000001, 1),
(243, 40, 101, 10, 10, 96.137, 126.49600000000001, 1),
(244, 40, 260, 6, 6, 948.5266666666666, 1248.0616666666667, 1),
(245, 40, 202, 10, 10, 79.037, 103.99600000000001, 1),
(246, 40, 168, 10, 10, 158.082, 208.00300000000001, 1),
(247, 40, 321, 6, 6, 3572.0550000000003, 4700.073333333333, 1),
(248, 40, 182, 6, 6, 79.03666666666668, 103.99666666666667, 1),
(249, 40, 207, 10, 10, 79.037, 103.99600000000001, 1),
(250, 40, 180, 24, 24, 89.295, 117.49333333333334, 1),
(251, 40, 401, 5, 5, 79.036, 103.99600000000001, 1),
(252, 40, 258, 10, 10, 79.037, 103.99600000000001, 1),
(253, 40, 151, 10, 10, 474.26300000000003, 624.0310000000001, 1),
(254, 40, 257, 20, 20, 178.5985, 234.998, 1),
(255, 40, 466, 2, 2, 10591.895, 13936.705, 1),
(256, 40, 740, 3, 3, 535.8033333333334, 705.0066666666667, 1),
(257, 40, 741, 2, 2, 8694.84, 11440.58, 1),
(258, 40, 742, 1, 1, 20077.18, 26417.35, 1),
(259, 40, 146, 10, 10, 316.173, 416.017, 1),
(260, 40, 743, 10, 10, 158.082, 208.00300000000001, 1),
(261, 40, 368, 2, 2, 6007.345, 7904.4, 1),
(262, 41, 744, 1, 1, 15764.35, 20742.57, 1),
(263, 41, 732, 1, 1, 2321.83, 3055.04, 1),
(264, 42, 767, 1, 1, 865.26, 1138.49, 1),
(265, 42, 16, 1, 1, 1106.61, 1456.06, 1),
(266, 42, 341, 2, 2, 5800.005, 9165.135, 1),
(267, 42, 578, 5, 5, 4999.996, 7696.384, 1),
(268, 42, 505, 2, 2, 3299.995, 5200.26, 1),
(269, 43, 332, 1, 1, 1106.61, 1456.065, 1),
(270, 43, 751, 1, 1, 357.205, 470.005, 1),
(271, 43, 755, 1, 1, 7113.96, 9360.47, 1),
(272, 43, 756, 1, 1, 2321.83, 3055.04, 1),
(273, 43, 552, 5, 5, 535.804, 705.0060000000001, 1),
(274, 43, 757, 1, 1, 17389.69, 22881.17, 1),
(275, 43, 758, 1, 1, 22922.77, 30161.54, 1),
(276, 43, 483, 2, 2, 1897.055, 2496.125, 1),
(277, 43, 11, 2, 2, 3003.67, 3952.2, 1),
(278, 43, 12, 2, 1, 1106.61, 1456.065, 2),
(279, 43, 599, 1, 1, 1818.01, 2392.12, 1),
(280, 43, 29, 2, 2, 96.135, 126.495, 1),
(281, 43, 600, 1, 1, 474.26, 624.03, 1),
(282, 43, 648, 1, 1, 15018.37, 19761.01, 1),
(283, 43, 447, 1, 1, 2307.35, 3035.98, 1),
(284, 42, 120, 10, 10, 948.527, 948.527, 1),
(285, 42, 118, 5, 5, 2499.998, 2499.998, 1),
(286, 42, 116, 5, 5, 2950.002, 2950.002, 1),
(287, 42, 135, 12, 12, 689.9983333333333, 689.9983333333333, 1),
(288, 42, 137, 12, 12, 599.9991666666666, 599.9991666666666, 1),
(289, 42, 144, 12, 12, 650.005, 650.005, 1),
(290, 42, 529, 5, 5, 2899.998, 2899.998, 1),
(291, 32, 730, 6, 6, 89.295, 89.295, 1),
(292, 32, 731, 6, 6, 79.03666666666668, 79.03666666666668, 1),
(293, 44, 747, 1, 1, 2846.23, 3794.98, 1),
(294, 44, 748, 2, 2, 624.025, 832.035, 1),
(295, 44, 533, 2, 2, 468.025, 624.03, 1),
(296, 45, 503, 1, 1, 23199.68, 37253.38, 1),
(297, 45, 23, 3, 3, 3000.48, 4330.38, 1),
(298, 45, 325, 2, 2, 11800.32, 16965.445, 1),
(299, 46, 549, 1, 1, 7878.53, 14097.01, 1),
(300, 46, 362, 1, 1, 4901.14, 6448.87, 1),
(301, 46, 353, 5, 5, 449.48400000000004, 591.428, 1),
(302, 46, 171, 1, 1, 1093.09, 1438.27, 1),
(303, 47, 781, 200, 200, 2000, 3000, 1),
(304, 45, 501, 2, 2, 300.16, 300.16, 1),
(305, 45, 374, 1, 1, 7000, 7000, 1),
(306, 45, 502, 1, 1, 6799.52, 6799.52, 1),
(307, 45, 139, 10, 10, 320.32, 320.32, 1),
(308, 45, 135, 10, 10, 850.0799999999999, 850.0799999999999, 1),
(309, 48, 439, 2, 2, 1591.28, 1872.095, 1),
(310, 48, 774, 9, 1, 938.7819999999999, 1104.45, 1),
(311, 48, 164, 2, 2, 2298.515, 2704.14, 1),
(312, 48, 526, 1, 1, 12473.07, 14674.2, 1),
(313, 48, 327, 2, 2, 10499.49, 15490.05, 1),
(314, 49, 775, 1, 1, 8215.81, 10810.28, 1),
(315, 49, 776, 1, 1, 13437.49, 17680.9, 1),
(316, 49, 338, 2, 2, 1820.495, 2395.39, 1),
(317, 49, 777, 2, 2, 2213.225, 2912.14, 1),
(318, 49, 482, 2, 2, 3319.845, 4368.215, 1),
(319, 49, 368, 3, 3, 6007.343333333333, 7904.400000000001, 1),
(320, 49, 778, 3, 3, 1738.9633333333334, 2288.11, 1),
(321, 49, 716, 3, 3, 1738.9633333333334, 2288.11, 1),
(322, 49, 21, 1, 1, 900.21, 1456.06, 1),
(323, 49, 129, 2, 2, 1106.61, 1456.065, 1),
(324, 49, 359, 3, 3, 7113.96, 9360.473333333333, 1),
(325, 49, 19, 10, 8, 474.26300000000003, 624.0310000000001, 2),
(326, 49, 522, 5, 5, 1070.09, 1408.0120000000002, 1),
(327, 49, 611, 1, 1, 8852.93, 11648.6, 1),
(328, 49, 772, 2, 2, 15808.81, 20801.065, 1),
(329, 49, 271, 4, 4, 1422.79, 1872.0925, 1),
(330, 49, 272, 4, 4, 1422.79, 1872.0925, 1),
(331, 49, 229, 2, 2, 948.525, 1248.06, 1),
(332, 49, 228, 2, 2, 1153.675, 1517.99, 1),
(333, 49, 779, 2, 2, 3636.025, 4784.245, 1),
(334, 49, 482, 2, 2, 3319.845, 4368.215, 1),
(335, 49, 780, 5, 5, 1160.212, 1526.594, 1),
(336, 49, 374, 2, 2, 7113.96, 9360.475, 1),
(337, 49, 741, 2, 2, 8694.84, 11440.58, 1),
(338, 49, 368, 1, 1, 6007.34, 7904.4, 1),
(339, 49, 26, 10, 10, 680.7090000000001, 895.6700000000001, 1),
(340, 49, 773, 2, 2, 4806.975, 6324.97, 1),
(341, 49, 187, 10, 10, 2687.4900000000002, 3536.171, 1),
(342, 49, 188, 10, 10, 948.527, 1248.0620000000001, 1),
(343, 49, 254, 5, 5, 2845.58, 3744.186, 1),
(344, 50, 228, 4, 4, 1138.4925, 1517.9925, 1),
(345, 50, 558, 2, 2, 312.015, 416.015, 1),
(346, 50, 134, 10, 10, 312.01300000000003, 416.017, 1),
(347, 50, 584, 4, 4, 1233.765, 1645.02, 1),
(348, 50, 678, 4, 4, 352.505, 470.0075, 1),
(349, 50, 63, 4, 4, 176.2475, 234.9975, 1),
(350, 50, 741, 2, 2, 3198.155, 4264.21, 1),
(351, 50, 240, 2, 2, 858.04, 1144.055, 1),
(352, 50, 300, 5, 5, 352.506, 470.008, 1),
(353, 50, 100, 5, 5, 352.506, 470.008, 1),
(354, 50, 742, 1, 1, 10296.53, 13728.7, 1),
(355, 50, 743, 1, 1, 10296.53, 13728.7, 1),
(356, 50, 65, 5, 5, 468.024, 624.03, 1),
(357, 50, 62, 15, 15, 312.01266666666663, 416.01666666666665, 1),
(358, 50, 120, 5, 5, 936.0459999999999, 1248.0620000000001, 1),
(359, 50, 70, 10, 10, 312.01300000000003, 416.017, 1),
(360, 50, 744, 2, 2, 936.045, 1248.06, 1),
(361, 50, 607, 2, 2, 702.03, 936.04, 1),
(362, 50, 745, 2, 2, 1092.05, 1456.065, 1),
(363, 50, 50, 1, 1, 7020.36, 9360.47, 1),
(364, 50, 280, 2, 2, 948.74, 1264.99, 1),
(365, 50, 110, 2, 2, 379.495, 505.995, 1),
(366, 50, 746, 1, 1, 7020.36, 9360.47, 1),
(367, 50, 535, 4, 4, 1716.0825, 2288.11, 1),
(368, 50, 165, 2, 2, 881.26, 1175.015, 1),
(369, 50, 690, 1, 1, 6864.35, 9152.46, 1),
(370, 50, 53, 2, 2, 1990.23, 3536.17, 1),
(371, 50, 502, 3, 3, 4749.69, 9360.473333333333, 1),
(372, 50, 115, 10, 10, 3749.5800000000004, 6240.32, 1),
(373, 50, 538, 4, 4, 2200.02, 3848.1925, 1),
(374, 50, 505, 4, 4, 2900.43, 5200.26, 1),
(375, 50, 623, 1, 1, 9900.09, 17625.27, 1),
(376, 50, 328, 2, 2, 7899.87, 13520.69, 1),
(377, 50, 321, 2, 2, 2800.53, 4700.075, 1),
(378, 50, 204, 10, 10, 499.5, 758.996, 1),
(379, 50, 107, 10, 10, 1449.66, 2288.1099999999997, 1),
(380, 51, 649, 1, 1, 1036.06, 1363.23, 1),
(381, 51, 623, 1, 1, 12696.67, 16706.14, 1),
(382, 51, 650, 1, 1, 7687.71, 10115.4, 1),
(383, 52, 642, 1, 1, 3980.4, 5237.37, 1),
(384, 52, 204, 6, 6, 535.5066666666667, 704.6149999999999, 1),
(385, 52, 23, 3, 3, 3291.0866666666666, 4330.38, 1),
(386, 53, 630, 1, 1, 9387.37, 12351.81, 1),
(387, 53, 631, 1, 1, 2024.32, 2663.58, 1),
(388, 53, 632, 1, 1, 1994.03, 2623.72, 1),
(389, 46, 181, 5, 5, 97.026, 97.026, 1),
(390, 46, 47, 10, 10, 382.393, 382.393, 1),
(391, 46, 62, 20, 20, 330.26550000000003, 330.26550000000003, 1),
(392, 54, 550, 10, 10, 721.205, 948.9540000000001, 1),
(393, 54, 192, 4, 4, 86.0575, 113.2325, 1),
(394, 54, 254, 1, 1, 3123.98, 4110.5, 1),
(395, 54, 232, 1, 1, 2489.95, 3276.25, 1),
(396, 54, 544, 4, 4, 324.0775, 426.4175, 1),
(397, 54, 651, 1, 1, 874.4, 1150.53, 1),
(398, 54, 652, 3, 3, 884.8466666666667, 1164.2733333333333, 1),
(399, 54, 45, 5, 5, 903.3700000000001, 1188.644, 1),
(400, 54, 475, 2, 2, 3365.815, 4428.705, 1),
(401, 54, 243, 1, 1, 737.41, 970.28, 1),
(402, 54, 219, 1, 1, 1141, 1501.32, 1),
(403, 54, 534, 1, 1, 501.68, 660.11, 1),
(404, 54, 590, 1, 1, 4738.57, 6234.96, 1),
(405, 55, 643, 1, 1, 2324.79, 3058.93, 1),
(406, 55, 584, 4, 4, 1825.655, 2402.175, 1),
(407, 56, 255, 2, 2, 1200.64, 4885.675, 1),
(408, 56, 117, 1, 1, 4718, 8067.73, 1),
(409, 56, 49, 1, 1, 6900, 14634.72, 1),
(410, 56, 286, 10, 10, 370.216, 635.578, 1),
(411, 56, 578, 2, 2, 6773.565, 8466.955, 1),
(412, 56, 359, 1, 1, 14043.57, 17554.47, 1),
(413, 56, 316, 2, 2, 304.835, 381.045, 1),
(414, 56, 204, 4, 4, 563.6925, 704.615, 1),
(415, 56, 506, 10, 10, 433.413, 541.766, 1),
(416, 56, 579, 3, 3, 395.56666666666666, 494.45666666666665, 1),
(417, 56, 580, 10, 10, 61.985, 77.482, 1),
(418, 56, 581, 10, 10, 132.886, 166.107, 1),
(419, 57, 201, 1, 1, 3662.76, 4578.45, 1),
(420, 57, 188, 2, 2, 1970.125, 2462.655, 1),
(421, 57, 195, 10, 10, 128.477, 160.597, 1),
(422, 57, 217, 2, 2, 816.935, 1021.17, 1),
(423, 57, 588, 10, 10, 84.815, 106.019, 1),
(424, 57, 197, 4, 4, 85.065, 106.3325, 1),
(425, 57, 204, 5, 5, 563.692, 704.614, 1),
(426, 58, 152, 2, 2, 690.035, 862.545, 1),
(427, 58, 157, 2, 2, 393.355, 491.69, 1),
(428, 59, 159, 3, 3, 768.9266666666667, 839.5300000000001, 1),
(429, 59, 668, 2, 2, 8195.99, 11543.65, 1),
(430, 59, 503, 1, 1, 29058.52, 40927.5, 1),
(431, 59, 669, 3, 3, 1937.2333333333333, 2728.5, 1),
(432, 59, 542, 2, 2, 8195.99, 11543.65, 1),
(433, 59, 670, 1, 1, 1192.14, 1679.07, 1),
(434, 59, 671, 1, 1, 745.09, 1049.42, 1),
(435, 59, 244, 2, 2, 447.055, 629.655, 1),
(436, 59, 243, 2, 2, 596.065, 839.53, 1),
(437, 59, 651, 1, 1, 596.07, 839.53, 1),
(438, 59, 252, 5, 5, 3748.6400000000003, 5037.222, 1),
(439, 59, 23, 2, 2, 3030.405, 4268.175, 1),
(440, 59, 122, 1, 1, 3278.39, 4617.46, 1),
(441, 59, 111, 2, 2, 596.065, 839.53, 1),
(442, 59, 387, 5, 5, 1341.16, 1888.958, 1),
(443, 59, 672, 2, 2, 996.855, 1404.02, 1),
(444, 59, 537, 3, 3, 1788.2133333333334, 2518.61, 1),
(445, 59, 138, 10, 10, 298.033, 419.765, 1),
(446, 59, 174, 2, 2, 336.71, 474.24, 1),
(447, 59, 92, 5, 5, 745.086, 1049.4180000000001, 1),
(448, 59, 523, 2, 2, 596.065, 839.53, 1),
(449, 59, 21, 1, 1, 1043.12, 1469.18, 1),
(450, 59, 673, 1, 1, 6705.81, 9444.8, 1),
(451, 59, 543, 10, 10, 298.033, 419.765, 1),
(452, 59, 321, 5, 5, 3367.1160000000004, 4742.416, 1),
(453, 59, 502, 3, 3, 6705.81, 9444.803333333333, 1),
(454, 59, 112, 2, 2, 298.035, 419.765, 1),
(455, 59, 155, 5, 5, 2384.288, 3358.1519999999996, 1),
(456, 59, 674, 1, 1, 745.09, 1049.42, 1),
(457, 59, 59, 10, 10, 596.066, 839.53, 1),
(458, 59, 640, 5, 5, 673.424, 948.484, 1),
(459, 59, 60, 1, 1, 5215.63, 7345.96, 1),
(460, 59, 139, 30, 30, 298.033, 419.7646666666667, 1),
(461, 59, 187, 15, 15, 2533.300666666667, 3568.0286666666666, 1),
(462, 59, 342, 3, 3, 1192.14, 1679.07, 1),
(463, 59, 107, 10, 10, 1639.193, 2308.723, 1),
(464, 59, 482, 2, 2, 3129.375, 4407.57, 1),
(465, 59, 622, 2, 2, 3427.415, 4827.345, 1),
(466, 59, 363, 3, 3, 2384.2866666666664, 3358.153333333333, 1),
(467, 59, 87, 20, 20, 336.7115, 474.2415, 1),
(468, 59, 675, 2, 2, 1937.235, 2728.5, 1),
(469, 59, 384, 5, 5, 1515.1979999999999, 2134.082, 1),
(470, 59, 341, 1, 1, 6565.87, 9247.71, 1),
(471, 59, 201, 2, 2, 2235.265, 3148.265, 1),
(472, 59, 188, 10, 10, 894.107, 1259.306, 1),
(473, 59, 50, 1, 1, 6705.81, 9444.8, 1),
(474, 59, 676, 1, 1, 3427.42, 4827.35, 1),
(475, 59, 359, 1, 1, 6705.81, 9444.8, 1),
(476, 59, 281, 1, 1, 7897.96, 11123.88, 1),
(477, 60, 771, 1000, 0, 4500, 5500, 2),
(478, 48, 107, 60, 30, 1449.66, 1449.66, 1),
(479, 48, 481, 8, 4, 19979.425, 19979.425, 1),
(480, 48, 414, 2, 1, 10431.73, 10431.73, 1),
(481, 48, 773, 4, 2, 5376.225, 5376.225, 1),
(482, 48, 321, 8, 4, 3320.01, 3320.01, 1),
(483, 61, 2, 100, 18, 200, 4000, 2),
(484, 62, 488, 4, 4, 265.515, 349.3625, 1),
(485, 62, 317, 2, 2, 1339.11, 1761.985, 1),
(486, 62, 328, 2, 2, 9110.19, 11987.09, 1),
(487, 62, 319, 1, 1, 6669.19, 8775.24, 1),
(488, 62, 144, 12, 12, 723.7583333333333, 952.3133333333334, 1),
(489, 62, 428, 2, 2, 8969.425, 11801.875, 1),
(490, 62, 137, 10, 10, 631.1220000000001, 830.424, 1),
(491, 62, 82, 2, 2, 1365.785, 1797.085, 1),
(492, 62, 25, 1, 1, 1590.89, 2093.28, 1),
(493, 62, 88, 10, 10, 329.942, 434.134, 1),
(494, 62, 9, 2, 2, 533.345, 701.77, 1),
(495, 62, 257, 20, 20, 207.22449999999998, 272.664, 1),
(496, 62, 489, 20, 20, 67.3385, 88.603, 1),
(497, 62, 151, 25, 25, 390.19, 513.408, 1),
(498, 62, 211, 2, 2, 1550.255, 2039.81, 1),
(499, 62, 228, 5, 5, 1054.636, 1387.6799999999998, 1),
(500, 62, 241, 1, 1, 2098.57, 2761.28, 1),
(501, 62, 490, 3, 3, 1978.58, 2603.3966666666665, 1),
(502, 62, 77, 2, 2, 417.635, 549.515, 1),
(503, 62, 101, 4, 4, 75.875, 99.8375, 1),
(504, 62, 491, 3, 3, 416.61999999999995, 548.1833333333333, 1),
(505, 62, 484, 1, 1, 2305.98, 3034.18, 1),
(506, 62, 134, 5, 5, 291.78200000000004, 383.924, 1),
(507, 62, 492, 2, 2, 15.74, 20.71, 1),
(508, 62, 493, 2, 2, 765.715, 1007.52, 1),
(509, 62, 267, 2, 2, 645.815, 849.755, 1),
(510, 62, 494, 2, 2, 497.9, 655.135, 1),
(511, 62, 170, 3, 3, 450.95666666666665, 593.3633333333333, 1),
(512, 62, 350, 20, 20, 62.444, 82.163, 1),
(513, 62, 495, 3, 3, 219.04, 288.21, 1),
(514, 62, 102, 10, 10, 70.173, 92.333, 1),
(515, 62, 496, 20, 20, 71.041, 93.475, 1),
(516, 62, 497, 2, 2, 435.455, 572.97, 1),
(517, 62, 128, 3, 3, 237.58666666666667, 312.61333333333334, 1),
(518, 62, 498, 5, 5, 67.9, 89.342, 1),
(519, 62, 499, 1, 1, 711.66, 936.4, 1),
(520, 62, 500, 1, 1, 52.4, 82.26, 1),
(521, 62, 203, 10, 10, 70.045, 92.16499999999999, 1),
(522, 63, 1, 100, 0, 0, 0, 2),
(523, 64, 2, 50, 52, 4000, 2000, 1),
(524, 65, 140, 500, 501, 2500, 5000, 1),
(525, 66, 540, 2, 2, 1451.42, 1814.275, 1),
(526, 66, 426, 1, 1, 2814.4, 3518, 1),
(527, 66, 195, 4, 4, 128.4775, 160.5975, 1),
(528, 66, 164, 1, 1, 2356.23, 2945.29, 1),
(529, 66, 155, 2, 2, 3033.81, 3792.265, 1),
(530, 66, 59, 4, 4, 802.4925, 1003.1175, 1),
(531, 66, 376, 5, 5, 96.16799999999999, 120.21, 1),
(532, 66, 149, 3, 3, 2298.85, 2873.56, 1),
(533, 66, 187, 1, 1, 3433.36, 4291.69, 1),
(534, 66, 23, 1, 1, 3464.3, 4330.38, 1),
(535, 66, 342, 2, 2, 1695.815, 2119.77, 1),
(536, 66, 541, 2, 2, 1470.12, 1837.65, 1),
(537, 66, 503, 1, 1, 29802.71, 37253.38, 1),
(538, 66, 116, 2, 2, 4157.585, 5196.98, 1),
(539, 67, 194, 4, 4, 213.695, 267.12, 1),
(540, 67, 529, 1, 1, 5008.41, 6260.51, 1),
(541, 67, 537, 2, 2, 2471.73, 3089.665, 1),
(542, 67, 535, 2, 2, 1945.495, 2431.865, 1),
(543, 67, 551, 2, 2, 253.99, 317.485, 1),
(544, 67, 2, 2, 2, 1633.54, 2041.93, 1),
(545, 67, 314, 5, 5, 1499.16, 1873.95, 1),
(546, 67, 313, 5, 5, 1535.834, 1919.792, 1),
(547, 67, 552, 2, 2, 354.675, 443.34, 1),
(548, 67, 553, 10, 10, 1917.825, 2397.282, 1),
(549, 67, 221, 10, 10, 97.485, 121.856, 1),
(550, 67, 149, 5, 5, 2298.85, 2873.562, 1),
(551, 67, 325, 1, 1, 13572.36, 16965.45, 1),
(552, 67, 554, 2, 2, 839.58, 1049.475, 1),
(553, 67, 555, 2, 2, 1258.17, 1572.715, 1),
(554, 67, 201, 1, 1, 3662.76, 4578.45, 1),
(555, 67, 193, 4, 4, 652.575, 815.7175, 1),
(556, 67, 433, 4, 4, 662.565, 828.2075, 1),
(557, 67, 195, 4, 4, 128.4775, 160.5975, 1),
(558, 67, 556, 10, 10, 347.048, 433.81000000000006, 1),
(559, 67, 376, 10, 10, 96.16799999999999, 120.21, 1),
(560, 67, 557, 2, 2, 722.025, 902.53, 1),
(561, 67, 238, 2, 2, 1238.255, 1547.82, 1),
(562, 67, 558, 2, 2, 425.985, 532.48, 1),
(563, 67, 559, 3, 3, 582.0633333333334, 1007.8533333333334, 1),
(564, 67, 23, 1, 1, 3464.3, 4330.38, 1),
(565, 67, 560, 1, 1, 8644.63, 10805.79, 1),
(566, 67, 151, 5, 5, 410.726, 513.408, 1),
(567, 67, 561, 1, 1, 1958.6, 2448.25, 1),
(568, 67, 413, 1, 1, 1220.71, 1525.89, 1),
(569, 67, 562, 1, 1, 8244.86, 10306.07, 1),
(570, 67, 521, 1, 1, 137.94, 172.42, 1),
(571, 67, 257, 5, 5, 218.132, 272.664, 1),
(572, 67, 21, 2, 2, 1754.555, 2193.195, 1),
(573, 67, 318, 2, 2, 6076.325, 7595.405, 1),
(574, 67, 319, 1, 1, 7020.2, 8775.24, 1),
(575, 67, 563, 2, 2, 300, 375, 1),
(576, 67, 62, 10, 10, 347.648, 434.56000000000006, 1),
(577, 67, 386, 1, 1, 3007.14, 3758.92, 1),
(578, 67, 564, 3, 3, 507.0833333333333, 633.8533333333334, 1),
(579, 67, 565, 3, 3, 1125.9766666666667, 1407.47, 1),
(580, 67, 566, 3, 3, 1498.6866666666667, 1873.3566666666666, 1),
(581, 67, 541, 2, 2, 1470.12, 1837.65, 1),
(582, 67, 3, 3, 2, 1137.8833333333334, 1422.3566666666666, 2),
(583, 67, 567, 2, 2, 970.19, 1212.735, 1),
(584, 67, 568, 2, 2, 2994.745, 3743.43, 1),
(585, 67, 569, 1, 1, 8538.28, 10672.85, 1),
(586, 67, 570, 4, 4, 270.145, 337.68, 1),
(587, 67, 571, 1, 1, 12542.11, 15677.64, 1),
(588, 68, 735, 1, 1, 2964.15, 3952.2, 1),
(589, 68, 535, 2, 2, 1716.08, 2288.11, 1),
(590, 68, 543, 1, 1, 312.01, 416.02, 1),
(591, 68, 531, 4, 4, 468.0225, 624.03, 1),
(592, 68, 538, 2, 2, 2200.02, 3848.19, 1),
(593, 68, 736, 2, 2, 3432.175, 4576.23, 1),
(594, 68, 737, 2, 2, 3432.175, 4576.23, 1),
(595, 68, 738, 1, 1, 4406.31, 5875.09, 1),
(596, 68, 156, 4, 4, 312.0125, 416.0175, 1),
(597, 68, 45, 5, 5, 624.0260000000001, 832.034, 1),
(598, 68, 134, 8, 8, 312.0125, 416.0175, 1),
(599, 68, 739, 1, 1, 4409.67, 7280.37, 1),
(600, 68, 544, 2, 2, 312.015, 416.015, 1),
(601, 68, 387, 3, 3, 1404.07, 1872.0933333333332, 1),
(602, 68, 262, 1, 1, 3120.16, 4160.21, 1),
(603, 68, 740, 2, 2, 702.03, 936.04, 1),
(604, 68, 217, 3, 3, 780.0366666666667, 1040.0466666666666, 1),
(605, 68, 276, 2, 2, 1233.765, 1645.02, 1),
(606, 68, 277, 2, 2, 1233.765, 1645.02, 1),
(607, 69, 509, 1, 1, 79.725, 99.66, 1),
(608, 69, 363, 1, 1, 3139.79, 3924.74, 1),
(609, 69, 572, 10, 10, 139.498, 174.373, 1),
(610, 70, 114, 2, 2, 1086.03, 1428.985, 1),
(611, 70, 584, 2, 2, 1825.655, 2402.175, 1),
(612, 70, 120, 5, 5, 1449.9959999999999, 2227.602, 1),
(613, 70, 118, 5, 5, 2699.996, 4056.5160000000005, 1),
(614, 70, 116, 2, 2, 3399.996, 5196.9800000000005, 1),
(615, 70, 23, 2, 2, 3291.09, 3291.09, 1),
(616, 71, 573, 1, 1, 2342.64, 2928.3, 1),
(617, 71, 574, 1, 1, 20958.88, 26198.6, 1),
(618, 68, 734, 1, 1, 1379, 1379, 1),
(619, 72, 782, 300, 300, 400, 450, 1),
(620, 73, 782, 200, 200, 500, 550, 1);

-- --------------------------------------------------------

--
-- Table structure for table `supplier`
--

CREATE TABLE IF NOT EXISTS `supplier` (
  `SupplierID` int(11) NOT NULL AUTO_INCREMENT,
  `SupplierName` varchar(45) NOT NULL,
  `AddedDate` varchar(20) NOT NULL,
  `Address` varchar(45) DEFAULT NULL,
  `ContactNo` varchar(20) NOT NULL,
  `Status` int(11) NOT NULL,
  PRIMARY KEY (`SupplierID`)
) ENGINE=InnoDB  DEFAULT CHARSET=latin1 AUTO_INCREMENT=3 ;

--
-- Dumping data for table `supplier`
--

INSERT INTO `supplier` (`SupplierID`, `SupplierName`, `AddedDate`, `Address`, `ContactNo`, `Status`) VALUES
(1, 'DIMO', '2014-07-08', '-', '-', 1),
(2, 'tvs', '2014-08-22', 'No:17/vejerama mawatha.', '0777854286', 1);

-- --------------------------------------------------------

--
-- Table structure for table `tbl_counter`
--

CREATE TABLE IF NOT EXISTS `tbl_counter` (
  `dis_id` int(11) NOT NULL AUTO_INCREMENT,
  `employee_id` int(11) DEFAULT NULL,
  `addedDate` varchar(200) DEFAULT NULL,
  `addedTime` varchar(200) DEFAULT NULL,
  `date` varchar(150) DEFAULT NULL,
  `amount` double DEFAULT NULL,
  `discount` double DEFAULT NULL,
  `commision` varchar(200) DEFAULT NULL,
  PRIMARY KEY (`dis_id`)
) ENGINE=InnoDB  DEFAULT CHARSET=latin1 AUTO_INCREMENT=23 ;

--
-- Dumping data for table `tbl_counter`
--

INSERT INTO `tbl_counter` (`dis_id`, `employee_id`, `addedDate`, `addedTime`, `date`, `amount`, `discount`, `commision`) VALUES
(1, 0, '10:04:28', '2015-03-25', '2015-03-18', 832.04, 2, '16.6408'),
(2, 0, '16:13:53', '2015-03-25', '2015-03-25', 115.49, 2, '2.3098'),
(3, 0, '16:20:54', '2015-03-25', '2015-03-25', 8460.14, 3, ''),
(4, 0, '16:21:34', '2015-03-25', '2015-03-25', 8460.14, 1, '84.6014'),
(5, 0, '14:34:24', '2015-03-26', '2015-03-26', 4230.07, 2, ''),
(6, 0, '14:56:56', '2015-03-26', '2015-03-26', 4230.07, 2, ''),
(7, 1, '15:53:46', '2015-03-26', '2015-03-26', 5000, 2, ''),
(8, 2, '16:41:05', '2015-03-26', '2015-03-26', 416.02, 2, ''),
(9, 1, '16:44:05', '2015-03-26', '2015-03-26', 5200, 2, '104.0'),
(10, 6, '09:03:50', '2015-03-27', '2015-03-27', 1011.99, 2, '20.2398'),
(11, 2, '11:23:30', '2015-03-27', '2015-03-27', 1011.99, 2, '20.2398'),
(12, 0, '2015-04-01', '14:33:08', '2015-04-01', 1264.99, 2, '25.2998'),
(13, 1, '2015-04-01', '15:00:29', '2015-04-01', 1011.99, 2, '20.2398'),
(14, 2, '2015-04-02', '08:46:52', '2015-04-02', 1011.99, 2, '1011.99'),
(15, 2, '2015-04-02', '11:42:38', '2015-04-02', 1011.99, 2, '20.2398'),
(16, 1, '2015-04-05', '14:19:05', '2015-04-05', 1011.99, 2, '20.2398'),
(17, 1, '2015-04-08', '09:04:35', '2015-04-08', 832.04, 2, '16.6408'),
(18, 1, '2015-04-08', '09:30:15', '2015-04-08', 4000, 6, '240.0'),
(19, 1, '2015-04-08', '10:03:06', '2015-04-08', 4000, 6, '240.0'),
(20, 1, '2015-04-08', '10:05:28', '2015-04-08', 4000, 6, '240.0'),
(21, 1, '2015-04-08', '10:46:32', '2015-04-08', 4000, 6, '240.0'),
(22, 1, '2015-04-09', '20:23:56', '2015-04-09', 4000, 1, '40.0');

-- --------------------------------------------------------

--
-- Table structure for table `tbl_customer_return`
--

CREATE TABLE IF NOT EXISTS `tbl_customer_return` (
  `customer_return_id` int(11) NOT NULL AUTO_INCREMENT,
  `return_no` varchar(45) NOT NULL,
  `sales_order_id` int(11) DEFAULT NULL,
  `return_date` varchar(45) DEFAULT NULL,
  `return_time` varchar(45) DEFAULT NULL,
  `amount` double NOT NULL,
  `status` int(11) DEFAULT '1',
  `returns` int(20) NOT NULL DEFAULT '1' COMMENT '0 - qty,  2 - financial',
  PRIMARY KEY (`customer_return_id`),
  KEY `fk_sales_order_id_return_idx` (`sales_order_id`)
) ENGINE=InnoDB  DEFAULT CHARSET=latin1 AUTO_INCREMENT=26 ;

--
-- Dumping data for table `tbl_customer_return`
--

INSERT INTO `tbl_customer_return` (`customer_return_id`, `return_no`, `sales_order_id`, `return_date`, `return_time`, `amount`, `status`, `returns`) VALUES
(1, 'RN00001', 13, '2015-11-16', '13:28:03', 0, 1, 2),
(2, 'RN00002', 17, '2015-11-19', '09:50:52', 8000, 1, 0),
(3, 'RN00003', 18, '2015-11-19', '09:53:56', 20000, 1, 0),
(4, 'RN00004', 19, '2015-11-19', '11:12:51', 4000, 1, 0),
(5, 'RN00005', 20, '2015-11-19', '11:54:16', 9000, 1, 0),
(6, 'RN00006', 20, '2015-11-19', '12:46:14', 900, 1, 0),
(7, 'RN00007', 20, '2015-11-19', '12:46:29', 0, 1, 0),
(8, 'RN00008', 20, '2015-11-19', '12:48:41', 8100, 1, 0),
(9, 'RN00009', 20, '2015-11-19', '13:53:43', 9000, 1, 0),
(10, 'RN00010', 20, '2015-11-19', '14:10:15', 9000, 1, 0),
(11, 'RN00011', 20, '2015-11-19', '14:41:02', 54000, 1, 0),
(12, 'RN00012', 21, '2015-11-23', '08:47:56', 800, 1, 0),
(13, 'RN00013', 22, '2015-11-23', '09:50:45', 3000, 1, 0),
(14, 'RN00014', 23, '2015-11-23', '10:15:27', 0, 1, 0),
(15, 'RN00015', 23, '2015-11-23', '10:15:35', 0, 1, 0),
(16, 'RN00016', 23, '2015-11-23', '11:29:03', 1800, 1, 0),
(17, 'RN00017', 27, '2015-11-23', '14:12:06', 27200, 1, 0),
(18, 'RN00018', 27, '2015-11-23', '15:52:12', 280000, 1, 0),
(19, 'RN00019', 29, '2015-12-11', '09:22:40', 200, 1, 2),
(20, 'RN00020', 30, '2016-01-13', '16:08:45', 3160.15, 1, 2),
(21, 'RN00021', 31, '2016-01-18', '13:20:41', 2000, 1, 0),
(22, 'RN00022', 31, '2016-01-18', '13:21:25', 1800, 1, 2),
(23, 'RN00023', 35, '2016-01-21', '11:23:11', 2000, 1, 0),
(24, 'RN00024', 36, '2016-01-21', '11:37:27', 5339.91, 1, 0),
(25, 'RN00025', 31, '2016-01-22', '09:16:16', 100, 1, 2);

-- --------------------------------------------------------

--
-- Table structure for table `tbl_customer_return_detail`
--

CREATE TABLE IF NOT EXISTS `tbl_customer_return_detail` (
  `customer_return_detail_id` int(11) NOT NULL AUTO_INCREMENT,
  `customer_return_id` int(11) DEFAULT NULL,
  `item_id` int(11) DEFAULT NULL,
  `return_quantity` double DEFAULT NULL,
  `unit_price` double NOT NULL,
  `reason` varchar(50) NOT NULL,
  `status` int(11) DEFAULT '1',
  PRIMARY KEY (`customer_return_detail_id`)
) ENGINE=InnoDB  DEFAULT CHARSET=latin1 AUTO_INCREMENT=24 ;

--
-- Dumping data for table `tbl_customer_return_detail`
--

INSERT INTO `tbl_customer_return_detail` (`customer_return_detail_id`, `customer_return_id`, `item_id`, `return_quantity`, `unit_price`, `reason`, `status`) VALUES
(1, 1, 2, 2, 4000, 'll', 1),
(2, 2, 2, 2, 4000, '', 1),
(3, 3, 2, 5, 4000, 'gass', 1),
(4, 4, 2, 2, 2000, '', 1),
(5, 5, 6, 10, 900, 'kk', 1),
(6, 6, 6, 1, 900, 'ss', 1),
(7, 8, 6, 9, 900, '', 1),
(8, 9, 6, 10, 900, '', 1),
(9, 10, 6, 10, 900, '', 1),
(10, 11, 6, 60, 900, '', 1),
(11, 12, 1, 2, 400, '', 1),
(12, 13, 6, 10, 300, '', 1),
(13, 15, 6, 5, 900, 'cff', 1),
(14, 16, 6, 2, 900, '', 1),
(15, 17, 1, 68, 400, '', 1),
(16, 18, 1, 700, 400, '', 1),
(17, 19, 6, 0, 94, '', 1),
(18, 20, 51, 0, 1000, '', 1),
(19, 21, 2, 1, 2000, '', 1),
(20, 22, 2, 0, 200, '', 1),
(21, 23, 2, 1, 2000, '', 1),
(22, 24, 8, 1, 5339.91, '', 1),
(23, 25, 2, 0, 100, '', 1);

-- --------------------------------------------------------

--
-- Table structure for table `tbl_customer_type`
--

CREATE TABLE IF NOT EXISTS `tbl_customer_type` (
  `customer_type_id` int(11) NOT NULL AUTO_INCREMENT,
  `customer_type_name` varchar(500) NOT NULL,
  `customer_type_code` varchar(45) DEFAULT NULL,
  `added_time` varchar(45) DEFAULT NULL,
  `added_date` varchar(45) DEFAULT NULL,
  `status` int(11) DEFAULT NULL,
  PRIMARY KEY (`customer_type_id`)
) ENGINE=InnoDB  DEFAULT CHARSET=latin1 AUTO_INCREMENT=9 ;

--
-- Dumping data for table `tbl_customer_type`
--

INSERT INTO `tbl_customer_type` (`customer_type_id`, `customer_type_name`, `customer_type_code`, `added_time`, `added_date`, `status`) VALUES
(1, 'Wholesale', 'WS', '13:12:26', '2014-05-06', 1),
(2, 'Retail', 'RT', '17:32:33', '2014-05-13', 1),
(3, 'Garage', 'G', '14:38:11', '2015-03-04', 1),
(4, 'dd', 'rr', '14:43:20', '2015-03-11', 1),
(5, 'soft', 'sw', '09:45:16', '2015-03-12', 1),
(6, 'soft', 'sw', '09:46:01', '2015-03-12', 0),
(7, 'Garage', 'G0001', '13:45:47', '2015-06-04', 1),
(8, 'ssaa', 's1', '14:16:34', '2015-06-11', 1);

-- --------------------------------------------------------

--
-- Table structure for table `tbl_dealer_profile`
--

CREATE TABLE IF NOT EXISTS `tbl_dealer_profile` (
  `dealer_id` int(11) NOT NULL AUTO_INCREMENT,
  `dealer_name` varchar(200) DEFAULT NULL,
  `dealer_account_no` varchar(45) DEFAULT NULL,
  `current_dealer_discount` double DEFAULT NULL,
  `current_vat_amount` double DEFAULT NULL,
  `sales_officer_account_no` varchar(45) DEFAULT NULL,
  `sales_officer_name` varchar(200) DEFAULT NULL,
  `dealer_mobile_no` varchar(45) DEFAULT NULL,
  `server_url` varchar(5000) DEFAULT NULL,
  `dealer_address` varchar(1000) DEFAULT NULL,
  `email` varchar(1000) DEFAULT NULL,
  `status` int(11) DEFAULT NULL,
  PRIMARY KEY (`dealer_id`)
) ENGINE=InnoDB  DEFAULT CHARSET=latin1 AUTO_INCREMENT=5 ;

--
-- Dumping data for table `tbl_dealer_profile`
--

INSERT INTO `tbl_dealer_profile` (`dealer_id`, `dealer_name`, `dealer_account_no`, `current_dealer_discount`, `current_vat_amount`, `sales_officer_account_no`, `sales_officer_name`, `dealer_mobile_no`, `server_url`, `dealer_address`, `email`, `status`) VALUES
(1, 'ISURU MOTORS', '731I0002', 12, 12, '4791', 'LankeshWeerathunga', '011-2748474', 'http://123.231.13.186/', 'No : 238B, High Level Rd, Pitipana Junction', '-', 0),
(2, 'LUCKY Auto House', '731L0005', 12, 12, '4791', 'LankeshWeerathunga', '011-2748474', 'http://192.168.0.157/', 'No : 238B, High Level Rd, Pitipana Junction', '-', 1),
(3, 'LUCKY Auto House', '731L0005', 12, 12, '4791', 'LankeshWeerathunga', '011-2748474', 'http://123.231.13.186/', 'No : 238B, High Level Rd, Pitipana Junction', '-', 0),
(4, 'ISURU MOTORS', '731I0005', 12, 12, 't0000', 'test_hashini1', '-', 'http://123.231.13.186/', 'galle_ceylonlinux', 'hashini@ceylonlinux.com', 0);

-- --------------------------------------------------------

--
-- Table structure for table `tbl_dealer_return`
--

CREATE TABLE IF NOT EXISTS `tbl_dealer_return` (
  `dealer_return_id` int(11) NOT NULL AUTO_INCREMENT,
  `deliver_order_id` int(11) DEFAULT NULL,
  `ret_date` varchar(45) DEFAULT NULL,
  `ret_time` varchar(45) DEFAULT NULL,
  `admin_ret_id` int(11) DEFAULT '0',
  `time_stamp` timestamp NULL DEFAULT '0000-00-00 00:00:00',
  `complete_status` int(11) DEFAULT '0',
  `status` int(11) DEFAULT NULL,
  PRIMARY KEY (`dealer_return_id`)
) ENGINE=InnoDB  DEFAULT CHARSET=latin1 AUTO_INCREMENT=43 ;

--
-- Dumping data for table `tbl_dealer_return`
--

INSERT INTO `tbl_dealer_return` (`dealer_return_id`, `deliver_order_id`, `ret_date`, `ret_time`, `admin_ret_id`, `time_stamp`, `complete_status`, `status`) VALUES
(1, 1, '2015-03-05', '22:32:55', 1, '2015-03-05 16:57:14', 1, 1),
(2, 4, '2015-03-05', '22:56:28', 2, '2015-03-05 17:20:48', 1, 1),
(3, 6, '2015-03-05', '23:39:14', 3, '2015-03-05 18:03:30', 1, 1),
(5, 33, '2015-03-30', '08:22:46', 0, '0000-00-00 00:00:00', 1, 1),
(6, 61, '2015-04-09', '11:07:12', 0, '0000-00-00 00:00:00', 1, 1),
(7, 3, '2015-04-09', '11:10:01', 0, '0000-00-00 00:00:00', 1, 1),
(8, 60, '2015-04-30', '08:11:36', 2, '2015-04-30 02:41:56', 1, 1),
(9, 8, '2015-04-30', '16:22:18', 3, '2015-04-30 10:52:28', 1, 1),
(10, 9, '2015-05-06', '10:03:15', 4, '2015-05-06 04:33:38', 1, 1),
(11, 5, '2015-05-06', '11:10:58', 5, '2015-05-06 05:41:04', 1, 1),
(12, 7, '2015-05-06', '11:18:49', 6, '2015-05-06 05:48:57', 1, 1),
(13, 40, '2015-05-06', '11:20:21', 0, '0000-00-00 00:00:00', 1, 1),
(14, 12, '2015-05-06', '11:21:09', 8, '2015-05-06 05:51:14', 1, 1),
(15, 59, '2015-05-06', '11:42:11', 9, '2015-05-06 06:12:18', 1, 1),
(16, 58, '2015-05-07', '09:52:50', 10, '2015-05-07 04:22:54', 1, 1),
(17, 17, '2015-05-11', '16:05:31', 11, '2015-05-11 10:35:38', 1, 1),
(18, 57, '2015-06-19', '14:22:52', 0, '0000-00-00 00:00:00', 1, 1),
(19, 71, '2015-06-24', '15:47:05', 4, '2015-06-24 10:09:03', 1, 1),
(20, 15, '2015-10-13', '16:01:34', 5, '2015-10-13 10:32:02', 1, 1),
(21, 64, '2015-10-13', '16:24:11', 6, '2015-10-13 10:54:37', 1, 1),
(22, 11, '2015-10-14', '11:16:59', 7, '2015-10-14 05:47:26', 1, 1),
(23, 72, '2015-10-16', '14:02:49', 8, '2015-10-16 08:33:24', 1, 1),
(24, 70, '2015-10-16', '14:26:06', 9, '2015-10-16 08:56:29', 1, 1),
(25, 67, '2015-10-16', '16:25:02', 10, '2015-10-16 10:55:31', 1, 1),
(26, 53, '2015-10-17', '08:41:24', 11, '2015-10-17 03:11:49', 1, 1),
(27, 78, '2015-10-17', '09:16:55', 12, '2015-10-17 03:47:21', 1, 1),
(28, 77, '2015-10-19', '09:21:49', 0, '0000-00-00 00:00:00', 1, 1),
(29, 73, '2015-10-19', '10:16:00', 17, '2015-10-19 04:46:29', 1, 1),
(30, 74, '2015-10-19', '11:41:34', 20, '2015-10-19 06:12:01', 1, 1),
(31, 79, '2015-10-19', '14:30:14', 21, '2015-10-19 09:00:39', 1, 1),
(32, 68, '2015-10-19', '14:32:50', 22, '2015-10-19 09:03:16', 1, 1),
(33, 80, '2015-10-19', '14:35:46', 23, '2015-10-19 09:06:10', 1, 1),
(34, 66, '2015-10-19', '15:08:02', 24, '2015-10-19 09:38:30', 0, 1),
(35, 65, '2015-10-19', '15:36:44', 25, '2015-10-19 10:07:29', 0, 1),
(36, 52, '2015-10-19', '15:39:20', 26, '2015-10-19 10:09:50', 1, 1),
(37, 37, '2015-10-19', '15:44:16', 27, '2015-10-19 10:14:43', 1, 1),
(38, 81, '2015-10-21', '10:17:54', 38, '2015-10-21 04:48:22', 1, 1),
(39, 62, '2016-01-13', '16:36:11', 44, '2016-01-13 11:06:27', 1, 1),
(40, 19, '2016-01-13', '16:38:27', 45, '2016-01-13 11:08:39', 0, 1),
(41, 42, '2016-01-18', '12:45:01', 46, '2016-01-18 07:15:22', 1, 1),
(42, 20, '2016-01-18', '13:04:12', 47, '2016-01-18 07:34:30', 0, 1);

-- --------------------------------------------------------

--
-- Table structure for table `tbl_dealer_return_detail`
--

CREATE TABLE IF NOT EXISTS `tbl_dealer_return_detail` (
  `dealer_return_detail_id` int(11) NOT NULL AUTO_INCREMENT,
  `ret_id` int(11) DEFAULT NULL,
  `item_id` int(11) DEFAULT NULL,
  `ret_qty` double DEFAULT NULL,
  `ret_reason` varchar(1000) DEFAULT NULL,
  `delivered` int(11) DEFAULT NULL COMMENT '1 = delivered, 0 = not delivered',
  `unit_price_with_vat` double DEFAULT NULL,
  `status` int(11) DEFAULT NULL,
  PRIMARY KEY (`dealer_return_detail_id`)
) ENGINE=InnoDB  DEFAULT CHARSET=latin1 AUTO_INCREMENT=481 ;

--
-- Dumping data for table `tbl_dealer_return_detail`
--

INSERT INTO `tbl_dealer_return_detail` (`dealer_return_detail_id`, `ret_id`, `item_id`, `ret_qty`, `ret_reason`, `delivered`, `unit_price_with_vat`, `status`) VALUES
(1, 1, 506, 1, 'broken', 1, 433.41, 1),
(2, 1, 79, 5, '5 not recived', 1, 332.524, 1),
(3, 1, 507, 1, '', 0, 210.39, 1),
(4, 2, 511, 2, 'not working', 1, 1481.745, 1),
(5, 3, 308, 3, '', 0, 2140.61, 1),
(6, 3, 107, 2, '', 0, 2364.455, 1),
(7, 4, 23, 2, '', 0, 3464.305, 1),
(8, 4, 187, 2, '', 0, 3433.355, 1),
(9, 4, 69, 2, '', 0, 4468.675, 1),
(10, 4, 529, 1, '', 0, 5008.41, 1),
(11, 4, 541, 1, '', 0, 1470.12, 1),
(12, 4, 174, 5, '', 0, 442.65, 1),
(13, 4, 601, 10, '', 0, 93.309, 1),
(14, 4, 156, 2, '', 0, 321.98, 1),
(15, 4, 194, 4, '', 0, 318.95, 1),
(16, 4, 193, 3, '', 0, 652.5733333333334, 1),
(17, 4, 433, 3, '', 0, 662.5666666666667, 1),
(18, 4, 157, 2, '', 0, 637.915, 1),
(19, 4, 509, 2, '', 0, 79.725, 1),
(20, 5, 23, 2, '', 0, 3464.305, 1),
(21, 5, 611, 3, '', 0, 9836.86, 1),
(22, 5, 328, 3, '', 0, 9589.673333333334, 1),
(23, 5, 366, 50, '', 0, 152.7232, 1),
(24, 5, 318, 10, '', 0, 5250, 1),
(25, 5, 333, 4, '', 0, 562.9825, 1),
(26, 5, 362, 1, '', 0, 5159.1, 1),
(27, 5, 612, 1, '', 0, 3608.49, 1),
(28, 5, 254, 1, '', 0, 3288.4, 1),
(29, 5, 69, 4, '', 0, 4468.675, 1),
(30, 5, 194, 30, '', 0, 318.94899999999996, 1),
(31, 5, 613, 2, '', 0, 973.405, 1),
(32, 5, 220, 2, '', 0, 876.26, 1),
(33, 5, 541, 2, '', 0, 1470.12, 1),
(34, 5, 592, 2, '', 0, 1226.015, 1),
(35, 5, 262, 1, '', 0, 3291.9, 1),
(36, 5, 433, 10, '', 0, 662.5649999999999, 1),
(37, 5, 187, 3, '', 0, 3433.3566666666666, 1),
(38, 5, 188, 5, '', 0, 1970.1240000000003, 1),
(39, 5, 550, 18, '', 0, 759.1627777777778, 1),
(40, 5, 157, 2, '', 0, 637.915, 1),
(41, 5, 201, 2, '', 0, 3662.76, 1),
(42, 5, 144, 12, '', 0, 761.8508333333333, 1),
(43, 5, 137, 12, '', 0, 664.3391666666666, 1),
(44, 5, 553, 2, '', 0, 1917.825, 1),
(45, 5, 590, 2, '', 0, 4987.97, 1),
(46, 5, 524, 1, '', 0, 12157.45, 1),
(47, 5, 529, 1, '', 0, 5008.41, 1),
(48, 5, 428, 1, '', 0, 9441.5, 1),
(49, 5, 150, 20, '', 0, 2240.1525, 1),
(50, 5, 149, 20, '', 0, 2298.8495, 1),
(51, 5, 59, 1, '', 0, 802.49, 1),
(52, 5, 138, 10, '', 0, 369.313, 1),
(53, 5, 139, 1, '', 0, 397.3, 1),
(54, 5, 155, 1, '', 0, 3033.81, 1),
(55, 5, 387, 1, '', 0, 1623.49, 1),
(56, 5, 509, 5, '', 0, 79.726, 1),
(57, 5, 219, 1, '', 0, 1201.05, 1),
(58, 5, 218, 1, '', 0, 820.63, 1),
(59, 5, 363, 3, '', 0, 3139.7900000000004, 1),
(60, 5, 92, 2, '', 0, 942.63, 1),
(61, 5, 523, 2, '', 0, 932.205, 1),
(62, 5, 88, 30, '', 0, 347.30766666666665, 1),
(63, 5, 87, 30, '', 0, 466.75333333333333, 1),
(64, 5, 232, 1, '', 0, 2621, 1),
(65, 6, 504, 2, '', 0, 18.16, 1),
(66, 6, 699, 2, '', 0, 1560.08, 1),
(67, 6, 330, 1, '', 0, 11311.79, 1),
(68, 6, 432, 1, '', 0, 808.24, 1),
(69, 6, 700, 2, '', 0, 780.035, 1),
(70, 6, 701, 2, '', 0, 881.26, 1),
(71, 6, 564, 1, '', 0, 468.02, 1),
(72, 6, 702, 2, '', 0, 468.025, 1),
(73, 6, 368, 1, '', 0, 5928.3, 1),
(74, 6, 703, 1, '', 0, 2496.13, 1),
(75, 6, 565, 2, '', 0, 1138.495, 1),
(76, 6, 566, 2, '', 0, 1248.06, 1),
(77, 6, 211, 2, '', 0, 1404.07, 1),
(78, 6, 704, 2, '', 0, 1138.495, 1),
(79, 6, 377, 10, '', 0, 88.12, 1),
(80, 6, 705, 2, '', 0, 176.25, 1),
(81, 6, 217, 2, '', 0, 780.035, 1),
(82, 6, 171, 3, '', 0, 1057.5166666666667, 1),
(83, 6, 219, 2, '', 0, 780.035, 1),
(84, 6, 590, 2, '', 0, 4680.24, 1),
(85, 6, 690, 1, '', 0, 6864.35, 1),
(86, 6, 447, 2, '', 0, 2276.985, 1),
(87, 6, 706, 1, '', 0, 9672.49, 1),
(88, 6, 158, 4, '', 0, 624.025, 1),
(89, 6, 707, 1, '', 0, 9516.48, 1),
(90, 6, 121, 2, '', 0, 780.035, 1),
(91, 6, 708, 10, '', 0, 1876.547, 1),
(92, 6, 709, 4, '', 0, 780.035, 1),
(93, 6, 45, 6, '', 0, 624.025, 1),
(94, 6, 92, 5, '', 0, 780.036, 1),
(95, 6, 363, 3, '', 0, 2496.1266666666666, 1),
(96, 6, 509, 5, '', 0, 77.99600000000001, 1),
(97, 6, 244, 2, '', 0, 468.025, 1),
(98, 6, 243, 2, '', 0, 624.025, 1),
(99, 6, 220, 5, '', 0, 948.742, 1),
(100, 6, 523, 5, '', 0, 624.0260000000001, 1),
(101, 6, 482, 2, '', 0, 3276.16, 1),
(102, 6, 111, 2, '', 0, 624.025, 1),
(103, 6, 507, 5, '', 0, 312.012, 1),
(104, 6, 716, 3, '', 0, 1716.0833333333333, 1),
(105, 6, 105, 10, '', 0, 156.002, 1),
(106, 6, 556, 10, '', 0, 156.002, 1),
(107, 6, 171, 2, '', 0, 1057.515, 1),
(108, 6, 447, 2, '', 0, 2276.985, 1),
(109, 6, 717, 2, '', 0, 468.025, 1),
(110, 6, 528, 2, '', 0, 546.02, 1),
(111, 6, 609, 2, '', 0, 6071.97, 1),
(112, 6, 637, 10, '', 0, 156.002, 1),
(113, 6, 699, 2, '', 0, 1560.08, 1),
(114, 6, 220, 3, '', 0, 948.7433333333333, 1),
(115, 6, 121, 2, '', 0, 780.035, 1),
(116, 6, 718, 1, '', 0, 2496.13, 1),
(117, 6, 719, 1, '', 0, 2652.13, 1),
(118, 6, 716, 1, '', 0, 1716.08, 1),
(119, 6, 482, 2, '', 0, 3276.16, 1),
(120, 6, 720, 5, '', 0, 88.12, 1),
(121, 6, 721, 1, '', 0, 2028.1, 1),
(122, 6, 722, 2, '', 0, 3276.16, 1),
(123, 6, 50, 1, '', 0, 7020.36, 1),
(124, 6, 39, 5, '', 0, 352.506, 1),
(125, 6, 723, 15, '', 0, 77.99666666666667, 1),
(126, 6, 69, 2, '', 0, 3900.195, 1),
(127, 6, 542, 1, '', 0, 8580.44, 1),
(128, 6, 51, 6, '', 0, 624.025, 1),
(129, 7, 426, 1, '', 0, 2814.4, 1),
(130, 8, 115, 1, '', 0, 4722.4, 1),
(131, 8, 125, 1, '', 0, 2833.44, 1),
(132, 8, 715, 1, '', 0, 14167.21, 1),
(133, 9, 522, 4, '', 0, 1179.18, 1),
(134, 9, 111, 2, '', 0, 918.92, 1),
(135, 9, 23, 1, '', 0, 3594.21, 1),
(136, 9, 262, 1, '', 0, 3415.34, 1),
(137, 9, 187, 2, '', 0, 3562.105, 1),
(138, 9, 158, 2, '', 0, 707.62, 1),
(139, 9, 188, 2, '', 0, 2044.005, 1),
(140, 9, 363, 2, '', 0, 3257.53, 1),
(141, 9, 107, 2, '', 0, 2364.455, 1),
(142, 9, 523, 3, '', 0, 967.1666666666666, 1),
(143, 10, 113, 1, '', 1, 559.38, 1),
(144, 10, 242, 2, '', 0, 792.155, 1),
(145, 10, 139, 10, '', 0, 397.29499999999996, 1),
(146, 10, 138, 10, '', 0, 369.313, 1),
(147, 10, 524, 1, '', 0, 12157.45, 1),
(148, 10, 525, 1, '', 0, 16181.01, 1),
(149, 10, 335, 2, '', 0, 2053.255, 1),
(150, 10, 526, 1, '', 0, 11777.41, 1),
(151, 10, 483, 2, '', 0, 1555.18, 1),
(152, 10, 281, 1, '', 0, 12045.09, 1),
(153, 10, 14, 3, '', 0, 1294.2166666666667, 1),
(154, 10, 518, 1, '', 0, 3769.45, 1),
(155, 10, 31, 5, '', 0, 199.288, 1),
(156, 10, 47, 5, '', 0, 402.52, 1),
(157, 10, 156, 4, '', 0, 229.52, 1),
(158, 10, 261, 1, '', 0, 1248.15, 1),
(159, 10, 527, 12, '', 0, 360.2191666666667, 1),
(160, 10, 528, 2, '', 0, 476.715, 1),
(161, 10, 171, 2, '', 0, 1150.615, 1),
(162, 10, 39, 6, '', 0, 281.3533333333333, 1),
(163, 10, 149, 5, '', 0, 2298.85, 1),
(164, 10, 204, 5, '', 0, 563.692, 1),
(165, 10, 195, 6, '', 0, 128.47666666666666, 1),
(166, 10, 22, 3, '', 0, 377.05333333333334, 1),
(167, 10, 175, 2, '', 0, 1175.885, 1),
(168, 10, 174, 2, '', 0, 442.65, 1),
(169, 10, 173, 2, '', 0, 1013.41, 1),
(170, 10, 153, 2, '', 0, 248.605, 1),
(171, 10, 159, 2, '', 0, 613.805, 1),
(172, 10, 160, 2, '', 0, 1024.55, 1),
(173, 11, 512, 1, '', 0, 2109.15, 1),
(174, 11, 513, 2, '', 0, 87.53, 1),
(175, 11, 107, 2, '', 0, 2364.455, 1),
(176, 11, 87, 5, '', 1, 484.25699999999995, 1),
(177, 11, 514, 1, '', 0, 5199.85, 1),
(178, 11, 155, 2, '', 0, 3147.58, 1),
(179, 11, 20, 1, '', 0, 1478.17, 1),
(180, 11, 515, 2, '', 0, 3296.78, 1),
(181, 11, 68, 2, '', 0, 138.8, 1),
(182, 11, 377, 8, '', 0, 42.0925, 1),
(183, 11, 516, 6, '', 0, 614.8933333333333, 1),
(184, 12, 488, 2, '', 1, 289.97, 1),
(185, 12, 520, 5, '', 1, 90.58, 1),
(186, 13, 634, 1, 'old item', 1, 529.84, 1),
(187, 13, 420, 8, '', 1, 74.693, 1),
(188, 14, 107, 2, '', 0, 2278.995, 1),
(189, 14, 1, 1, '', 0, 973.52, 1),
(190, 14, 531, 4, '', 0, 583.69, 1),
(191, 14, 262, 1, '', 0, 3291.9, 1),
(192, 14, 261, 2, '', 0, 1248.155, 1),
(193, 14, 532, 2, '', 0, 49.43, 1),
(194, 14, 363, 2, '', 0, 3139.79, 1),
(195, 14, 173, 2, '', 0, 1013.41, 1),
(196, 14, 153, 5, '', 0, 248.60399999999998, 1),
(197, 14, 533, 2, '', 0, 535.86, 1),
(198, 14, 534, 2, '', 0, 528.085, 1),
(199, 14, 88, 10, '', 0, 347.308, 1),
(200, 14, 535, 2, '', 0, 1945.495, 1),
(201, 14, 536, 1, '', 0, 1585.45, 1),
(202, 14, 537, 2, '', 0, 2471.73, 1),
(203, 14, 538, 2, '', 0, 2978.295, 1),
(204, 14, 539, 2, '', 0, 512.18, 1),
(205, 15, 690, 1, '', 0, 6556.79, 1),
(206, 15, 691, 1, '', 0, 7450.9, 1),
(207, 15, 692, 2, '', 0, 257.59, 1),
(208, 15, 542, 1, '', 0, 8195.99, 1),
(209, 15, 639, 5, '', 1, 74.502, 1),
(210, 15, 69, 1, '', 0, 3725.45, 1),
(211, 15, 693, 2, '', 0, 543.74, 1),
(212, 15, 694, 1, '', 0, 1348.99, 1),
(213, 15, 695, 4, '', 0, 74.5025, 1),
(214, 15, 54, 2, '', 0, 1937.235, 1),
(215, 15, 696, 1, '', 0, 1094.31, 1),
(216, 15, 583, 2, '', 0, 84.17, 1),
(217, 16, 549, 1, '', 1, 9444.81, 1),
(218, 17, 529, 1, '', 0, 5008.41, 1),
(219, 17, 524, 1, '', 0, 12157.45, 1),
(220, 17, 549, 1, '', 0, 11277.61, 1),
(221, 17, 550, 3, '', 0, 759.1633333333333, 1),
(222, 17, 17, 1, '', 0, 2864.53, 1),
(223, 17, 175, 3, '', 0, 1175.8833333333334, 1),
(224, 17, 362, 2, '', 0, 5159.095, 1),
(225, 17, 120, 2, '', 0, 1782.08, 1),
(226, 17, 116, 2, '', 0, 4157.585, 1),
(227, 17, 118, 2, '', 0, 3245.215, 1),
(228, 18, 241, 1, '', 0, 2235.27, 1),
(229, 18, 684, 2, '', 0, 894.105, 1),
(230, 18, 348, 3, '', 0, 1341.16, 1),
(231, 18, 685, 2, '', 0, 74.5, 1),
(232, 18, 686, 1, '', 0, 1178.49, 1),
(233, 18, 687, 2, '', 0, 841.775, 1),
(234, 18, 711, 2, '', 0, 673.425, 1),
(235, 18, 712, 1, '', 0, 757.59, 1),
(236, 18, 713, 1, '', 0, 7897.96, 1),
(237, 18, 186, 5, '', 0, 84.172, 1),
(238, 18, 155, 4, '', 0, 2384.2875, 1),
(239, 18, 154, 2, '', 0, 4023.48, 1),
(240, 18, 156, 4, '', 0, 298.0325, 1),
(241, 18, 13, 3, '', 0, 447.05333333333334, 1),
(242, 18, 14, 4, '', 0, 1043.12, 1),
(243, 18, 603, 2, '', 0, 1490.18, 1),
(244, 18, 228, 2, '', 0, 1087.485, 1),
(245, 18, 714, 1, '', 0, 6407.78, 1),
(246, 18, 673, 1, '', 0, 6705.81, 1),
(247, 18, 197, 5, '', 0, 74.502, 1),
(248, 18, 698, 3, '', 0, 3498.013333333334, 1),
(249, 18, 115, 3, '', 0, 4470.543333333333, 1),
(250, 18, 639, 10, '', 0, 74.502, 1),
(251, 18, 335, 3, '', 0, 1822.2633333333333, 1),
(252, 18, 537, 3, '', 0, 1788.2133333333334, 1),
(253, 18, 669, 3, '', 0, 1937.2333333333333, 1),
(254, 18, 531, 10, '', 0, 447.053, 1),
(255, 18, 602, 2, '', 0, 596.065, 1),
(256, 18, 693, 2, '', 0, 543.74, 1),
(257, 18, 553, 5, '', 0, 1490.1799999999998, 1),
(258, 19, 441, 1, '', 0, 106.38, 1),
(259, 19, 338, 4, '', 0, 1820.4975, 1),
(260, 19, 335, 4, '', 0, 1933.1775, 1),
(261, 19, 327, 1, '', 0, 10500, 1),
(262, 19, 62, 5, '', 0, 316.17199999999997, 1),
(263, 19, 777, 2, '', 0, 1422.79, 1),
(264, 19, 778, 2, '', 0, 1422.79, 1),
(265, 19, 167, 10, '', 0, 79.037, 1),
(266, 19, 151, 6, '', 0, 474.2633333333333, 1),
(267, 19, 173, 6, '', 0, 948.5266666666666, 1),
(268, 19, 165, 5, '', 0, 893.01, 1),
(269, 19, 363, 5, '', 0, 2529.4080000000004, 1),
(270, 19, 556, 20, '', 0, 158.082, 1),
(271, 19, 482, 3, '', 0, 3319.8433333333337, 1),
(272, 19, 269, 2, '', 0, 3161.76, 1),
(273, 19, 272, 3, '', 0, 1422.79, 1),
(274, 19, 271, 2, '', 0, 1422.79, 1),
(275, 19, 270, 1, '', 0, 3161.76, 1),
(276, 19, 113, 6, '', 0, 474.2633333333333, 1),
(277, 19, 201, 3, '', 0, 2371.3166666666666, 1),
(278, 20, 88, 2, '', 1, 347.308, 1),
(279, 20, 363, 1, '', 1, 3139.79, 1),
(280, 21, 623, 4, '', 1, 9900.9, 1),
(281, 21, 113, 5, '', 0, 468.024, 1),
(282, 21, 321, 3, '', 0, 2800.53, 1),
(283, 22, 144, 10, '', 1, 761.851, 1),
(284, 22, 135, 10, '', 1, 979.1940000000001, 1),
(285, 22, 22, 2, '', 1, 377.055, 1),
(286, 22, 68, 5, '', 1, 133.78199999999998, 1),
(287, 22, 530, 2, '', 1, 2380.43, 1),
(288, 22, 187, 2, '', 1, 3433.355, 1),
(289, 22, 204, 10, '', 1, 563.692, 1),
(290, 23, 730, 6, 'damgage', 1, 89.295, 1),
(291, 23, 731, 6, 'sss', 1, 79.03666666666668, 1),
(292, 23, 168, 7, '', 1, 158.082, 1),
(293, 24, 187, 10, 'ssssd', 1, 2299.998, 1),
(294, 24, 23, 5, 'dd', 1, 2520, 1),
(295, 24, 483, 2, 'reewd', 1, 1500, 1),
(296, 24, 262, 4, 'dddd', 1, 2630, 1),
(297, 24, 522, 6, 'ddd', 1, 989.9983333333333, 1),
(298, 24, 319, 3, 'ddddeee', 1, 7150, 1),
(299, 24, 164, 3, 'dddd', 1, 1750.0033333333333, 1),
(300, 24, 154, 2, 'sddd', 1, 3599.995, 1),
(301, 24, 742, 1, 'ddd', 1, 8600, 1),
(302, 24, 743, 2, 'ssddd', 1, 8600, 1),
(303, 24, 386, 5, 'dddd', 1, 1569.9959999999999, 1),
(304, 24, 120, 8, 'asss', 1, 799.999, 1),
(305, 25, 640, 8, '', 1, 714.411, 1),
(306, 25, 552, 10, '', 1, 535.804, 1),
(307, 25, 638, 4, '', 1, 1264.7, 1),
(308, 25, 209, 2, '', 1, 89.295, 1),
(309, 25, 760, 10, '', 1, 507.771, 1),
(310, 25, 761, 1, '', 1, 769.11, 1),
(311, 26, 504, 10, '', 0, 18.39, 1),
(312, 26, 107, 4, '', 0, 2022.6075, 1),
(313, 26, 318, 5, '', 0, 5100.4800000000005, 1),
(314, 26, 505, 1, '', 0, 3561.57, 1),
(315, 26, 353, 10, '', 0, 419.913, 1),
(316, 26, 475, 2, '', 0, 3144.38, 1),
(317, 26, 144, 10, '', 0, 676.143, 1),
(318, 27, 205, 10, 'ff', 1, 790.4359999999999, 1),
(319, 27, 23, 5, 'ff', 1, 2520, 1),
(320, 27, 188, 2, 'cbhg', 1, 948.5260000000001, 1),
(321, 27, 187, 3, 'gf', 1, 2687.4900000000002, 1),
(322, 27, 759, 2, 'fssf', 1, 1659.92, 1),
(323, 27, 761, 8, 'ggdf', 1, 7.8790000000000004, 1),
(324, 27, 762, 1, 'ff', 1, 158.082, 1),
(325, 27, 763, 1, 'fgdfd', 1, 790.44, 1),
(326, 27, 274, 5, 'gdfgf', 1, 474.2633333333333, 1),
(327, 27, 302, 2, '', 1, 790.4375, 1),
(328, 28, 145, 1, '', 0, 1250.22, 1),
(329, 28, 689, 5, '', 0, 96.792, 1),
(330, 28, 178, 5, '', 0, 178.598, 1),
(331, 28, 211, 2, '', 0, 1422.79, 1),
(332, 28, 527, 10, '', 0, 316.173, 1),
(333, 28, 756, 1, '', 0, 2321.83, 1),
(334, 28, 139, 10, '', 0, 316.173, 1),
(335, 28, 138, 10, '', 0, 316.173, 1),
(336, 28, 109, 10, '', 0, 96.137, 1),
(337, 28, 333, 5, '', 0, 474.264, 1),
(338, 28, 332, 2, '', 0, 1106.61, 1),
(339, 28, 65, 5, '', 0, 474.264, 1),
(340, 28, 768, 1, '', 0, 9643.37, 1),
(341, 28, 31, 5, '', 0, 316.17199999999997, 1),
(342, 28, 355, 10, '', 0, 79.037, 1),
(343, 28, 621, 1, '', 0, 3794.11, 1),
(344, 28, 595, 2, '', 0, 711.39, 1),
(345, 28, 22, 5, 'bad', 1, 474.26300000000003, 1),
(346, 28, 175, 5, 'kkk', 1, 893.01, 1),
(347, 28, 11, 2, '', 0, 3003.67, 1),
(348, 28, 60, 1, '', 0, 5000, 1),
(349, 28, 673, 2, '', 0, 7113.96, 1),
(350, 28, 520, 10, '', 0, 79.037, 1),
(351, 28, 110, 2, '', 0, 384.555, 1),
(352, 28, 280, 4, '', 0, 961.3925, 1),
(353, 28, 260, 1, '', 0, 948.53, 1),
(354, 28, 56, 1, '', 0, 769.11, 1),
(355, 28, 220, 1, '', 0, 961.39, 1),
(356, 28, 111, 2, '', 0, 632.345, 1),
(357, 28, 42, 1, '', 0, 1786.03, 1),
(358, 28, 426, 3, '', 0, 2143.233333333333, 1),
(359, 28, 150, 20, '', 0, 1199.999, 1),
(360, 28, 201, 3, '', 0, 2371.3166666666666, 1),
(361, 28, 129, 2, '', 0, 1106.61, 1),
(362, 28, 52, 4, '', 0, 632.345, 1),
(363, 28, 51, 6, '', 0, 632.345, 1),
(364, 29, 746, 1, '', 1, 2441.31, 1),
(365, 29, 747, 1, '', 1, 919.53, 1),
(366, 29, 748, 1, '', 1, 1302.68, 1),
(367, 29, 749, 1, '', 1, 919.53, 1),
(368, 29, 110, 4, '', 1, 384.556, 1),
(369, 29, 627, 10, '', 1, 158.082, 1),
(370, 29, 211, 5, '', 1, 1422.79, 1),
(371, 29, 243, 5, '', 1, 632.345, 1),
(372, 29, 220, 6, '', 1, 961.3916666666668, 1),
(373, 29, 95, 4, '', 1, 474.2625, 1),
(374, 29, 300, 5, '', 1, 357.206, 1),
(375, 29, 100, 5, '', 1, 357.206, 1),
(376, 29, 116, 20, '', 1, 2950.38, 1),
(377, 29, 118, 20, '', 1, 2749.4700000000003, 1),
(378, 28, 752, 1, 'fgg', 1, 166, 1),
(379, 28, 486, 2, 'gsss', 1, 436.385, 1),
(380, 28, 150, 10, 'fff', 1, 1199.91, 1),
(381, 28, 165, 1, 'rr', 1, 893.01, 1),
(382, 28, 321, 5, 'gg', 1, 3320.0099999999998, 1),
(383, 28, 23, 5, '', 1, 2520, 1),
(384, 28, 753, 10, '', 1, 158.082, 1),
(385, 28, 754, 10, '', 1, 158.082, 1),
(386, 28, 21, 6, 'ff', 1, 900.21, 1),
(387, 28, 384, 5, 'fff', 1, 1449.66, 1),
(388, 28, 598, 2, '', 1, 9500.49, 1),
(389, 29, 525, 1, '', 1, 15403.29, 1),
(390, 29, 526, 1, '', 1, 11152.39, 1),
(391, 29, 23, 6, '', 1, 2520, 1),
(392, 29, 736, 1, '', 1, 11066.17, 1),
(393, 29, 110, 6, '', 1, 384.555, 1),
(394, 29, 193, 10, '', 1, 474.26300000000003, 1),
(395, 29, 433, 10, '', 1, 474.26300000000003, 1),
(396, 29, 593, 10, '', 1, 535.804, 1),
(397, 29, 359, 2, '', 1, 7113.96, 1),
(398, 29, 734, 8, '', 1, 178.59875, 1),
(399, 29, 306, 6, '', 1, 474.2633333333333, 1),
(400, 29, 219, 5, '', 1, 790.4359999999999, 1),
(401, 29, 289, 2, '', 1, 316.175, 1),
(402, 29, 737, 2, '', 1, 948.525, 1),
(403, 29, 335, 4, '', 1, 1933.1775, 1),
(404, 29, 314, 2, '', 1, 1250.215, 1),
(405, 29, 348, 4, '', 1, 1422.79, 1),
(406, 29, 66, 5, '', 1, 948.5260000000001, 1),
(407, 29, 106, 5, '', 1, 948.5260000000001, 1),
(408, 29, 188, 6, '', 1, 948.5266666666666, 1),
(409, 29, 187, 6, '', 1, 2687.4900000000002, 1),
(410, 29, 118, 6, '', 1, 3003.6716666666666, 1),
(411, 29, 363, 5, '', 1, 2529.4080000000004, 1),
(412, 29, 730, 6, '', 1, 89.295, 1),
(413, 29, 89, 6, '', 1, 316.17333333333335, 1),
(414, 29, 90, 6, '', 1, 178.59833333333333, 1),
(415, 29, 85, 6, '', 1, 357.205, 1),
(416, 30, 732, 1, '', 1, 2321.83, 1),
(417, 31, 771, 1, '', 1, 14144.73, 1),
(418, 32, 120, 10, '', 1, 948.527, 1),
(419, 32, 118, 5, '', 1, 2499.998, 1),
(420, 32, 116, 5, '', 1, 2950.002, 1),
(421, 32, 135, 12, '', 1, 689.9983333333333, 1),
(422, 32, 137, 12, '', 1, 599.9991666666666, 1),
(423, 32, 144, 12, '', 1, 650.005, 1),
(424, 32, 529, 5, '', 1, 2899.998, 1),
(425, 33, 772, 2, 'vvv', 1, 15808.81, 1),
(426, 33, 482, 2, '', 1, 3319.845, 1),
(427, 34, 749, 1, '', 1, 6323.52, 1),
(428, 34, 506, 1, '', 1, 316.17, 1),
(429, 34, 612, 1, '', 1, 3319.84, 1),
(430, 34, 254, 1, '', 1, 2845.58, 1),
(431, 34, 750, 1, '', 1, 4742.64, 1),
(432, 34, 277, 1, '', 1, 1250.22, 1),
(433, 34, 332, 1, '', 1, 1106.61, 1),
(434, 34, 751, 1, '', 1, 357.205, 1),
(435, 34, 752, 2, '', 1, 948.525, 1),
(436, 34, 753, 2, '', 1, 948.525, 1),
(437, 34, 754, 1, '', 1, 632.35, 1),
(438, 34, 325, 1, '', 1, 12778.62, 1),
(439, 34, 386, 1, '', 1, 1897.05, 1),
(440, 34, 645, 1, '', 1, 4110.29, 1),
(441, 34, 385, 1, '', 1, 6323.52, 1),
(442, 34, 329, 2, '', 1, 2529.41, 1),
(443, 34, 622, 2, '', 1, 3636.025, 1),
(444, 34, 14, 1, '', 1, 1106.61, 1),
(445, 34, 759, 2, '', 1, 158.08, 1),
(446, 35, 204, 20, '', 1, 499.5, 1),
(447, 35, 107, 20, '', 1, 1449.66, 1),
(448, 35, 506, 1, '', 1, 312.01, 1),
(449, 35, 481, 1, '', 1, 17628.9, 1),
(450, 35, 589, 4, '', 1, 624.025, 1),
(451, 35, 11, 2, '', 1, 2964.15, 1),
(452, 35, 273, 1, '', 1, 2184.11, 1),
(453, 35, 257, 10, '', 1, 176.249, 1),
(454, 35, 386, 1, '', 1, 1872.09, 1),
(455, 35, 645, 1, '', 1, 4056.21, 1),
(456, 35, 385, 1, '', 1, 6240.32, 1),
(457, 35, 736, 3, '', 1, 3432.1733333333336, 1),
(458, 35, 737, 2, '', 1, 3432.175, 1),
(459, 35, 531, 10, '', 1, 468.02299999999997, 1),
(460, 35, 171, 2, '', 1, 1057.515, 1),
(461, 36, 501, 2, '', 1, 300.16, 1),
(462, 36, 374, 1, '', 1, 7000, 1),
(463, 36, 502, 1, '', 1, 6799.52, 1),
(464, 36, 139, 10, '', 1, 320.32, 1),
(465, 36, 135, 10, '', 1, 850.0799999999999, 1),
(466, 37, 181, 5, '', 1, 97.026, 1),
(467, 37, 47, 10, '', 1, 382.393, 1),
(468, 37, 62, 20, '', 1, 330.26550000000003, 1),
(469, 38, 773, 2, 'bad', 1, 5376.225, 1),
(470, 38, 107, 30, 'sss', 1, 1449.66, 1),
(471, 38, 481, 4, 'sss', 1, 19979.425, 1),
(472, 38, 414, 1, 'sss', 1, 10431.73, 1),
(473, 38, 321, 4, 'ss', 1, 3320.01, 1),
(474, 38, 774, 4, '', 1, 938.7819999999999, 1),
(475, 39, 734, 1, '', 1, 1379, 1),
(476, 40, 509, 1, '', 1, 79.725, 1),
(477, 41, 116, 3, 'damage', 1, 3399.996, 1),
(478, 41, 23, 2, '', 1, 3291.09, 1),
(479, 42, 575, 1, '', 1, 467.61, 1),
(480, 42, 564, 2, '', 1, 507.08, 1);

-- --------------------------------------------------------

--
-- Table structure for table `tbl_dimoparts_return`
--

CREATE TABLE IF NOT EXISTS `tbl_dimoparts_return` (
  `returnID` int(11) NOT NULL AUTO_INCREMENT,
  `added_date` varchar(100) NOT NULL,
  `added_time` varchar(100) NOT NULL,
  `return_amount` double NOT NULL,
  `status` int(11) NOT NULL,
  `dimo_ret_status` int(11) NOT NULL,
  PRIMARY KEY (`returnID`)
) ENGINE=InnoDB  DEFAULT CHARSET=latin1 AUTO_INCREMENT=7 ;

--
-- Dumping data for table `tbl_dimoparts_return`
--

INSERT INTO `tbl_dimoparts_return` (`returnID`, `added_date`, `added_time`, `return_amount`, `status`, `dimo_ret_status`) VALUES
(1, '2016-01-20', '14:15:03', 2500, 1, 1),
(2, '2016-01-21', '10:21:54', 332.52, 1, 1),
(3, '2016-01-21', '10:26:54', 20613.84, 1, 1),
(4, '2016-01-21', '10:35:23', 0, 1, 1),
(5, '2016-01-21', '10:39:53', 14307.26, 1, 1),
(6, '2016-01-21', '11:43:03', 12000, 1, 1);

-- --------------------------------------------------------

--
-- Table structure for table `tbl_dimoparts_return_detalis`
--

CREATE TABLE IF NOT EXISTS `tbl_dimoparts_return_detalis` (
  `return_detalis_ID` int(11) NOT NULL AUTO_INCREMENT,
  `returnID` int(11) NOT NULL,
  `stockID` int(11) NOT NULL,
  `ItemID` int(11) NOT NULL,
  `buying_price` double NOT NULL,
  `return_quantity` int(50) NOT NULL,
  `status` int(11) NOT NULL,
  PRIMARY KEY (`return_detalis_ID`)
) ENGINE=InnoDB  DEFAULT CHARSET=latin1 AUTO_INCREMENT=12 ;

--
-- Dumping data for table `tbl_dimoparts_return_detalis`
--

INSERT INTO `tbl_dimoparts_return_detalis` (`return_detalis_ID`, `returnID`, `stockID`, `ItemID`, `buying_price`, `return_quantity`, `status`) VALUES
(1, 1, 65, 140, 2500, 1, 1),
(2, 2, 1, 79, 332.52, 1, 1),
(3, 3, 2, 363, 3257.53, 2, 1),
(4, 3, 2, 509, 17.46, 1, 1),
(5, 3, 2, 325, 14081.32, 1, 1),
(6, 4, 4, 6, 0, 8, 1),
(7, 5, 25, 542, 9311.36, 1, 1),
(8, 5, 25, 87, 466.75, 3, 1),
(9, 5, 25, 119, 3595.65, 1, 1),
(10, 6, 10, 726, 300, 20, 1),
(11, 6, 10, 726, 300, 20, 1);

-- --------------------------------------------------------

--
-- Table structure for table `tbl_discount`
--

CREATE TABLE IF NOT EXISTS `tbl_discount` (
  `account_code` varchar(30) NOT NULL,
  `vat` varchar(10) NOT NULL,
  `discount` varchar(10) NOT NULL,
  `status` int(10) NOT NULL,
  PRIMARY KEY (`account_code`)
) ENGINE=InnoDB DEFAULT CHARSET=latin1;

--
-- Dumping data for table `tbl_discount`
--

INSERT INTO `tbl_discount` (`account_code`, `vat`, `discount`, `status`) VALUES
('721S0002', '12', '0', 1);

-- --------------------------------------------------------

--
-- Table structure for table `tbl_employee`
--

CREATE TABLE IF NOT EXISTS `tbl_employee` (
  `employee_id` int(11) NOT NULL AUTO_INCREMENT,
  `employee_name` varchar(1000) DEFAULT NULL,
  `employee_code` varchar(45) DEFAULT NULL,
  `contact_no_1` varchar(45) DEFAULT NULL,
  `contact_no_2` varchar(45) DEFAULT NULL,
  `address` varchar(45) DEFAULT NULL,
  `registered_date` varchar(45) DEFAULT NULL,
  `registered_time` varchar(45) DEFAULT NULL,
  `status` int(11) DEFAULT NULL,
  PRIMARY KEY (`employee_id`)
) ENGINE=InnoDB  DEFAULT CHARSET=latin1 AUTO_INCREMENT=13 ;

--
-- Dumping data for table `tbl_employee`
--

INSERT INTO `tbl_employee` (`employee_id`, `employee_name`, `employee_code`, `contact_no_1`, `contact_no_2`, `address`, `registered_date`, `registered_time`, `status`) VALUES
(1, 'User', '-', '-', '-', '-', '2014-08-21', '00:00:00', 1),
(2, 'Ranjith', '1', '', '', '1', '2014-10-29', '10:08:43', 1),
(3, 'gayani', 'g11', '01444', '014477', 'g11', '2015-03-07', '08:42:48', 0),
(4, 'sadun', '33', '333', '33', '33', '2015-03-13', '12:16:53', 1),
(6, 'namal', '234', '01444', '5555', '234', '2015-03-26', '14:33:17', 1),
(7, 'Waruna', '12365', '0413411247', '047855', '12365', '2015-04-22', '13:15:45', 1),
(8, 'malan', '2222', '87455', '32144', '2222222', '2015-05-15', '09:24:17', 1),
(9, 'Rusiru', '001', '0112236563', '', '001', '2015-06-04', '15:31:41', 1),
(10, 'Dayan', 'E01', '0115855555', '0125588888', 'E01', '2015-06-11', '14:20:27', 1),
(11, 'test', 't001', '0112252587', '0112245789', 't001', '2016-01-13', '15:49:58', 1),
(12, 'Test', 't001', '0112245789', '011522', 't001', '2016-01-18', '12:37:42', 1);

-- --------------------------------------------------------

--
-- Table structure for table `tbl_estimate`
--

CREATE TABLE IF NOT EXISTS `tbl_estimate` (
  `estimate_id` int(11) NOT NULL AUTO_INCREMENT,
  `customer_id` int(11) NOT NULL,
  `estimate_date` date NOT NULL,
  `status` int(1) NOT NULL DEFAULT '1',
  PRIMARY KEY (`estimate_id`),
  KEY `customer_id` (`customer_id`)
) ENGINE=InnoDB  DEFAULT CHARSET=latin1 AUTO_INCREMENT=2 ;

--
-- Dumping data for table `tbl_estimate`
--

INSERT INTO `tbl_estimate` (`estimate_id`, `customer_id`, `estimate_date`, `status`) VALUES
(1, 1, '2015-06-20', 1);

-- --------------------------------------------------------

--
-- Table structure for table `tbl_estimateprint`
--

CREATE TABLE IF NOT EXISTS `tbl_estimateprint` (
  `Estimate_id` int(11) NOT NULL AUTO_INCREMENT,
  `estimate_order_no` varchar(150) NOT NULL,
  `estimate_date` varchar(150) NOT NULL,
  `customer_id` int(11) NOT NULL,
  `time` varchar(150) NOT NULL,
  `user_id` int(11) NOT NULL,
  `Amount` double NOT NULL,
  `labour_amount` double NOT NULL,
  `employee_id` int(11) NOT NULL,
  `total_discount` double NOT NULL,
  `status` int(20) NOT NULL DEFAULT '1',
  PRIMARY KEY (`Estimate_id`)
) ENGINE=InnoDB  DEFAULT CHARSET=latin1 AUTO_INCREMENT=10 ;

--
-- Dumping data for table `tbl_estimateprint`
--

INSERT INTO `tbl_estimateprint` (`Estimate_id`, `estimate_order_no`, `estimate_date`, `customer_id`, `time`, `user_id`, `Amount`, `labour_amount`, `employee_id`, `total_discount`, `status`) VALUES
(1, '00001', '2015-06-24', 24, '14:17:18', 5, 100, 100, 1, 0, 1),
(2, '00002', '2015-06-24', 20, '14:26:37', 5, 1462.93, 100, 1, 0, 1),
(3, '00003', '2015-06-24', 25, '14:43:56', 5, 101362.93, 100000, 1, 0, 1),
(4, '00004', '2015-06-24', 25, '16:36:41', 5, 9142.95, 275, 6, 2, 1),
(5, '00005', '2015-07-04', 25, '11:03:12', 5, 6814.65, 0, 1, 0, 1),
(6, '00006', '2015-07-07', 25, '09:06:35', 5, 1362.93, 0, 1, 0, 1),
(7, '00007', '2015-07-08', 25, '15:08:50', 5, 6989.65, 175, 1, 0, 1),
(8, '00008', '2015-09-21', 26, '09:48:08', 5, 25000, 25000, 1, 0, 1),
(9, '00009', '2015-09-21', 26, '10:00:51', 5, 13629.3, 0, 1, 0, 1);

-- --------------------------------------------------------

--
-- Table structure for table `tbl_estimate_details`
--

CREATE TABLE IF NOT EXISTS `tbl_estimate_details` (
  `detailID` int(22) NOT NULL AUTO_INCREMENT,
  `Estimate_id` int(22) NOT NULL,
  `itemid` int(22) NOT NULL,
  `quantity` double NOT NULL,
  `discount` double NOT NULL,
  `time` varchar(150) NOT NULL,
  `date` varchar(150) NOT NULL,
  `unit_price` double NOT NULL,
  `buying_price` double NOT NULL,
  `amount` double NOT NULL,
  `discount_amount` double NOT NULL,
  `status` int(22) NOT NULL,
  PRIMARY KEY (`detailID`)
) ENGINE=InnoDB  DEFAULT CHARSET=latin1 AUTO_INCREMENT=10 ;

--
-- Dumping data for table `tbl_estimate_details`
--

INSERT INTO `tbl_estimate_details` (`detailID`, `Estimate_id`, `itemid`, `quantity`, `discount`, `time`, `date`, `unit_price`, `buying_price`, `amount`, `discount_amount`, `status`) VALUES
(1, 2, 1, 1, 0, '14:26:37', '14:26:37', 1362.93, 0, 1362.93, 0, 1),
(2, 3, 1, 1, 0, '14:43:57', '14:43:57', 1362.93, 0, 1362.93, 0, 1),
(3, 4, 1, 1, 0, '16:36:41', '16:36:41', 1362.93, 0, 1362.93, 0, 1),
(4, 4, 54, 1, 0, '16:36:41', '16:36:41', 2506.63, 1937.24, 2506.63, 0, 1),
(5, 4, 11, 1, 2, '16:36:42', '16:36:42', 5000.39, 3705.65, 4998.39, 2, 1),
(6, 5, 1, 5, 0, '11:03:12', '11:03:12', 1362.93, 0, 6814.65, 0, 1),
(7, 6, 1, 1, 0, '09:06:36', '09:06:36', 1362.93, 0, 1362.93, 0, 1),
(8, 7, 1, 5, 0, '15:08:50', '15:08:50', 1362.93, 0, 6814.65, 0, 1),
(9, 9, 1, 10, 0, '10:00:51', '10:00:51', 1362.93, 0, 13629.3, 0, 1);

-- --------------------------------------------------------

--
-- Table structure for table `tbl_expences`
--

CREATE TABLE IF NOT EXISTS `tbl_expences` (
  `expences_id` int(10) NOT NULL AUTO_INCREMENT,
  `description` varchar(1000) DEFAULT NULL,
  `amount` double DEFAULT NULL,
  `added_date` varchar(45) DEFAULT NULL,
  `added_time` varchar(45) DEFAULT NULL,
  `expence_date` varchar(45) DEFAULT NULL,
  `status` int(11) DEFAULT NULL,
  PRIMARY KEY (`expences_id`)
) ENGINE=InnoDB  DEFAULT CHARSET=latin1 AUTO_INCREMENT=11 ;

--
-- Dumping data for table `tbl_expences`
--

INSERT INTO `tbl_expences` (`expences_id`, `description`, `amount`, `added_date`, `added_time`, `expence_date`, `status`) VALUES
(1, 'hhc', 5000, '2015-03-02', '09:27:29', '2015-03-06', 0),
(2, 'kk', 5000, '2015-05-12', '09:41:14', '2015-05-12', 0),
(3, 'AAAAA', 345.85, '2015-05-14', '13:37:30', '2015-05-14', 0),
(4, 'gg', 7411, '2015-05-16', '11:27:51', '2015-05-16', 1),
(5, 'Electricity', 20000, '2015-05-20', '14:00:19', '2015-05-20', 1),
(6, 'watr bill', 50000, '2015-05-22', '10:47:41', '2015-05-22', 1),
(7, 'jjj\n\n\n\n\n', 50000, '2015-05-22', '10:49:24', '2015-05-22', 1),
(8, 'Water Bill', 8000, '2015-05-28', '12:04:31', '2015-05-28', 1),
(9, 'Water bill', 200, '2015-06-04', '16:00:58', '2015-06-04', 1),
(10, 'water', 30000, '2015-06-11', '14:39:24', '2015-06-11', 1);

-- --------------------------------------------------------

--
-- Table structure for table `tbl_expense_income`
--

CREATE TABLE IF NOT EXISTS `tbl_expense_income` (
  `income_id` int(10) NOT NULL AUTO_INCREMENT,
  `added_time` varchar(100) NOT NULL,
  `added_date` varchar(200) NOT NULL,
  `cash_income` double NOT NULL,
  `credit_income` double NOT NULL,
  `relization_bad_dets` double NOT NULL,
  `value_return` double NOT NULL,
  `total_income` double NOT NULL,
  `cost_of_good_sold` double NOT NULL,
  `gross_profit` double NOT NULL,
  `other_expenses` double NOT NULL,
  `garage_commission` double NOT NULL,
  `sales_man_commission` double NOT NULL,
  `payment_to_supplier` double NOT NULL,
  `total_expenses` double NOT NULL,
  `net_amount` double NOT NULL,
  `status` int(11) NOT NULL DEFAULT '1',
  PRIMARY KEY (`income_id`)
) ENGINE=InnoDB  DEFAULT CHARSET=latin1 AUTO_INCREMENT=27 ;

--
-- Dumping data for table `tbl_expense_income`
--

INSERT INTO `tbl_expense_income` (`income_id`, `added_time`, `added_date`, `cash_income`, `credit_income`, `relization_bad_dets`, `value_return`, `total_income`, `cost_of_good_sold`, `gross_profit`, `other_expenses`, `garage_commission`, `sales_man_commission`, `payment_to_supplier`, `total_expenses`, `net_amount`, `status`) VALUES
(1, '', '', 2000, 1111, 33, 44, 55, 42452, 254, 22, 22, 274, 27, 22, 22, 1),
(2, '', '', 218759451.78, 498983.25, 0, 10903.04, 219247531.99, 90501.66, 219157030.33, 132756.85, 9255, 1186321.66, 85669, 1414002.51, 217743027.82, 1),
(3, '', '', 218759451.78, 498983.25, 0, 10903.04, 219247531.99, 90501.66, 219157030.33, 132756.85, 9255, 1186321.66, 85669, 1414002.51, 217743027.82, 1),
(4, '', '', 218759451.78, 498983.25, 0, 10903.04, 219247531.99, 90501.66, 219157030.33, 132756.85, 9255, 1186321.66, 85669, 1414002.51, 217743027.82, 1),
(5, '', '', 218759451.78, 498983.25, 0, 10903.04, 219247531.99, 90501.66, 219157030.33, 132756.85, 9255, 1186321.66, 85669, 1414002.51, 217743027.82, 1),
(6, '', '', 218759451.78, 498983.25, 0, 10903.04, 219247531.99, 90501.66, 219157030.33, 132756.85, 9255, 1186321.66, 85669, 1414002.51, 217743027.82, 1),
(7, '', '', 218759451.78, 498983.25, 0, 10903.04, 219247531.99, 90501.66, 219157030.33, 132756.85, 9255, 1186321.66, 85669, 1414002.51, 217743027.82, 1),
(8, '', '', 218759451.78, 498983.25, 0, 10903.04, 219247531.99, 90501.66, 219157030.33, 132756.85, 9255, 1186321.66, 85669, 1414002.51, 217743027.82, 1),
(9, '', '', 218759451.78, 498983.25, 0, 10903.04, 219247531.99, 90501.66, 219157030.33, 132756.85, 9255, 1186321.66, 85669, 1414002.51, 217743027.82, 1),
(10, '', '', 218759451.78, 498983.25, 0, 10903.04, 219247531.99, 90501.66, 219157030.33, 132756.85, 9255, 1186321.66, 85669, 1414002.51, 217743027.82, 1),
(11, '14:41:12', '', 218759451.78, 498983.25, 0, 10903.04, 219247531.99, 90501.66, 219157030.33, 132756.85, 9255, 1186321.66, 85669, 1414002.51, 217743027.82, 1),
(12, '14:47:18', '', 218759451.78, 498983.25, 0, 10903.04, 219247531.99, 90501.66, 219157030.33, 132756.85, 9255, 1186321.66, 85669, 1414002.51, 217743027.82, 1),
(13, '15:05:43', '', 218759451.78, 498983.25, 0, 10903.04, 219247531.99, 90501.66, 219157030.33, 132756.85, 9255, 1186321.66, 85669, 1414002.51, 217743027.82, 1),
(14, '15:07:32', '', 218759451.78, 498983.25, 0, 10903.04, 219247531.99, 90501.66, 219157030.33, 132756.85, 9255, 1186321.66, 85669, 1414002.51, 217743027.82, 1),
(15, '15:08:54', '', 218759451.78, 498983.25, 0, 10903.04, 219247531.99, 90501.66, 219157030.33, 132756.85, 9255, 1186321.66, 85669, 1414002.51, 217743027.82, 1),
(16, '15:11:35', '', 218759451.78, 498983.25, 0, 10903.04, 219247531.99, 90501.66, 219157030.33, 132756.85, 9255, 1186321.66, 85669, 1414002.51, 217743027.82, 1),
(17, '15:15:28', '', 222274412.46, 593834.01, -4350.86, 59256.37, 222804639.24, 189593.81, 222615045.43, 137756.85, 10274, 1186974.62, 87669, 1422674.47, 221192370.96, 1),
(18, '15:23:44', '', 218759451.78, 498983.25, 0, 10903.04, 219247531.99, 90501.66, 219157030.33, 132756.85, 9255, 1186321.66, 85669, 1414002.51, 217743027.82, 1),
(19, '15:25:40', '', 218759451.78, 498983.25, 0, 10903.04, 219247531.99, 90501.66, 219157030.33, 132756.85, 9255, 1186321.66, 85669, 1414002.51, 217743027.82, 1),
(20, '15:35:41', '2015-05-27', 218759451.78, 498983.25, 0, 10903.04, 219247531.99, 90501.66, 219157030.33, 132756.85, 9255, 1186321.66, 85669, 1414002.51, 217743027.82, 1),
(21, '15:37:11', '2015-05-27', 218759451.78, 498983.25, 0, 10903.04, 219247531.99, 90501.66, 219157030.33, 132756.85, 9255, 1186321.66, 85669, 1414002.51, 217743027.82, 1),
(24, '08:31:42', '2015-05-29', 218759451.78, 498983.25, 0, 10903.04, 219247531.99, 90501.66, 219157030.33, 132756.85, 9255, 1186321.66, 85669, 1414002.51, 217743027.82, 1),
(25, '08:16:36', '2015-06-05', 222561560.66, 588881.89, -4767.24, 61982.23, 223083693.08, 206653.9, 222877039.18, 145956.85, 10625, 1188242.15, 107669, 1452493, 221424546.18, 1),
(26, '14:55:18', '2015-06-11', 1968349.44, 118966.04, 0, 1362.93, 2085952.55, 31326.46, 2054626.09, 30200, 981, 81.78, 22000, 53262.78, 2001363.31, 1);

-- --------------------------------------------------------

--
-- Table structure for table `tbl_item_alternatives`
--

CREATE TABLE IF NOT EXISTS `tbl_item_alternatives` (
  `alternative_id` int(11) NOT NULL AUTO_INCREMENT,
  `item_id` int(11) NOT NULL,
  `description` varchar(500) DEFAULT NULL,
  `alternative_item_id` int(11) DEFAULT NULL,
  `added_date` varchar(45) DEFAULT NULL,
  `added_time` varchar(45) DEFAULT NULL,
  `status` int(11) DEFAULT NULL,
  PRIMARY KEY (`alternative_id`),
  KEY `fk_item_id_idx` (`item_id`)
) ENGINE=InnoDB  DEFAULT CHARSET=latin1 AUTO_INCREMENT=5 ;

--
-- Dumping data for table `tbl_item_alternatives`
--

INSERT INTO `tbl_item_alternatives` (`alternative_id`, `item_id`, `description`, `alternative_item_id`, `added_date`, `added_time`, `status`) VALUES
(1, 13, 'rwterte', 37, '2014-18-02', '14:18:9', 1),
(2, 37, 'rwterte', 13, '2014-18-02', '14:18:9', 1),
(3, 10, 'rptorter', 100, '2014-20-02', '14:20:7', 1),
(4, 100, 'rptorter', 10, '2014-20-02', '14:20:7', 1);

-- --------------------------------------------------------

--
-- Table structure for table `tbl_loss_sales_detail`
--

CREATE TABLE IF NOT EXISTS `tbl_loss_sales_detail` (
  `loss_sales_detail_id` int(11) NOT NULL AUTO_INCREMENT,
  `part_id` int(11) DEFAULT NULL,
  `loss_qty` double DEFAULT NULL,
  `loss_type` int(11) DEFAULT NULL COMMENT '1= stock loss sale\n2= value loss sale',
  `loss_date` date DEFAULT NULL,
  `status` int(11) DEFAULT NULL,
  PRIMARY KEY (`loss_sales_detail_id`)
) ENGINE=InnoDB  DEFAULT CHARSET=latin1 AUTO_INCREMENT=15 ;

--
-- Dumping data for table `tbl_loss_sales_detail`
--

INSERT INTO `tbl_loss_sales_detail` (`loss_sales_detail_id`, `part_id`, `loss_qty`, `loss_type`, `loss_date`, `status`) VALUES
(1, 337, 1, 1, '2015-04-04', 2),
(2, 337, 1, 1, '2015-04-04', 2),
(3, 1, 5, 2, '2015-04-04', 2),
(4, 337, 2, 1, '2015-04-16', 2),
(5, 337, 1, 1, '2015-05-09', 2),
(6, 337, 20, 1, '2015-05-19', 2),
(7, 337, 295, 1, '2015-05-19', 2),
(8, 337, 4, 1, '2015-05-21', 2),
(9, 337, 20, 1, '2015-06-05', 2),
(10, 657, 20, 2, '2015-07-08', 2),
(11, 657, 70, 2, '2015-07-17', 2),
(12, 657, 8, 2, '2015-10-10', 2),
(13, 657, 8, 2, '2015-10-10', 2),
(14, 657, 200, 2, '2015-10-30', 2);

-- --------------------------------------------------------

--
-- Table structure for table `tbl_non_sellable_stock`
--

CREATE TABLE IF NOT EXISTS `tbl_non_sellable_stock` (
  `detail_id` int(11) NOT NULL AUTO_INCREMENT,
  `sales_order_id` int(11) DEFAULT NULL,
  `item_id` int(11) DEFAULT NULL,
  `stock_qty` double DEFAULT NULL,
  `added_date` varchar(45) DEFAULT NULL,
  `added_time` varchar(45) DEFAULT NULL,
  `status` int(11) DEFAULT NULL,
  PRIMARY KEY (`detail_id`)
) ENGINE=InnoDB DEFAULT CHARSET=latin1 AUTO_INCREMENT=1 ;

-- --------------------------------------------------------

--
-- Table structure for table `tbl_othesrup_return_details`
--

CREATE TABLE IF NOT EXISTS `tbl_othesrup_return_details` (
  `other_sup_details_id` int(11) NOT NULL AUTO_INCREMENT,
  `return_id` int(11) NOT NULL,
  `stockID` int(50) NOT NULL,
  `ItemID` int(11) NOT NULL,
  `buying_price` double NOT NULL,
  `return_quantity` int(50) NOT NULL,
  `status` int(50) NOT NULL,
  PRIMARY KEY (`other_sup_details_id`)
) ENGINE=InnoDB  DEFAULT CHARSET=latin1 AUTO_INCREMENT=30 ;

--
-- Dumping data for table `tbl_othesrup_return_details`
--

INSERT INTO `tbl_othesrup_return_details` (`other_sup_details_id`, `return_id`, `stockID`, `ItemID`, `buying_price`, `return_quantity`, `status`) VALUES
(2, 10, 36, 659, 0, 2, 1),
(3, 11, 36, 659, 0, 10, 1),
(4, 12, 29, 728, 0, 1, 1),
(5, 13, 24, 144, 790.42, 2, 1),
(6, 14, 40, 1, 3000, 1, 1),
(7, 15, 23, 1, 2000, 1, 1),
(8, 16, 37, 1, 1362.93, 1, 1),
(9, 17, 32, 7, 2000, 1, 1),
(10, 18, 41, 732, 100, 20, 1),
(11, 19, 23, 1, 2000, 1, 1),
(12, 20, 41, 732, 100, 9, 1),
(13, 21, 42, 1, 0, 1, 1),
(14, 21, 42, 5, 0, 2, 1),
(15, 21, 42, 22, 20, 3, 1),
(16, 22, 36, 1, 6000, 20, 1),
(17, 23, 33, 7, 6000, 20, 1),
(18, 24, 41, 732, 100, 1, 1),
(19, 25, 42, 1, 0, 2, 1),
(20, 25, 42, 5, 0, 0, 1),
(21, 25, 42, 22, 20, 2, 1),
(22, 26, 44, 2, 56000, 2000, 1),
(23, 27, 30, 662, 1500, 10, 1),
(24, 28, 30, 662, 1500, 5, 1),
(25, 29, 30, 770, 5000, 1, 1),
(26, 30, 30, 770, 5000, 99, 1),
(27, 31, 72, 782, 400, 200, 1),
(28, 32, 72, 782, 400, 200, 1),
(29, 33, 72, 782, 400, 200, 1);

-- --------------------------------------------------------

--
-- Table structure for table `tbl_othesup_returns`
--

CREATE TABLE IF NOT EXISTS `tbl_othesup_returns` (
  `return_id` int(11) NOT NULL AUTO_INCREMENT,
  `return_date` varchar(150) NOT NULL,
  `return_time` varchar(150) NOT NULL,
  `return_amount` double NOT NULL,
  `status` int(11) NOT NULL,
  `other_return_status` int(11) NOT NULL,
  PRIMARY KEY (`return_id`)
) ENGINE=InnoDB  DEFAULT CHARSET=latin1 AUTO_INCREMENT=34 ;

--
-- Dumping data for table `tbl_othesup_returns`
--

INSERT INTO `tbl_othesup_returns` (`return_id`, `return_date`, `return_time`, `return_amount`, `status`, `other_return_status`) VALUES
(5, '2015-05-07', '23:16:34', 309.12, 1, 0),
(13, '2015-05-08', '08:14:09', 1580.84, 1, 0),
(14, '2015-05-08', '10:17:48', 3000, 1, 0),
(15, '2015-05-08', '10:21:54', 2000, 1, 0),
(16, '2015-05-08', '11:11:55', 1362.93, 1, 0),
(17, '2015-05-08', '11:18:44', 2000, 1, 0),
(18, '2015-05-08', '11:20:27', 2000, 1, 0),
(19, '2015-05-08', '11:25:14', 2000, 1, 0),
(20, '2015-05-08', '14:12:59', 900, 1, 0),
(21, '2015-05-11', '16:03:30', 60, 1, 0),
(22, '2015-05-12', '14:39:22', 120000, 1, 0),
(23, '2015-05-12', '14:40:26', 120000, 1, 0),
(24, '2015-05-15', '09:34:12', 100, 1, 0),
(25, '2015-05-29', '16:53:46', 40, 1, 0),
(26, '2015-06-11', '14:23:13', 112000000, 1, 0),
(27, '2015-10-15', '10:04:52', 15000, 1, 0),
(28, '2015-11-19', '10:00:35', 7500, 1, 0),
(29, '2016-01-19', '11:20:34', 5000, 1, 0),
(30, '2016-01-19', '11:43:29', 495000, 1, 0),
(31, '2016-01-19', '11:47:49', 80000, 1, 0),
(32, '2016-01-19', '11:57:20', 80000, 1, 0),
(33, '2016-01-19', '12:00:04', 80000, 1, 0);

-- --------------------------------------------------------

--
-- Table structure for table `tbl_paymentsupplier`
--

CREATE TABLE IF NOT EXISTS `tbl_paymentsupplier` (
  `supplier_ID` int(10) NOT NULL AUTO_INCREMENT,
  `invoice_no` varchar(20) NOT NULL,
  `supplier_name` varchar(200) NOT NULL,
  `date` varchar(20) NOT NULL,
  `time` varchar(20) NOT NULL,
  `amount` double NOT NULL,
  `remarks` varchar(200) NOT NULL,
  `status` int(10) NOT NULL,
  PRIMARY KEY (`supplier_ID`)
) ENGINE=InnoDB  DEFAULT CHARSET=latin1 AUTO_INCREMENT=13 ;

--
-- Dumping data for table `tbl_paymentsupplier`
--

INSERT INTO `tbl_paymentsupplier` (`supplier_ID`, `invoice_no`, `supplier_name`, `date`, `time`, `amount`, `remarks`, `status`) VALUES
(1, '1', 'DIMO', '2015-04-21', '8', 200, 'Good', 0),
(2, '222', 'DIMO', '2015-04-28', '8', 2000, 'Good', 1),
(3, '2', 'tvs', '2015-05-20', '8', 2001, 'Good', 1),
(4, '4', 'tvs', '2015-05-22', '10:45:10', 111, 'df', 1),
(5, '5', 'tvs', '2015-05-22', '16:48:33', 2, 'df', 1),
(6, '7777', 'gf', '2015-05-22', '17:01:04', 8999, '8', 0),
(7, '22', 'ddd', '2015-05-23', '10:27:58', 3444, 'fffg', 0),
(8, '43445', 'TVS', '2015-05-23', '10:43:40', 5000, '1', 1),
(9, '2334', 'DIMO', '2015-05-23', '10:46:12', 78555, '1', 1),
(10, '002', 'tvs', '2015-06-04', '15:57:45', 20000, '-', 1),
(11, '003', 'TVSS', '2015-06-11', '14:39:03', 2000, '-', 1),
(12, '111', 'ddd', '2015-07-18', '12:59:49', 2333, '78', 0);

-- --------------------------------------------------------

--
-- Table structure for table `tbl_return_admin`
--

CREATE TABLE IF NOT EXISTS `tbl_return_admin` (
  `return_admin_id` int(11) NOT NULL AUTO_INCREMENT,
  `dealer_return_id` int(11) DEFAULT NULL,
  `return_note_no` varchar(45) DEFAULT NULL,
  `accepted_date` varchar(45) DEFAULT NULL,
  `accepted_time` varchar(45) DEFAULT NULL,
  `time_stamp` varchar(45) DEFAULT NULL,
  `status` int(11) DEFAULT NULL,
  PRIMARY KEY (`return_admin_id`)
) ENGINE=InnoDB  DEFAULT CHARSET=latin1 AUTO_INCREMENT=24 ;

--
-- Dumping data for table `tbl_return_admin`
--

INSERT INTO `tbl_return_admin` (`return_admin_id`, `dealer_return_id`, `return_note_no`, `accepted_date`, `accepted_time`, `time_stamp`, `status`) VALUES
(1, 3, '2731PLC00000', '2015-03-04', '22:32:07', '2015-03-04 22:32:07', 1),
(2, 1, '2731PLC00000', '2015-03-05', '22:29:47', '2015-03-05 22:29:47', 1),
(3, 2, '2731PLC00001', '2015-05-07', '11:59:41', '2015-05-07 11:59:41', 1),
(4, 21, '2731PLC00002', '2015-10-14', '14:48:33', '2015-10-14 14:48:33', 1),
(5, 21, '2731PLC00003', '2015-10-14', '14:48:41', '2015-10-14 14:48:41', 1),
(6, 21, '2731PLC00004', '2015-10-14', '14:49:08', '2015-10-14 14:49:08', 1),
(7, 21, '2731PLC00005', '2015-10-14', '14:49:21', '2015-10-14 14:49:21', 1),
(8, 21, '2731PLC00006', '2015-10-14', '14:52:32', '2015-10-14 14:52:32', 1),
(9, 25, '2731PLC00007', '2015-10-16', '16:28:34', '2015-10-16 16:28:34', 1),
(10, 26, '2731PLC00008', '2015-10-17', '08:50:47', '2015-10-17 08:50:47', 1),
(11, 27, '2731PLC00009', '2015-10-17', '09:25:15', '2015-10-17 09:25:15', 1),
(12, 26, '2731PLC00012', '2015-10-17', '10:36:45', '2015-10-17 10:36:45', 1),
(13, 26, '2731PLC00014', '2015-10-17', '10:50:45', '2015-10-17 10:50:45', 1),
(14, 24, '2731PLC00017', '2015-10-17', '12:08:47', '2015-10-17 12:08:47', 1),
(15, 26, '2731PLC00018', '2015-10-17', '12:08:57', '2015-10-17 12:08:57', 1),
(16, 23, '2731PLC00019', '2015-10-17', '12:09:51', '2015-10-17 12:09:51', 1),
(17, 25, '2731PLC00022', '2015-10-19', '12:38:13', '2015-10-19 12:38:13', 1),
(18, 26, '2731PLC00023', '2015-10-19', '15:48:47', '2015-10-19 15:48:47', 1),
(19, 27, '2731PLC00026', '2015-10-19', '15:56:21', '2015-10-19 15:56:21', 1),
(20, 37, '2731PLC00024', '2015-10-19', '15:48:59', '2015-10-19 15:48:59', 1),
(21, 27, '2731PLC00036', '2015-10-23', '11:11:43', '2015-10-23 11:11:43', 1),
(22, 31, '', '2015-10-23', '11:35:46', '2015-10-23 11:35:46', 1),
(23, 36, '2731PLC00039', '2015-10-23', '11:15:40', '2015-10-23 11:15:40', 1);

-- --------------------------------------------------------

--
-- Table structure for table `tbl_return_admin_detail`
--

CREATE TABLE IF NOT EXISTS `tbl_return_admin_detail` (
  `return_admin_detail` int(11) NOT NULL AUTO_INCREMENT,
  `return_admin_id` int(11) DEFAULT NULL,
  `item_id` int(11) DEFAULT NULL,
  `admin_accepted_qty` double DEFAULT NULL,
  `admin_remarks` varchar(1000) DEFAULT NULL,
  `status` int(11) DEFAULT NULL,
  PRIMARY KEY (`return_admin_detail`)
) ENGINE=InnoDB  DEFAULT CHARSET=latin1 AUTO_INCREMENT=155 ;

--
-- Dumping data for table `tbl_return_admin_detail`
--

INSERT INTO `tbl_return_admin_detail` (`return_admin_detail`, `return_admin_id`, `item_id`, `admin_accepted_qty`, `admin_remarks`, `status`) VALUES
(1, 1, 363, 1, 'accepted', 1),
(2, 1, 509, 2, 'accepted', 1),
(3, 1, 325, 1, 'accepted', 1),
(4, 1, 510, 1, 'accepted', 1),
(5, 1, 511, 2, 'accepted', 1),
(6, 2, 506, 1, '345', 1),
(7, 2, 79, 3, '454', 1),
(8, 2, 507, 1, '4533', 1),
(9, 3, 511, 0, '', 1),
(10, 4, 113, 0, '', 1),
(11, 6, 113, 0, '', 1),
(12, 6, 113, 0, '', 1),
(13, 6, 113, 0, '', 1),
(14, 6, 113, 0, '', 1),
(15, 5, 113, 0, '', 1),
(16, 6, 113, 0, '', 1),
(17, 6, 113, 0, '', 1),
(18, 6, 113, 0, '', 1),
(19, 6, 113, 0, '', 1),
(20, 6, 113, 0, '', 1),
(21, 6, 113, 0, '', 1),
(22, 7, 113, 0, '', 1),
(23, 6, 113, 0, '', 1),
(24, 8, 113, 0, '', 1),
(25, 9, 209, 1, '', 1),
(26, 9, 760, 1, '', 1),
(27, 9, 761, 1, '', 1),
(28, 9, 640, 6, '', 1),
(29, 9, 552, 5, '', 1),
(30, 9, 638, 2, '', 1),
(31, 10, 504, 8, 'ok', 1),
(32, 10, 107, 2, 'ok', 1),
(33, 10, 318, 1, 'ok', 1),
(34, 10, 505, 0, 'ok', 1),
(35, 10, 353, 8, 'ok', 1),
(36, 10, 475, 0, 'ok', 1),
(37, 10, 144, 7, 'ok', 1),
(38, 11, 274, 5, 'ggggg', 1),
(39, 11, 302, 2, 'hgfg', 1),
(40, 11, 205, 10, 'yty', 1),
(41, 11, 23, 3, 'hhy', 1),
(42, 11, 188, 2, 'thyt', 1),
(43, 11, 187, 3, 'jh', 1),
(44, 11, 759, 2, 'uuyj', 1),
(45, 11, 761, 8, 'h', 1),
(46, 11, 762, 0, 'ghg', 1),
(47, 11, 763, 1, 'gg', 1),
(48, 12, 504, 0, '', 1),
(49, 11, 107, 0, '', 1),
(50, 11, 318, 0, '', 1),
(51, 11, 505, 0, '', 1),
(52, 11, 353, 0, '', 1),
(53, 11, 475, 0, '', 1),
(54, 11, 144, 0, '', 1),
(55, 11, 504, 8, '', 1),
(56, 11, 107, 2, '', 1),
(57, 11, 318, 2, '', 1),
(58, 11, 505, 0, '', 1),
(59, 11, 353, 9, '', 1),
(60, 11, 475, 0, '', 1),
(61, 11, 144, 8, '', 1),
(62, 13, 504, 8, '', 1),
(63, 11, 107, 2, '', 1),
(64, 11, 318, 2, '', 1),
(65, 11, 505, 0, '', 1),
(66, 11, 353, 9, '', 1),
(67, 11, 475, 0, '', 1),
(68, 11, 144, 8, '', 1),
(69, 14, 483, 0, '', 1),
(70, 11, 262, 0, '', 1),
(71, 11, 522, 0, '', 1),
(72, 11, 319, 0, '', 1),
(73, 11, 164, 0, '', 1),
(74, 11, 154, 0, '', 1),
(75, 11, 742, 0, '', 1),
(76, 11, 743, 0, '', 1),
(77, 11, 386, 0, '', 1),
(78, 11, 120, 0, '', 1),
(79, 11, 187, 0, '', 1),
(80, 11, 23, 0, '', 1),
(81, 15, 144, 0, '', 1),
(82, 11, 504, 0, '', 1),
(83, 11, 107, 0, '', 1),
(84, 11, 318, 0, '', 1),
(85, 11, 505, 0, '', 1),
(86, 11, 353, 0, '', 1),
(87, 11, 475, 0, '', 1),
(88, 16, 168, 0, '', 1),
(89, 11, 730, 0, '', 1),
(90, 11, 731, 0, '', 1),
(91, 17, 640, 0, '', 1),
(92, 14, 552, 0, '', 1),
(93, 14, 638, 0, '', 1),
(94, 14, 209, 0, '', 1),
(95, 14, 760, 0, '', 1),
(96, 14, 761, 0, '', 1),
(97, 18, 504, 0, '', 1),
(98, 22, 107, 0, '', 1),
(99, 22, 318, 0, '', 1),
(100, 22, 505, 0, '', 1),
(101, 22, 353, 0, '', 1),
(102, 22, 475, 0, '', 1),
(103, 22, 144, 0, '', 1),
(104, 19, 763, 0, '', 1),
(105, 22, 23, 0, '', 1),
(106, 22, 274, 0, '', 1),
(107, 22, 188, 0, '', 1),
(108, 22, 302, 0, '', 1),
(109, 22, 187, 0, '', 1),
(110, 22, 759, 0, '', 1),
(111, 22, 761, 0, '', 1),
(112, 22, 762, 0, '', 1),
(113, 22, 763, 0, '', 1),
(114, 22, 274, 0, '', 1),
(115, 22, 302, 0, '', 1),
(116, 22, 205, 0, '', 1),
(117, 22, 23, 0, '', 1),
(118, 22, 188, 0, '', 1),
(119, 22, 187, 0, '', 1),
(120, 22, 759, 0, '', 1),
(121, 22, 761, 0, '', 1),
(122, 22, 762, 0, '', 1),
(123, 22, 205, 0, '', 1),
(124, 20, 181, 0, '', 1),
(125, 22, 47, 0, '', 1),
(126, 22, 62, 0, '', 1),
(127, 21, 23, 0, '', 1),
(128, 24, 188, 0, '', 1),
(129, 24, 187, 0, '', 1),
(130, 24, 759, 0, '', 1),
(131, 24, 761, 0, '', 1),
(132, 24, 762, 0, '', 1),
(133, 24, 205, 0, '', 1),
(134, 24, 763, 0, '', 1),
(135, 24, 23, 0, '', 1),
(136, 24, 188, 0, '', 1),
(137, 24, 274, 0, '', 1),
(138, 24, 187, 0, '', 1),
(139, 24, 302, 0, '', 1),
(140, 24, 759, 0, '', 1),
(141, 24, 761, 0, '', 1),
(142, 24, 762, 0, '', 1),
(143, 24, 763, 0, '', 1),
(144, 24, 274, 0, '', 1),
(145, 24, 302, 0, '', 1),
(146, 24, 205, 0, '', 1),
(147, 22, 771, 0, '', 1),
(148, 24, 771, 0, '', 1),
(149, 24, 771, 0, '', 1),
(150, 23, 501, 0, '', 1),
(151, 24, 374, 0, '', 1),
(152, 24, 502, 0, '', 1),
(153, 24, 139, 0, '', 1),
(154, 24, 135, 0, '', 1);

-- --------------------------------------------------------

--
-- Table structure for table `tbl_return_rep`
--

CREATE TABLE IF NOT EXISTS `tbl_return_rep` (
  `return_rep_id` int(11) NOT NULL AUTO_INCREMENT,
  `dealer_return_id` int(11) DEFAULT NULL,
  `accepted_date` varchar(45) DEFAULT NULL,
  `accepted_time` varchar(45) DEFAULT NULL,
  `rep` varchar(500) DEFAULT NULL,
  `time_stamp` varchar(45) DEFAULT NULL,
  `status` int(11) DEFAULT NULL,
  `return_note_no` varchar(45) DEFAULT NULL,
  PRIMARY KEY (`return_rep_id`)
) ENGINE=InnoDB  DEFAULT CHARSET=latin1 AUTO_INCREMENT=28 ;

--
-- Dumping data for table `tbl_return_rep`
--

INSERT INTO `tbl_return_rep` (`return_rep_id`, `dealer_return_id`, `accepted_date`, `accepted_time`, `rep`, `time_stamp`, `status`, `return_note_no`) VALUES
(1, 3, '2015-03-04', '22:30:56', 'LankeshWeerathunga', '2015-03-04 22:30:56', 1, NULL),
(2, 1, '2015-03-05', '22:28:45', 'LankeshWeerathunga', '2015-03-05 22:28:45', 1, NULL),
(3, 2, '2015-03-05', '22:52:40', 'LankeshWeerathunga', '2015-03-05 22:52:40', 1, NULL),
(4, 20, '2015-10-14', '13:59:59', 'LankeshWeerathunga', '2015-10-14 13:59:59', 1, NULL),
(5, 21, '2015-10-14', '14:00:11', 'LankeshWeerathunga', '2015-10-14 14:00:11', 1, NULL),
(6, 3, '2015-10-14', '14:03:50', 'LankeshWeerathunga', '2015-10-14 14:03:50', 1, NULL),
(7, 23, '2015-10-16', '14:13:48', 'LankeshWeerathunga', '2015-10-16 14:13:48', 1, NULL),
(8, 24, '2015-10-16', '14:27:22', 'LankeshWeerathunga', '2015-10-16 14:27:22', 1, NULL),
(9, 25, '2015-10-16', '16:26:30', 'LankeshWeerathunga', '2015-10-16 16:26:30', 1, NULL),
(10, 26, '2015-10-17', '08:46:51', 'LankeshWeerathunga', '2015-10-17 08:46:51', 1, NULL),
(11, 27, '2015-10-17', '09:24:04', 'LankeshWeerathunga', '2015-10-17 09:24:04', 1, NULL),
(12, 29, '2015-10-19', '10:20:07', 'LankeshWeerathunga', '2015-10-19 10:20:07', 1, NULL),
(13, 26, '2015-10-19', '11:51:56', 'LankeshWeerathunga', '2015-10-19 11:51:56', 1, NULL),
(14, 30, '2015-10-19', '12:34:20', 'LankeshWeerathunga', '2015-10-19 12:34:20', 1, NULL),
(15, 27, '2015-10-19', '14:29:04', 'LankeshWeerathunga', '2015-10-19 14:29:04', 1, NULL),
(16, 31, '2015-10-19', '14:33:46', 'LankeshWeerathunga', '2015-10-19 14:33:46', 1, NULL),
(17, 33, '2015-10-19', '14:36:54', 'LankeshWeerathunga', '2015-10-19 14:36:54', 1, NULL),
(18, 32, '2015-10-19', '14:43:54', 'LankeshWeerathunga', '2015-10-19 14:43:54', 1, '2731PLC00023'),
(19, 34, '2015-10-19', '15:08:44', 'LankeshWeerathunga', '2015-10-19 15:08:44', 1, '2731PLC00023'),
(20, 35, '2015-10-19', '15:37:46', 'LankeshWeerathunga', '2015-10-19 15:37:46', 1, '2731PLC00000'),
(21, 36, '2015-10-19', '15:40:29', 'LankeshWeerathunga', '2015-10-19 15:40:29', 1, '2731PLC00000'),
(22, 37, '2015-10-19', '15:44:58', 'LankeshWeerathunga', '2015-10-19 15:44:58', 1, '2731PLC00026'),
(23, 38, '2015-10-23', '11:14:13', 'LankeshWeerathunga', '2015-10-23 11:14:13', 1, '2731PLC00039'),
(24, 39, '2015-10-21', '15:21:26', 'LankeshWeerathunga', '2015-10-21 15:21:26', 1, '2731PLC00036'),
(25, 39, '2016-01-13', '16:42:12', 'LankeshWeerathunga', '2016-01-13 16:42:12', 1, ''),
(26, 41, '2016-01-18', '13:03:26', 'LankeshWeerathunga', '2016-01-18 13:03:26', 1, '2731PLC00034'),
(27, 42, '2016-01-18', '13:05:25', 'LankeshWeerathunga', '2016-01-18 13:05:25', 1, '');

-- --------------------------------------------------------

--
-- Table structure for table `tbl_return_rep_detail`
--

CREATE TABLE IF NOT EXISTS `tbl_return_rep_detail` (
  `return_rep_detail_id` int(11) NOT NULL AUTO_INCREMENT,
  `return_rep_id` int(11) DEFAULT NULL,
  `item_id` int(11) DEFAULT NULL,
  `rep_accepted_qty` double DEFAULT NULL,
  `rep_remarks` varchar(1000) DEFAULT NULL,
  `status` int(11) DEFAULT NULL,
  PRIMARY KEY (`return_rep_detail_id`)
) ENGINE=InnoDB  DEFAULT CHARSET=latin1 AUTO_INCREMENT=171 ;

--
-- Dumping data for table `tbl_return_rep_detail`
--

INSERT INTO `tbl_return_rep_detail` (`return_rep_detail_id`, `return_rep_id`, `item_id`, `rep_accepted_qty`, `rep_remarks`, `status`) VALUES
(1, 1, 363, 1, 'accepted', 1),
(2, 1, 509, 2, 'accepted', 1),
(3, 1, 325, 1, 'accepted', 1),
(4, 1, 510, 1, 'accepted', 1),
(5, 1, 511, 2, 'accepted', 1),
(6, 2, 506, 1, 'ok', 1),
(7, 2, 79, 3, '3 is ok', 1),
(8, 2, 507, 1, 'ok', 1),
(9, 3, 511, 2, '2', 1),
(10, 4, 88, 0, '', 1),
(11, 4, 363, 0, '', 1),
(12, 5, 321, 0, '', 1),
(13, 5, 623, 0, '', 1),
(14, 5, 113, 0, '', 1),
(15, 6, 308, 0, '', 1),
(16, 6, 107, 0, '', 1),
(17, 7, 730, 0, '', 1),
(18, 7, 731, 0, '', 1),
(19, 7, 168, 0, '', 1),
(20, 8, 187, 0, '', 1),
(21, 8, 23, 0, '', 1),
(22, 8, 483, 0, '', 1),
(23, 8, 262, 0, '', 1),
(24, 8, 522, 0, '', 1),
(25, 8, 319, 0, '', 1),
(26, 8, 164, 0, '', 1),
(27, 8, 154, 0, '', 1),
(28, 8, 742, 0, '', 1),
(29, 8, 743, 0, '', 1),
(30, 8, 386, 0, '', 1),
(31, 8, 120, 0, '', 1),
(32, 9, 640, 6, '', 1),
(33, 9, 552, 5, '', 1),
(34, 9, 638, 3, '', 1),
(35, 9, 209, 2, '', 1),
(36, 9, 760, 10, '', 1),
(37, 9, 761, 1, '', 1),
(38, 10, 318, 2, '3', 1),
(39, 10, 505, 0, '4', 1),
(40, 10, 353, 9, '5', 1),
(41, 10, 475, 0, '6', 1),
(42, 10, 144, 8, '7', 1),
(43, 10, 504, 8, '1', 1),
(44, 10, 107, 2, '2', 1),
(45, 11, 205, 10, 'sd', 1),
(46, 11, 23, 3, 'df', 1),
(47, 11, 188, 2, 'dfgtht', 1),
(48, 11, 187, 3, 'tnhg', 1),
(49, 11, 759, 2, 'hh', 1),
(50, 11, 761, 8, 'gjh', 1),
(51, 11, 762, 0, 'hhn', 1),
(52, 11, 763, 1, 'mhm', 1),
(53, 11, 274, 5, 'hhh', 1),
(54, 11, 302, 2, 'tht', 1),
(55, 12, 525, 0, '', 1),
(56, 12, 188, 0, '', 1),
(57, 12, 306, 0, '', 1),
(58, 12, 526, 0, '', 1),
(59, 12, 187, 0, '', 1),
(60, 12, 219, 0, '', 1),
(61, 12, 23, 0, '', 1),
(62, 12, 118, 0, '', 1),
(63, 12, 289, 0, '', 1),
(64, 12, 736, 0, '', 1),
(65, 12, 363, 0, '', 1),
(66, 12, 737, 0, '', 1),
(67, 12, 110, 0, '', 1),
(68, 12, 730, 0, '', 1),
(69, 12, 335, 0, '', 1),
(70, 12, 193, 0, '', 1),
(71, 12, 89, 6, '', 1),
(72, 12, 314, 0, '', 1),
(73, 12, 433, 0, '', 1),
(74, 12, 90, 6, '', 1),
(75, 12, 348, 0, '', 1),
(76, 12, 593, 0, '', 1),
(77, 12, 85, 0, '', 1),
(78, 12, 66, 0, '', 1),
(79, 12, 359, 0, '', 1),
(80, 12, 106, 0, '', 1),
(81, 12, 734, 0, '', 1),
(82, 13, 504, 10, 'ss', 1),
(83, 13, 107, 4, 'sss', 1),
(84, 13, 318, 5, 'ss', 1),
(85, 13, 505, 1, 'ss', 1),
(86, 13, 353, 10, 'ss', 1),
(87, 13, 475, 2, 'ss', 1),
(88, 13, 144, 10, 'dd', 1),
(89, 14, 732, 0, '', 1),
(90, 15, 205, 0, '', 1),
(91, 15, 23, 0, '', 1),
(92, 15, 188, 0, '', 1),
(93, 15, 187, 0, '', 1),
(94, 15, 759, 0, '', 1),
(95, 15, 761, 0, '', 1),
(96, 15, 762, 0, '', 1),
(97, 15, 763, 0, '', 1),
(98, 15, 274, 0, '', 1),
(99, 15, 302, 0, '', 1),
(100, 16, 771, 0, '', 1),
(101, 17, 772, 0, '', 1),
(102, 17, 482, 0, '', 1),
(103, 18, 120, 0, '', 1),
(104, 18, 118, 0, '', 1),
(105, 18, 116, 0, '', 1),
(106, 18, 135, 0, '', 1),
(107, 18, 137, 0, '', 1),
(108, 18, 144, 0, '', 1),
(109, 18, 529, 0, '', 1),
(110, 19, 645, 0, '', 1),
(111, 19, 750, 0, '', 1),
(112, 19, 385, 0, '', 1),
(113, 19, 277, 0, '', 1),
(114, 19, 329, 0, '', 1),
(115, 19, 332, 0, '', 1),
(116, 19, 622, 0, '', 1),
(117, 19, 751, 0, '', 1),
(118, 19, 14, 0, '', 1),
(119, 19, 752, 0, '', 1),
(120, 19, 759, 0, '', 1),
(121, 19, 753, 0, '', 1),
(122, 19, 749, 0, '', 1),
(123, 19, 754, 0, '', 1),
(124, 19, 506, 0, '', 1),
(125, 19, 325, 0, '', 1),
(126, 19, 612, 0, '', 1),
(127, 19, 386, 0, '', 1),
(128, 19, 254, 0, '', 1),
(129, 20, 257, 0, '', 1),
(130, 20, 386, 0, '', 1),
(131, 20, 645, 0, '', 1),
(132, 20, 204, 0, '', 1),
(133, 20, 385, 0, '', 1),
(134, 20, 107, 0, '', 1),
(135, 20, 736, 0, '', 1),
(136, 20, 506, 0, '', 1),
(137, 20, 737, 0, '', 1),
(138, 20, 481, 0, '', 1),
(139, 20, 531, 0, '', 1),
(140, 20, 589, 0, '', 1),
(141, 20, 171, 0, '', 1),
(142, 20, 11, 0, '', 1),
(143, 20, 273, 0, '', 1),
(144, 21, 501, 0, '', 1),
(145, 21, 374, 0, '', 1),
(146, 21, 502, 0, '', 1),
(147, 21, 139, 0, '', 1),
(148, 21, 135, 0, '', 1),
(149, 22, 181, 0, '', 1),
(150, 22, 47, 0, '', 1),
(151, 22, 62, 0, '', 1),
(152, 23, 107, 0, '', 1),
(153, 23, 481, 0, '', 1),
(154, 23, 414, 0, '', 1),
(155, 23, 773, 0, '', 1),
(156, 23, 321, 0, '', 1),
(157, 23, 107, 0, '', 1),
(158, 23, 774, 0, '', 1),
(159, 23, 481, 0, '', 1),
(160, 23, 414, 0, '', 1),
(161, 23, 321, 0, '', 1),
(162, 23, 774, 0, '', 1),
(163, 23, 773, 0, '', 1),
(164, 24, 630, 1, '', 1),
(165, 24, 631, 0, '', 1),
(166, 25, 734, 1, '', 1),
(167, 26, 116, 3, 'hh', 1),
(168, 26, 23, 0, 'hh', 1),
(169, 27, 575, 0, '', 1),
(170, 27, 564, 0, '', 1);

-- --------------------------------------------------------

--
-- Table structure for table `tbl_search_key`
--

CREATE TABLE IF NOT EXISTS `tbl_search_key` (
  `search_key_id` int(11) NOT NULL AUTO_INCREMENT,
  `key_name` varchar(500) DEFAULT NULL,
  `description` varchar(45) DEFAULT NULL,
  `added_date` varchar(45) DEFAULT NULL,
  `added_time` varchar(45) DEFAULT NULL,
  `status` int(11) DEFAULT NULL,
  PRIMARY KEY (`search_key_id`)
) ENGINE=InnoDB  DEFAULT CHARSET=latin1 AUTO_INCREMENT=3 ;

--
-- Dumping data for table `tbl_search_key`
--

INSERT INTO `tbl_search_key` (`search_key_id`, `key_name`, `description`, `added_date`, `added_time`, `status`) VALUES
(1, 'brake parts', '-', '2014-08-22', '22:12:37', 1),
(2, 'filters', '--', '2014-10-29', '09:59:29', 1);

-- --------------------------------------------------------

--
-- Table structure for table `tbl_sellscommision`
--

CREATE TABLE IF NOT EXISTS `tbl_sellscommision` (
  `sells_id` int(11) NOT NULL AUTO_INCREMENT,
  `added_date` varchar(150) NOT NULL,
  `added_time` varchar(150) NOT NULL,
  `amount` double NOT NULL,
  `status` int(11) NOT NULL,
  `paid_status` int(11) NOT NULL DEFAULT '0' COMMENT '0=paid',
  PRIMARY KEY (`sells_id`)
) ENGINE=InnoDB  DEFAULT CHARSET=latin1 AUTO_INCREMENT=52 ;

--
-- Dumping data for table `tbl_sellscommision`
--

INSERT INTO `tbl_sellscommision` (`sells_id`, `added_date`, `added_time`, `amount`, `status`, `paid_status`) VALUES
(1, '2015-05-12', '14:13:38', 0, 1, 0),
(2, '2015-05-12', '14:14:48', 0, 1, 0),
(3, '2015-05-12', '14:27:48', 0, 1, 0),
(4, '2015-05-12', '14:27:56', 0, 1, 0),
(5, '2015-05-12', '15:38:27', 0, 1, 0),
(6, '2015-05-13', '09:27:51', 0, 1, 0),
(7, '2015-05-13', '09:53:23', 0, 1, 0),
(8, '2015-05-13', '11:11:11', 0, 1, 0),
(9, '2015-05-14', '08:59:45', 0, 1, 0),
(10, '2015-05-14', '10:14:20', 500, 1, 0),
(11, '2015-05-14', '10:14:26', 500, 1, 0),
(12, '2015-05-14', '10:43:06', 60, 1, 0),
(13, '2015-05-14', '14:00:03', 30.36, 1, 0),
(14, '2015-05-14', '14:00:30', 471.25, 1, 0),
(15, '2015-05-14', '14:05:23', 240, 1, 0),
(16, '2015-05-14', '14:14:51', 0, 1, 0),
(17, '2015-05-14', '14:34:07', 40.88, 1, 0),
(18, '2015-05-14', '14:50:57', 0, 1, 0),
(19, '2015-05-14', '16:04:12', 30.36, 1, 0),
(20, '2015-05-14', '16:13:13', 0, 1, 0),
(21, '2015-05-14', '16:22:50', 0, 1, 0),
(22, '2015-05-14', '16:25:19', 0, 1, 0),
(23, '2015-05-14', '16:32:21', 0, 1, 0),
(24, '2015-05-14', '16:34:34', 0, 1, 0),
(25, '2015-05-15', '08:21:56', 0, 1, 0),
(26, '2015-05-15', '08:24:56', 89.91, 1, 0),
(27, '2015-05-15', '08:28:55', 81.78, 1, 0),
(28, '2015-05-15', '08:47:22', 40.89, 1, 0),
(29, '2015-05-15', '08:54:25', 60.32, 1, 0),
(30, '2015-05-15', '09:30:31', 110.86, 1, 0),
(31, '2015-05-15', '10:16:53', 0, 1, 0),
(32, '2015-05-15', '10:17:12', 0, 1, 0),
(33, '2015-05-15', '10:25:39', 30.36, 1, 0),
(34, '2015-05-15', '10:32:41', 0, 1, 0),
(35, '2015-05-16', '10:25:51', 1185749.1, 1, 0),
(36, '2015-05-18', '08:24:24', 0, 1, 0),
(37, '2015-05-18', '08:24:36', 0, 1, 0),
(38, '2015-05-18', '08:24:57', 0, 1, 0),
(39, '2015-05-20', '13:38:35', 81.78, 1, 0),
(40, '2015-05-20', '13:55:18', 40.89, 1, 0),
(41, '2015-05-21', '15:17:40', 81.78, 1, 0),
(42, '2015-05-25', '13:39:57', 204.44, 1, 0),
(43, '2015-05-28', '12:06:21', 1267.53, 1, 0),
(44, '2015-06-11', '14:36:50', 81.78, 1, 0),
(45, '2015-06-11', '14:37:47', 501.61, 1, 0),
(46, '2015-10-10', '08:17:57', 2862.15, 1, 0),
(47, '2015-10-10', '08:18:13', 286.22, 1, 0),
(48, '2015-10-12', '08:43:22', 2023.98, 1, 0),
(49, '2016-01-20', '13:03:27', 0, 1, 0),
(50, '2016-01-21', '09:54:40', 0, 1, 0),
(51, '2016-01-21', '09:54:45', 0, 1, 0);

-- --------------------------------------------------------

--
-- Table structure for table `tbl_sellscommisiondetails`
--

CREATE TABLE IF NOT EXISTS `tbl_sellscommisiondetails` (
  `detailID` int(11) NOT NULL AUTO_INCREMENT,
  `sells_id` int(11) NOT NULL,
  `ItemID` int(11) NOT NULL,
  `OrderID` int(11) NOT NULL,
  `employee_id` int(11) NOT NULL,
  `commision` double NOT NULL,
  `status` int(11) NOT NULL,
  PRIMARY KEY (`detailID`)
) ENGINE=InnoDB  DEFAULT CHARSET=latin1 AUTO_INCREMENT=78 ;

--
-- Dumping data for table `tbl_sellscommisiondetails`
--

INSERT INTO `tbl_sellscommisiondetails` (`detailID`, `sells_id`, `ItemID`, `OrderID`, `employee_id`, `commision`, `status`) VALUES
(7, 4, 1, 133, 1, 41, 1),
(8, 5, 144, 3, 1, 44.36, 1),
(14, 8, 729, 63, 2, 0, 1),
(15, 9, 1, 145, 1, 40.89, 1),
(18, 12, 1, 52, 1, 30.33, 1),
(19, 12, 1, 41, 2, 30.33, 1),
(20, 13, 1, 47, 6, 30.36, 1),
(21, 14, 1, 49, 6, 30.36, 1),
(22, 14, 730, 87, 6, 400, 1),
(23, 14, 1, 93, 6, 40.89, 1),
(24, 15, 732, 89, 2, 240, 1),
(25, 17, 22, 1, 2, 18.72, 1),
(29, 18, 79, 4, 1, 41.6, 1),
(31, 19, 23, 45, 6, 0, 1),
(35, 22, 144, 39, 2, 22.16, 1),
(36, 23, 68, 27, 1, 0, 1),
(38, 24, 138, 100, 7, 0, 1),
(40, 26, 137, 2, 1, 89.91, 1),
(41, 27, 1, 130, 1, 81.78, 1),
(42, 28, 1, 113, 6, 40.89, 1),
(45, 30, 510, 11, 1, 54.08, 1),
(46, 30, 79, 17, 1, 41.6, 1),
(47, 30, 204, 26, 1, 15.18, 1),
(50, 32, 156, 46, 2, 0, 1),
(51, 33, 1, 55, 2, 30.36, 1),
(52, 34, 129, 43, 1, 0, 1),
(53, 34, 129, 44, 1, 0, 1),
(54, 35, 1, 163, 4, 1185749.1, 1),
(56, 37, 87, 114, 6, 0, 1),
(57, 38, 318, 73, 4, 0, 1),
(58, 39, 1, 180, 1, 81.78, 1),
(59, 40, 1, 184, 1, 40.89, 1),
(60, 41, 1, 185, 1, 81.78, 1),
(61, 42, 1, 198, 1, 204.44, 1),
(62, 43, 1, 202, 1, 817.76, 1),
(63, 43, 1, 203, 1, 204.44, 1),
(64, 43, 1, 204, 1, 163.55, 1),
(65, 43, 1, 205, 1, 81.78, 1),
(66, 44, 1, 244, 10, 81.78, 1),
(67, 45, 1, 47, 6, 30.36, 1),
(68, 45, 1, 49, 6, 30.36, 1),
(69, 45, 730, 87, 6, 400, 1),
(70, 45, 1, 93, 6, 40.89, 1),
(71, 46, 1, 273, 1, 2862.15, 1),
(72, 47, 1, 272, 1, 286.22, 1),
(73, 48, 1, 15, 7, 2023.98, 1),
(74, 49, 1, 1, 1, 40, 1),
(75, 49, 770, 3, 1, 1440000, 1),
(76, 50, 725, 4, 1, 780000, 1),
(77, 51, 6, 2, 1, 23400, 1);

-- --------------------------------------------------------

--
-- Table structure for table `tbl_service`
--

CREATE TABLE IF NOT EXISTS `tbl_service` (
  `service_id` int(11) NOT NULL AUTO_INCREMENT,
  `service_name` varchar(1000) DEFAULT NULL,
  `service_cost` varchar(45) DEFAULT NULL,
  `service_charge` double DEFAULT NULL,
  `service_code` varchar(45) DEFAULT NULL,
  `remarks` varchar(500) DEFAULT NULL,
  `added_date` varchar(45) DEFAULT NULL,
  `added_time` varchar(45) DEFAULT NULL,
  `status` int(11) DEFAULT NULL,
  PRIMARY KEY (`service_id`)
) ENGINE=InnoDB  DEFAULT CHARSET=latin1 AUTO_INCREMENT=9 ;

--
-- Dumping data for table `tbl_service`
--

INSERT INTO `tbl_service` (`service_id`, `service_name`, `service_cost`, `service_charge`, `service_code`, `remarks`, `added_date`, `added_time`, `status`) VALUES
(1, 'Service1', '651656', 33434, 'S1', '32424', '2015-03-01', '17:03:22', 1),
(2, 'fgfg', '2000.00', 22000, 's2', '', '2015-03-06', '17:00:28', 1),
(3, 'service3', '20000', 15000, 's3', '322', '2015-03-07', '09:11:31', 1),
(4, 'ssdf', '20', 25, 's4', '855', '2015-03-09', '10:08:34', 1),
(5, 'service4', '5600.00', 600, 'S3', '88', '2015-03-14', '08:27:40', 0),
(6, 'Service5', '2000.00', 25000, 'S5', '555', '2015-06-04', '13:02:05', 1),
(7, 'Car wash', '1000.00', 100, 'S6', '-', '2015-06-11', '14:13:25', 1),
(8, 'Oil Seice', '1000.00', 1000, 'Oil', 'pi', '2016-01-13', '16:00:37', 1);

-- --------------------------------------------------------

--
-- Table structure for table `tbl_service_detail`
--

CREATE TABLE IF NOT EXISTS `tbl_service_detail` (
  `service_detail_id` int(11) NOT NULL AUTO_INCREMENT,
  `sales_order_id` int(11) DEFAULT NULL,
  `service_id` int(11) DEFAULT NULL,
  `discount_type` int(11) DEFAULT NULL COMMENT '1= percentage\n2= amount',
  `discount_amount` double DEFAULT NULL,
  `current_price` double DEFAULT NULL,
  `service_amount` double DEFAULT NULL,
  `done_by` varchar(1000) DEFAULT NULL,
  `service_qty` double DEFAULT NULL,
  `discount_total` double NOT NULL DEFAULT '0',
  `status` int(11) DEFAULT NULL,
  PRIMARY KEY (`service_detail_id`)
) ENGINE=InnoDB  DEFAULT CHARSET=latin1 AUTO_INCREMENT=12 ;

--
-- Dumping data for table `tbl_service_detail`
--

INSERT INTO `tbl_service_detail` (`service_detail_id`, `sales_order_id`, `service_id`, `discount_type`, `discount_amount`, `current_price`, `service_amount`, `done_by`, `service_qty`, `discount_total`, `status`) VALUES
(1, 1, 1, 1, 0, 33434, 33434, '', 1, 0, 1),
(2, 6, 7, 1, 0, 100, 1000, 'gg', 10, 0, 1),
(3, 8, 1, 0, 7, 33434, 33427, 'kk', 1, 7, 1),
(4, 9, 3, 1, 0, 15000, 15000, 'g', 1, 0, 1),
(5, 11, 7, 1, 0, 100, 10000, '', 100, 0, 1),
(6, 11, 6, 1, 0, 25000, 12500000, '', 500, 0, 1),
(7, 12, 6, 1, 0, 25000, 25000, 'ff', 1, 0, 1),
(8, 26, 1, 1, 0, 33434, 133736, 'll', 4, 0, 1),
(9, 30, 1, 1, 0, 33434, 33434, '', 1, 0, 1),
(10, 31, 1, 1, 0, 33434, 66868, '-', 2, 0, 1),
(11, 34, 1, 1, 4, 33434, 96289.92, '', 3, 4012.08, 1);

-- --------------------------------------------------------

--
-- Table structure for table `tbl_user`
--

CREATE TABLE IF NOT EXISTS `tbl_user` (
  `id` int(11) NOT NULL AUTO_INCREMENT,
  `name` varchar(45) DEFAULT NULL,
  `username` varchar(45) DEFAULT NULL,
  `password` varchar(10000) DEFAULT NULL,
  `privilage` int(11) DEFAULT NULL,
  `status` int(1) DEFAULT NULL,
  `date` varchar(45) DEFAULT NULL,
  `time` varchar(45) DEFAULT NULL,
  `type` varchar(45) DEFAULT NULL,
  PRIMARY KEY (`id`)
) ENGINE=InnoDB  DEFAULT CHARSET=latin1 AUTO_INCREMENT=7 ;

--
-- Dumping data for table `tbl_user`
--

INSERT INTO `tbl_user` (`id`, `name`, `username`, `password`, `privilage`, `status`, `date`, `time`, `type`) VALUES
(5, 'admin', 'admin', '*4ACFE3202A5FF5CF467898FC58AAB1D615029441', 0, 1, '2013-11-16', '12:05:52', 'Admin'),
(6, 'lok', 'user', '*D5D9F81F5542DE067FFF5FF7A4CA4BDD322C578F', 0, 1, '2013-11-16', '12:07:47', 'User');

-- --------------------------------------------------------

--
-- Table structure for table `tbl_vehicle_models`
--

CREATE TABLE IF NOT EXISTS `tbl_vehicle_models` (
  `vehicle_model_id` int(11) NOT NULL AUTO_INCREMENT,
  `vehicle_model_name` varchar(500) NOT NULL,
  `description` varchar(500) DEFAULT NULL,
  `added_date` varchar(45) DEFAULT NULL,
  `added_time` varchar(45) DEFAULT NULL,
  `status` int(11) DEFAULT NULL,
  PRIMARY KEY (`vehicle_model_id`)
) ENGINE=InnoDB  DEFAULT CHARSET=latin1 AUTO_INCREMENT=11 ;

--
-- Dumping data for table `tbl_vehicle_models`
--

INSERT INTO `tbl_vehicle_models` (`vehicle_model_id`, `vehicle_model_name`, `description`, `added_date`, `added_time`, `status`) VALUES
(1, '1210', '-', '2014-08-22', '22:11:28', 1),
(2, '1310', '', '2014-10-29', '09:58:28', 1),
(3, 'tvs', '100', '2015-03-09', '11:46:56', 1),
(4, 'f', 'df', '2015-03-10', '15:11:30', 0),
(5, 'gts5', '3324342', '2015-03-11', '09:41:08', 0),
(6, '22', 'new', '2015-03-07', '09.58.28', 0),
(7, 'tvs22', 'rrr', '2015-03-18', '14:29:08', 0),
(8, 'GTS578', '-', '2015-05-26', '16:05:28', 1),
(9, 'CheryQQ', '-', '2015-06-04', '15:18:45', 1),
(10, '1234', 'oldaa', '2016-01-18', '13:16:51', 1);

--
-- Constraints for dumped tables
--

--
-- Constraints for table `customer_vehicles`
--
ALTER TABLE `customer_vehicles`
  ADD CONSTRAINT `cust_id` FOREIGN KEY (`customer_id`) REFERENCES `customer` (`id`) ON DELETE CASCADE ON UPDATE CASCADE;

--
-- Constraints for table `debtdetail`
--
ALTER TABLE `debtdetail`
  ADD CONSTRAINT `fk_debtid` FOREIGN KEY (`debtid`) REFERENCES `debt` (`debtid`) ON DELETE CASCADE ON UPDATE CASCADE;

/*!40101 SET CHARACTER_SET_CLIENT=@OLD_CHARACTER_SET_CLIENT */;
/*!40101 SET CHARACTER_SET_RESULTS=@OLD_CHARACTER_SET_RESULTS */;
/*!40101 SET COLLATION_CONNECTION=@OLD_COLLATION_CONNECTION */;
